Tue Jan 20 10:42:06 CST 2026 - Running auto trader...
2026-01-20 10:42:07 | INFO | 🔌 Circuit Breaker Status: tripped=False, daily_pnl=-0.01%, trades_today=2
2026-01-20 10:42:07 | INFO | 📂 Loaded 5 trades from /Users/jakobmccleary/Desktop/Stock Predictor/.monitoring/performance_data.json
2026-01-20 10:42:07 | INFO | 📊 Performance Monitor: 5 historical trades loaded
2026-01-20 10:42:08 | INFO | 💰 Account: equity=$46,092.49, buying_power=$74,743.43, starting_capital=$50,000.00
2026-01-20 10:42:08 | INFO | 📋 Trade Log: 13 trades from /Users/jakobmccleary/Desktop/Stock Predictor/trade_log.json
2026-01-20 10:42:08 | INFO | 📊 Stats: 3 closed | Win Rate: 66.7% | Total P&L: $713.09
2026-01-20 10:42:08 | WARNING | 🚫 Max open positions reached (10/10). No new trades.
AEE260220C00105000: Spread stop-loss close failed (trying individual legs): {"code":42210000,"message":"qty must be \u003e 0"}
AEE260220C00105000: stop-loss close failed: {"code":40310000,"message":"account not eligible to trade uncovered option contracts"}
AEE260220C00110000: Spread stop-loss close failed (trying individual legs): {"code":42210000,"message":"qty must be \u003e 0"}
AEE260220C00110000: stop-loss close failed: {"code":40010001,"message":"qty must be \u003e 0"}
Tue Jan 20 10:47:08 CST 2026 - Running auto trader...
2026-01-20 10:47:10 | INFO | 🔌 Circuit Breaker Status: tripped=False, daily_pnl=-0.01%, trades_today=2
2026-01-20 10:47:10 | INFO | 📂 Loaded 5 trades from /Users/jakobmccleary/Desktop/Stock Predictor/.monitoring/performance_data.json
2026-01-20 10:47:10 | INFO | 📊 Performance Monitor: 5 historical trades loaded
2026-01-20 10:47:10 | INFO | 💰 Account: equity=$46,432.80, buying_power=$74,723.74, starting_capital=$50,000.00
2026-01-20 10:47:10 | INFO | 📋 Trade Log: 13 trades from /Users/jakobmccleary/Desktop/Stock Predictor/trade_log.json
2026-01-20 10:47:10 | INFO | 📊 Stats: 3 closed | Win Rate: 66.7% | Total P&L: $713.09
2026-01-20 10:47:10 | WARNING | 🚫 Max open positions reached (10/10). No new trades.
AEE260220C00105000: Spread stop-loss close failed (trying individual legs): {"code":42210000,"message":"qty must be \u003e 0"}
AEE260220C00105000: stop-loss close failed: {"code":40310000,"message":"account not eligible to trade uncovered option contracts"}
AEE260220C00110000: Spread stop-loss close failed (trying individual legs): {"code":42210000,"message":"qty must be \u003e 0"}
AEE260220C00110000: stop-loss close failed: {"code":40010001,"message":"qty must be \u003e 0"}
Tue Jan 20 11:10:19 CST 2026 - Running auto trader...
2026-01-20 11:10:22 | INFO | 🔌 Circuit Breaker Status: tripped=False, daily_pnl=-0.01%, trades_today=2
2026-01-20 11:10:22 | INFO | 📂 Loaded 5 trades from /Users/jakobmccleary/Desktop/Stock Predictor/.monitoring/performance_data.json
2026-01-20 11:10:22 | INFO | 📊 Performance Monitor: 5 historical trades loaded
2026-01-20 11:10:26 | INFO | 💰 Account: equity=$46,712.59, buying_power=$74,723.53, starting_capital=$50,000.00
2026-01-20 11:10:26 | INFO | 📋 Trade Log: 13 trades from /Users/jakobmccleary/Desktop/Stock Predictor/trade_log.json
2026-01-20 11:10:26 | INFO | 📊 Stats: 3 closed | Win Rate: 66.7% | Total P&L: $713.09
2026-01-20 11:10:26 | WARNING | 🚫 Max open positions reached (10/10). No new trades.
AEE260220C00105000: Spread stop-loss close failed (trying individual legs): {"code":42210000,"message":"qty must be \u003e 0"}
AEE260220C00105000: stop-loss close failed: {"code":40310000,"message":"account not eligible to trade uncovered option contracts"}
AEE260220C00110000: Spread stop-loss close failed (trying individual legs): {"code":42210000,"message":"qty must be \u003e 0"}
AEE260220C00110000: stop-loss close failed: {"code":40010001,"message":"qty must be \u003e 0"}
Tue Jan 20 11:16:02 CST 2026 - Running auto trader...
2026-01-20 11:16:03 | INFO | 🔌 Circuit Breaker Status: tripped=False, daily_pnl=-0.01%, trades_today=2
2026-01-20 11:16:03 | INFO | 📂 Loaded 5 trades from /Users/jakobmccleary/Desktop/Stock Predictor/.monitoring/performance_data.json
2026-01-20 11:16:03 | INFO | 📊 Performance Monitor: 5 historical trades loaded
2026-01-20 11:16:03 | INFO | 💰 Account: equity=$46,706.06, buying_power=$74,737.00, starting_capital=$50,000.00
2026-01-20 11:16:03 | INFO | 📋 Trade Log: 13 trades from /Users/jakobmccleary/Desktop/Stock Predictor/trade_log.json
2026-01-20 11:16:03 | INFO | 📊 Stats: 3 closed | Win Rate: 66.7% | Total P&L: $713.09
2026-01-20 11:16:04 | WARNING | 🚫 Max open positions reached (10/10). No new trades.
AEE260220C00105000: Spread stop-loss close failed (trying individual legs): {"code":42210000,"message":"qty must be \u003e 0"}
AEE260220C00105000: stop-loss close failed: {"code":40310000,"message":"account not eligible to trade uncovered option contracts"}
AEE260220C00110000: Spread stop-loss close failed (trying individual legs): {"code":42210000,"message":"qty must be \u003e 0"}
AEE260220C00110000: stop-loss close failed: {"code":40010001,"message":"qty must be \u003e 0"}
Tue Jan 20 11:21:04 CST 2026 - Running auto trader...
2026-01-20 11:21:05 | INFO | 🔌 Circuit Breaker Status: tripped=False, daily_pnl=-0.01%, trades_today=2
2026-01-20 11:21:05 | INFO | 📂 Loaded 5 trades from /Users/jakobmccleary/Desktop/Stock Predictor/.monitoring/performance_data.json
2026-01-20 11:21:05 | INFO | 📊 Performance Monitor: 5 historical trades loaded
2026-01-20 11:21:05 | INFO | 💰 Account: equity=$46,653.07, buying_power=$74,724.01, starting_capital=$50,000.00
2026-01-20 11:21:05 | INFO | 📋 Trade Log: 13 trades from /Users/jakobmccleary/Desktop/Stock Predictor/trade_log.json
2026-01-20 11:21:05 | INFO | 📊 Stats: 3 closed | Win Rate: 66.7% | Total P&L: $713.09
2026-01-20 11:21:06 | WARNING | 🚫 Max open positions reached (10/10). No new trades.
AEE260220C00105000: Spread stop-loss close failed (trying individual legs): {"code":42210000,"message":"qty must be \u003e 0"}
AEE260220C00105000: stop-loss close failed: {"code":40310000,"message":"account not eligible to trade uncovered option contracts"}
AEE260220C00110000: Spread stop-loss close failed (trying individual legs): {"code":42210000,"message":"qty must be \u003e 0"}
AEE260220C00110000: stop-loss close failed: {"code":40010001,"message":"qty must be \u003e 0"}
Tue Jan 20 11:26:06 CST 2026 - Running auto trader...
2026-01-20 11:26:07 | INFO | 🔌 Circuit Breaker Status: tripped=False, daily_pnl=-0.01%, trades_today=2
2026-01-20 11:26:07 | INFO | 📂 Loaded 5 trades from /Users/jakobmccleary/Desktop/Stock Predictor/.monitoring/performance_data.json
2026-01-20 11:26:07 | INFO | 📊 Performance Monitor: 5 historical trades loaded
2026-01-20 11:26:08 | INFO | 💰 Account: equity=$46,633.41, buying_power=$74,704.35, starting_capital=$50,000.00
2026-01-20 11:26:08 | INFO | 📋 Trade Log: 13 trades from /Users/jakobmccleary/Desktop/Stock Predictor/trade_log.json
2026-01-20 11:26:08 | INFO | 📊 Stats: 3 closed | Win Rate: 66.7% | Total P&L: $713.09
2026-01-20 11:26:08 | WARNING | 🚫 Max open positions reached (10/10). No new trades.
AEE260220C00105000: Spread stop-loss close failed (trying individual legs): {"code":42210000,"message":"qty must be \u003e 0"}
AEE260220C00105000: stop-loss close failed: {"code":40310000,"message":"account not eligible to trade uncovered option contracts"}
AEE260220C00110000: Spread stop-loss close failed (trying individual legs): {"code":42210000,"message":"qty must be \u003e 0"}
AEE260220C00110000: stop-loss close failed: {"code":40010001,"message":"qty must be \u003e 0"}
Tue Jan 20 11:31:09 CST 2026 - Running auto trader...
2026-01-20 11:31:10 | INFO | 🔌 Circuit Breaker Status: tripped=False, daily_pnl=-0.01%, trades_today=2
2026-01-20 11:31:10 | INFO | 📂 Loaded 5 trades from /Users/jakobmccleary/Desktop/Stock Predictor/.monitoring/performance_data.json
2026-01-20 11:31:10 | INFO | 📊 Performance Monitor: 5 historical trades loaded
2026-01-20 11:31:10 | INFO | 💰 Account: equity=$46,577.66, buying_power=$74,688.60, starting_capital=$50,000.00
2026-01-20 11:31:10 | INFO | 📋 Trade Log: 13 trades from /Users/jakobmccleary/Desktop/Stock Predictor/trade_log.json
2026-01-20 11:31:10 | INFO | 📊 Stats: 3 closed | Win Rate: 66.7% | Total P&L: $713.09
2026-01-20 11:31:10 | WARNING | 🚫 Max open positions reached (10/10). No new trades.
AEE260220C00105000: Spread stop-loss close failed (trying individual legs): {"code":42210000,"message":"qty must be \u003e 0"}
AEE260220C00105000: stop-loss close failed: {"code":40310000,"message":"account not eligible to trade uncovered option contracts"}
AEE260220C00110000: Spread stop-loss close failed (trying individual legs): {"code":42210000,"message":"qty must be \u003e 0"}
AEE260220C00110000: stop-loss close failed: {"code":40010001,"message":"qty must be \u003e 0"}
Tue Jan 20 11:36:10 CST 2026 - Running auto trader...
2026-01-20 11:36:12 | INFO | 🔌 Circuit Breaker Status: tripped=False, daily_pnl=-0.01%, trades_today=2
2026-01-20 11:36:12 | INFO | 📂 Loaded 5 trades from /Users/jakobmccleary/Desktop/Stock Predictor/.monitoring/performance_data.json
2026-01-20 11:36:12 | INFO | 📊 Performance Monitor: 5 historical trades loaded
2026-01-20 11:36:12 | INFO | 💰 Account: equity=$46,639.41, buying_power=$74,670.35, starting_capital=$50,000.00
2026-01-20 11:36:12 | INFO | 📋 Trade Log: 13 trades from /Users/jakobmccleary/Desktop/Stock Predictor/trade_log.json
2026-01-20 11:36:12 | INFO | 📊 Stats: 3 closed | Win Rate: 66.7% | Total P&L: $713.09
2026-01-20 11:36:12 | WARNING | 🚫 Max open positions reached (10/10). No new trades.
AEE260220C00105000: Spread stop-loss close failed (trying individual legs): {"code":42210000,"message":"qty must be \u003e 0"}
AEE260220C00105000: stop-loss close failed: {"code":40310000,"message":"account not eligible to trade uncovered option contracts"}
AEE260220C00110000: Spread stop-loss close failed (trying individual legs): {"code":42210000,"message":"qty must be \u003e 0"}
AEE260220C00110000: stop-loss close failed: {"code":40010001,"message":"qty must be \u003e 0"}
Tue Jan 20 11:41:12 CST 2026 - Running auto trader...
2026-01-20 11:41:13 | INFO | 🔌 Circuit Breaker Status: tripped=False, daily_pnl=-0.01%, trades_today=2
2026-01-20 11:41:13 | INFO | 📂 Loaded 5 trades from /Users/jakobmccleary/Desktop/Stock Predictor/.monitoring/performance_data.json
2026-01-20 11:41:13 | INFO | 📊 Performance Monitor: 5 historical trades loaded
2026-01-20 11:41:14 | INFO | 💰 Account: equity=$46,631.80, buying_power=$74,662.74, starting_capital=$50,000.00
2026-01-20 11:41:14 | INFO | 📋 Trade Log: 13 trades from /Users/jakobmccleary/Desktop/Stock Predictor/trade_log.json
2026-01-20 11:41:14 | INFO | 📊 Stats: 3 closed | Win Rate: 66.7% | Total P&L: $713.09
2026-01-20 11:41:14 | WARNING | 🚫 Max open positions reached (10/10). No new trades.
AEE260220C00105000: Spread stop-loss close failed (trying individual legs): {"code":42210000,"message":"qty must be \u003e 0"}
AEE260220C00105000: stop-loss close failed: {"code":40310000,"message":"account not eligible to trade uncovered option contracts"}
AEE260220C00110000: Spread stop-loss close failed (trying individual legs): {"code":42210000,"message":"qty must be \u003e 0"}
AEE260220C00110000: stop-loss close failed: {"code":40010001,"message":"qty must be \u003e 0"}
Tue Jan 20 11:46:14 CST 2026 - Running auto trader...
2026-01-20 11:46:15 | INFO | 🔌 Circuit Breaker Status: tripped=False, daily_pnl=-0.01%, trades_today=2
2026-01-20 11:46:15 | INFO | 📂 Loaded 5 trades from /Users/jakobmccleary/Desktop/Stock Predictor/.monitoring/performance_data.json
2026-01-20 11:46:15 | INFO | 📊 Performance Monitor: 5 historical trades loaded
2026-01-20 11:46:15 | INFO | 💰 Account: equity=$46,604.73, buying_power=$74,615.67, starting_capital=$50,000.00
2026-01-20 11:46:15 | INFO | 📋 Trade Log: 13 trades from /Users/jakobmccleary/Desktop/Stock Predictor/trade_log.json
2026-01-20 11:46:15 | INFO | 📊 Stats: 3 closed | Win Rate: 66.7% | Total P&L: $713.09
2026-01-20 11:46:16 | WARNING | 🚫 Max open positions reached (10/10). No new trades.
AEE260220C00105000: Spread stop-loss close failed (trying individual legs): {"code":42210000,"message":"qty must be \u003e 0"}
AEE260220C00105000: stop-loss close failed: {"code":40310000,"message":"account not eligible to trade uncovered option contracts"}
AEE260220C00110000: Spread stop-loss close failed (trying individual legs): {"code":42210000,"message":"qty must be \u003e 0"}
AEE260220C00110000: stop-loss close failed: {"code":40010001,"message":"qty must be \u003e 0"}
Tue Jan 20 11:51:16 CST 2026 - Running auto trader...
2026-01-20 11:51:17 | INFO | 🔌 Circuit Breaker Status: tripped=False, daily_pnl=-0.01%, trades_today=2
2026-01-20 11:51:17 | INFO | 📂 Loaded 5 trades from /Users/jakobmccleary/Desktop/Stock Predictor/.monitoring/performance_data.json
2026-01-20 11:51:17 | INFO | 📊 Performance Monitor: 5 historical trades loaded
2026-01-20 11:51:17 | INFO | 💰 Account: equity=$46,615.04, buying_power=$74,625.98, starting_capital=$50,000.00
2026-01-20 11:51:17 | INFO | 📋 Trade Log: 13 trades from /Users/jakobmccleary/Desktop/Stock Predictor/trade_log.json
2026-01-20 11:51:17 | INFO | 📊 Stats: 3 closed | Win Rate: 66.7% | Total P&L: $713.09
2026-01-20 11:51:17 | WARNING | 🚫 Max open positions reached (10/10). No new trades.
AEE260220C00105000: Spread stop-loss close failed (trying individual legs): {"code":42210000,"message":"qty must be \u003e 0"}
AEE260220C00105000: stop-loss close failed: {"code":40310000,"message":"account not eligible to trade uncovered option contracts"}
AEE260220C00110000: Spread stop-loss close failed (trying individual legs): {"code":42210000,"message":"qty must be \u003e 0"}
AEE260220C00110000: stop-loss close failed: {"code":40010001,"message":"qty must be \u003e 0"}
Tue Jan 20 11:56:18 CST 2026 - Running auto trader...
2026-01-20 11:56:19 | INFO | 🔌 Circuit Breaker Status: tripped=False, daily_pnl=-0.01%, trades_today=2
2026-01-20 11:56:19 | INFO | 📂 Loaded 5 trades from /Users/jakobmccleary/Desktop/Stock Predictor/.monitoring/performance_data.json
2026-01-20 11:56:19 | INFO | 📊 Performance Monitor: 5 historical trades loaded
2026-01-20 11:56:20 | INFO | 💰 Account: equity=$46,622.18, buying_power=$74,633.12, starting_capital=$50,000.00
2026-01-20 11:56:20 | INFO | 📋 Trade Log: 13 trades from /Users/jakobmccleary/Desktop/Stock Predictor/trade_log.json
2026-01-20 11:56:20 | INFO | 📊 Stats: 3 closed | Win Rate: 66.7% | Total P&L: $713.09
2026-01-20 11:56:24 | WARNING | 🚫 Max open positions reached (10/10). No new trades.
AEE260220C00105000: Spread stop-loss close failed (trying individual legs): {"code":42210000,"message":"qty must be \u003e 0"}
AEE260220C00105000: stop-loss close failed: {"code":40310000,"message":"account not eligible to trade uncovered option contracts"}
AEE260220C00110000: Spread stop-loss close failed (trying individual legs): {"code":42210000,"message":"qty must be \u003e 0"}
AEE260220C00110000: stop-loss close failed: {"code":40010001,"message":"qty must be \u003e 0"}
Tue Jan 20 12:04:54 CST 2026 - Running auto trader...
2026-01-20 12:04:55 | INFO | 🔌 Circuit Breaker Status: tripped=False, daily_pnl=-0.01%, trades_today=2
2026-01-20 12:04:55 | INFO | 📂 Loaded 5 trades from /Users/jakobmccleary/Desktop/Stock Predictor/.monitoring/performance_data.json
2026-01-20 12:04:55 | INFO | 📊 Performance Monitor: 5 historical trades loaded
2026-01-20 12:04:56 | INFO | 💰 Account: equity=$46,657.48, buying_power=$74,668.42, starting_capital=$50,000.00
2026-01-20 12:04:56 | INFO | 📋 Trade Log: 13 trades from /Users/jakobmccleary/Desktop/Stock Predictor/trade_log.json
2026-01-20 12:04:56 | INFO | 📊 Stats: 3 closed | Win Rate: 66.7% | Total P&L: $713.09
2026-01-20 12:04:56 | WARNING | 🚫 Max open positions reached (10/10). No new trades.
AEE260220C00105000: Spread stop-loss close failed (trying individual legs): {"code":42210000,"message":"qty must be \u003e 0"}
AEE260220C00105000: stop-loss close failed: {"code":40310000,"message":"account not eligible to trade uncovered option contracts"}
AEE260220C00110000: Spread stop-loss close failed (trying individual legs): {"code":42210000,"message":"qty must be \u003e 0"}
AEE260220C00110000: stop-loss close failed: {"code":40010001,"message":"qty must be \u003e 0"}
Tue Jan 20 12:11:35 CST 2026 - Running auto trader...
2026-01-20 12:11:37 | INFO | 🔌 Circuit Breaker Status: tripped=False, daily_pnl=-0.01%, trades_today=2
2026-01-20 12:11:37 | INFO | 📂 Loaded 5 trades from /Users/jakobmccleary/Desktop/Stock Predictor/.monitoring/performance_data.json
2026-01-20 12:11:37 | INFO | 📊 Performance Monitor: 5 historical trades loaded
2026-01-20 12:11:37 | INFO | 💰 Account: equity=$46,679.65, buying_power=$74,690.59, starting_capital=$50,000.00
2026-01-20 12:11:37 | INFO | 📋 Trade Log: 13 trades from /Users/jakobmccleary/Desktop/Stock Predictor/trade_log.json
2026-01-20 12:11:37 | INFO | 📊 Stats: 3 closed | Win Rate: 66.7% | Total P&L: $713.09
2026-01-20 12:11:37 | WARNING | 🚫 Max open positions reached (10/10). No new trades.
AEE260220C00105000: Spread stop-loss close failed (trying individual legs): {"code":42210000,"message":"qty must be \u003e 0"}
AEE260220C00105000: stop-loss close failed: {"code":40310000,"message":"account not eligible to trade uncovered option contracts"}
AEE260220C00110000: Spread stop-loss close failed (trying individual legs): {"code":42210000,"message":"qty must be \u003e 0"}
AEE260220C00110000: stop-loss close failed: {"code":40010001,"message":"qty must be \u003e 0"}
Tue Jan 20 12:16:37 CST 2026 - Running auto trader...
2026-01-20 12:16:39 | INFO | 🔌 Circuit Breaker Status: tripped=False, daily_pnl=-0.01%, trades_today=2
2026-01-20 12:16:39 | INFO | 📂 Loaded 5 trades from /Users/jakobmccleary/Desktop/Stock Predictor/.monitoring/performance_data.json
2026-01-20 12:16:39 | INFO | 📊 Performance Monitor: 5 historical trades loaded
2026-01-20 12:16:39 | INFO | 💰 Account: equity=$46,699.68, buying_power=$74,690.62, starting_capital=$50,000.00
2026-01-20 12:16:39 | INFO | 📋 Trade Log: 13 trades from /Users/jakobmccleary/Desktop/Stock Predictor/trade_log.json
2026-01-20 12:16:39 | INFO | 📊 Stats: 3 closed | Win Rate: 66.7% | Total P&L: $713.09
2026-01-20 12:16:39 | WARNING | 🚫 Max open positions reached (10/10). No new trades.
AEE260220C00105000: Spread stop-loss close failed (trying individual legs): {"code":42210000,"message":"qty must be \u003e 0"}
AEE260220C00105000: stop-loss close failed: {"code":40310000,"message":"account not eligible to trade uncovered option contracts"}
AEE260220C00110000: Spread stop-loss close failed (trying individual legs): {"code":42210000,"message":"qty must be \u003e 0"}
AEE260220C00110000: stop-loss close failed: {"code":40010001,"message":"qty must be \u003e 0"}
Tue Jan 20 12:21:39 CST 2026 - Running auto trader...
2026-01-20 12:21:41 | INFO | 🔌 Circuit Breaker Status: tripped=False, daily_pnl=-0.01%, trades_today=2
2026-01-20 12:21:41 | INFO | 📂 Loaded 5 trades from /Users/jakobmccleary/Desktop/Stock Predictor/.monitoring/performance_data.json
2026-01-20 12:21:41 | INFO | 📊 Performance Monitor: 5 historical trades loaded
2026-01-20 12:21:41 | INFO | 💰 Account: equity=$46,688.52, buying_power=$74,679.46, starting_capital=$50,000.00
2026-01-20 12:21:41 | INFO | 📋 Trade Log: 13 trades from /Users/jakobmccleary/Desktop/Stock Predictor/trade_log.json
2026-01-20 12:21:41 | INFO | 📊 Stats: 3 closed | Win Rate: 66.7% | Total P&L: $713.09
2026-01-20 12:21:41 | WARNING | 🚫 Max open positions reached (10/10). No new trades.
AEE260220C00105000: Spread stop-loss close failed (trying individual legs): {"code":42210000,"message":"qty must be \u003e 0"}
AEE260220C00105000: stop-loss close failed: {"code":40310000,"message":"account not eligible to trade uncovered option contracts"}
AEE260220C00110000: Spread stop-loss close failed (trying individual legs): {"code":42210000,"message":"qty must be \u003e 0"}
AEE260220C00110000: stop-loss close failed: {"code":40010001,"message":"qty must be \u003e 0"}
Tue Jan 20 12:26:41 CST 2026 - Running auto trader...
2026-01-20 12:26:43 | INFO | 🔌 Circuit Breaker Status: tripped=False, daily_pnl=-0.01%, trades_today=2
2026-01-20 12:26:43 | INFO | 📂 Loaded 5 trades from /Users/jakobmccleary/Desktop/Stock Predictor/.monitoring/performance_data.json
2026-01-20 12:26:43 | INFO | 📊 Performance Monitor: 5 historical trades loaded
2026-01-20 12:26:43 | INFO | 💰 Account: equity=$46,691.54, buying_power=$74,662.48, starting_capital=$50,000.00
2026-01-20 12:26:43 | INFO | 📋 Trade Log: 13 trades from /Users/jakobmccleary/Desktop/Stock Predictor/trade_log.json
2026-01-20 12:26:43 | INFO | 📊 Stats: 3 closed | Win Rate: 66.7% | Total P&L: $713.09
2026-01-20 12:26:43 | WARNING | 🚫 Max open positions reached (10/10). No new trades.
AEE260220C00105000: Spread stop-loss close failed (trying individual legs): {"code":42210000,"message":"qty must be \u003e 0"}
AEE260220C00105000: stop-loss close failed: {"code":40310000,"message":"account not eligible to trade uncovered option contracts"}
AEE260220C00110000: Spread stop-loss close failed (trying individual legs): {"code":42210000,"message":"qty must be \u003e 0"}
AEE260220C00110000: stop-loss close failed: {"code":40010001,"message":"qty must be \u003e 0"}
Tue Jan 20 12:31:43 CST 2026 - Running auto trader...
2026-01-20 12:31:44 | INFO | 🔌 Circuit Breaker Status: tripped=False, daily_pnl=-0.01%, trades_today=2
2026-01-20 12:31:44 | INFO | 📂 Loaded 5 trades from /Users/jakobmccleary/Desktop/Stock Predictor/.monitoring/performance_data.json
2026-01-20 12:31:44 | INFO | 📊 Performance Monitor: 5 historical trades loaded
2026-01-20 12:31:45 | INFO | 💰 Account: equity=$46,689.29, buying_power=$74,660.23, starting_capital=$50,000.00
2026-01-20 12:31:45 | INFO | 📋 Trade Log: 13 trades from /Users/jakobmccleary/Desktop/Stock Predictor/trade_log.json
2026-01-20 12:31:45 | INFO | 📊 Stats: 3 closed | Win Rate: 66.7% | Total P&L: $713.09
2026-01-20 12:31:45 | INFO | 📊 Circuit breaker updated: P&L $-0.19 (loss)
2026-01-20 12:31:45 | INFO | 📝 Trade recorded: BBAI BUY 1.0@6.23 → 6.04 | P&L: $-0.19
2026-01-20 12:31:45 | INFO | 📁 signals.json path: /Users/jakobmccleary/Desktop/Stock Predictor/signals.json
2026-01-20 12:31:45 | INFO | 📊 Loaded 15 signals
2026-01-20 12:31:45 | INFO | AEE: skipped duplicate option signal (already traded BULL_CALL_SPREAD today)
2026-01-20 12:31:46 | ERROR | 
1 Failed download:
2026-01-20 12:31:46 | ERROR | ['PCG']: JSONDecodeError('Expecting value: line 1 column 1 (char 0)')
2026-01-20 12:31:46 | INFO | 📉 XEL: FILTERED - Z-score 1.22 < 1.5
2026-01-20 12:31:46 | INFO | 📉 ORA: FILTERED - Z-score 1.21 < 1.5
2026-01-20 12:31:46 | INFO | 📉 DUK: FILTERED - Z-score 1.18 < 1.5
2026-01-20 12:31:46 | INFO | 📉 CEG: FILTERED - Z-score 0.63 < 1.5
2026-01-20 12:31:46 | INFO | 📉 NEE: FILTERED - Z-score 0.58 < 1.5
2026-01-20 12:31:46 | INFO | 📉 TLN: FILTERED - Z-score 0.58 < 1.5
2026-01-20 12:31:46 | INFO | 📉 EQIX: FILTERED - Z-score 0.58 < 1.5
2026-01-20 12:31:46 | INFO | 📉 PWR: FILTERED - Z-score 0.53 < 1.5
2026-01-20 12:31:46 | INFO | 📉 DLR: FILTERED - Z-score 0.41 < 1.5
2026-01-20 12:31:46 | INFO | 📉 ETR: FILTERED - Z-score 0.23 < 1.5
2026-01-20 12:31:46 | INFO | 📉 VRT: FILTERED - Z-score 0.14 < 1.5
2026-01-20 12:31:46 | INFO | 📉 BEP: FILTERED - Z-score 0.07 < 1.5
2026-01-20 12:31:46 | INFO | 📉 D: FILTERED - Z-score 0.07 < 1.5
2026-01-20 12:31:46 | INFO | ==================================================
2026-01-20 12:31:46 | INFO | 📈 TRADING SESSION COMPLETE
2026-01-20 12:31:46 | INFO |    Signals processed: 15
2026-01-20 12:31:46 | INFO |    Trades executed: 0
2026-01-20 12:31:46 | INFO |    Trades skipped/filtered: 14
2026-01-20 12:31:46 | INFO |    Circuit breaker: ✅ OK
2026-01-20 12:31:46 | INFO |    Daily P&L: -0.01% | Weekly: -0.01%
2026-01-20 12:31:46 | INFO |    Consecutive losses: 1
2026-01-20 12:31:46 | INFO | --------------------------------------------------
2026-01-20 12:31:46 | INFO | 📊 PERFORMANCE MONITOR
2026-01-20 12:31:46 | INFO |    ✅ No alerts
2026-01-20 12:31:46 | INFO |    21d Sharpe: 0.00 | 63d Sharpe: 0.00
2026-01-20 12:31:46 | INFO |    Win Rate (20): 16.7% | Drawdown: 0.0%
2026-01-20 12:31:46 | INFO |    P&L Today: $-4.38 | Week: $-4.38 | Total: $-16.64
2026-01-20 12:31:46 | INFO | 📊 Daily summary saved to /Users/jakobmccleary/Desktop/Stock Predictor/.monitoring/daily_summaries/summary_2026-01-20.json
2026-01-20 12:31:46 | INFO |    📄 Daily summary saved
2026-01-20 12:31:46 | INFO | ==================================================
AEE260220C00105000: Spread stop-loss close failed (trying individual legs): {"code":42210000,"message":"qty must be \u003e 0"}
AEE260220C00105000: stop-loss close failed: {"code":40310000,"message":"account not eligible to trade uncovered option contracts"}
AEE260220C00110000: Spread stop-loss close failed (trying individual legs): {"code":42210000,"message":"qty must be \u003e 0"}
AEE260220C00110000: stop-loss close failed: {"code":40010001,"message":"qty must be \u003e 0"}
2026-01-20T18:31:45.275128+00:00 BBAI stop-loss exit @ 6.04 -> 96551f6f-125d-4ecc-bc92-eeae1df411b3; ret=-0.0305 pnl=$-0.19
AEE: Confidence 0.038447 ✓ (threshold 0.001)
AEE: Z-Score +2.06 (very_strong) ✅ (threshold 1.0)
AEE: Rank #1 by zscore (2.0613) | Limit: 1/period
PCG: Confidence 0.015621 ✓ (threshold 0.001)
PCG: Z-Score -1.65 (strong) ✅ (threshold 1.0)
PCG: Rank #2 by zscore (1.6498) | Limit: 1/period
PCG: BUY skipped (already holding)
Tue Jan 20 12:36:46 CST 2026 - Running auto trader...
2026-01-20 12:36:47 | INFO | 🔌 Circuit Breaker Status: tripped=False, daily_pnl=-0.01%, trades_today=3
2026-01-20 12:36:47 | INFO | 📂 Loaded 6 trades from /Users/jakobmccleary/Desktop/Stock Predictor/.monitoring/performance_data.json
2026-01-20 12:36:47 | INFO | 📊 Performance Monitor: 6 historical trades loaded
2026-01-20 12:36:47 | INFO | 💰 Account: equity=$46,684.18, buying_power=$74,661.16, starting_capital=$50,000.00
2026-01-20 12:36:47 | INFO | 📋 Trade Log: 13 trades from /Users/jakobmccleary/Desktop/Stock Predictor/trade_log.json
2026-01-20 12:36:47 | INFO | 📊 Stats: 4 closed | Win Rate: 50.0% | Total P&L: $712.96
2026-01-20 12:36:48 | INFO | 📁 signals.json path: /Users/jakobmccleary/Desktop/Stock Predictor/signals.json
2026-01-20 12:36:48 | INFO | 📊 Loaded 15 signals
2026-01-20 12:36:48 | INFO | AEE: skipped duplicate option signal (already traded BULL_CALL_SPREAD today)
2026-01-20 12:36:48 | ERROR | 
1 Failed download:
2026-01-20 12:36:48 | ERROR | ['PCG']: JSONDecodeError('Expecting value: line 1 column 1 (char 0)')
2026-01-20 12:36:48 | INFO | 📉 XEL: FILTERED - Z-score 1.22 < 1.5
2026-01-20 12:36:48 | INFO | 📉 ORA: FILTERED - Z-score 1.21 < 1.5
2026-01-20 12:36:48 | INFO | 📉 DUK: FILTERED - Z-score 1.18 < 1.5
2026-01-20 12:36:48 | INFO | 📉 CEG: FILTERED - Z-score 0.63 < 1.5
2026-01-20 12:36:48 | INFO | 📉 NEE: FILTERED - Z-score 0.58 < 1.5
2026-01-20 12:36:48 | INFO | 📉 TLN: FILTERED - Z-score 0.58 < 1.5
2026-01-20 12:36:48 | INFO | 📉 EQIX: FILTERED - Z-score 0.58 < 1.5
2026-01-20 12:36:48 | INFO | 📉 PWR: FILTERED - Z-score 0.53 < 1.5
2026-01-20 12:36:48 | INFO | 📉 DLR: FILTERED - Z-score 0.41 < 1.5
2026-01-20 12:36:48 | INFO | 📉 ETR: FILTERED - Z-score 0.23 < 1.5
2026-01-20 12:36:48 | INFO | 📉 VRT: FILTERED - Z-score 0.14 < 1.5
2026-01-20 12:36:48 | INFO | 📉 BEP: FILTERED - Z-score 0.07 < 1.5
2026-01-20 12:36:48 | INFO | 📉 D: FILTERED - Z-score 0.07 < 1.5
2026-01-20 12:36:48 | INFO | ==================================================
2026-01-20 12:36:48 | INFO | 📈 TRADING SESSION COMPLETE
2026-01-20 12:36:48 | INFO |    Signals processed: 15
2026-01-20 12:36:48 | INFO |    Trades executed: 0
2026-01-20 12:36:48 | INFO |    Trades skipped/filtered: 14
2026-01-20 12:36:48 | INFO |    Circuit breaker: ✅ OK
2026-01-20 12:36:48 | INFO |    Daily P&L: -0.01% | Weekly: -0.01%
2026-01-20 12:36:48 | INFO |    Consecutive losses: 1
2026-01-20 12:36:48 | INFO | --------------------------------------------------
2026-01-20 12:36:48 | INFO | 📊 PERFORMANCE MONITOR
2026-01-20 12:36:48 | WARNING | [WARNING] drawdown: Drawdown approaching critical: 6.6%
2026-01-20 12:36:48 | WARNING |    ⚠️ Drawdown approaching critical: 6.6%
2026-01-20 12:36:48 | INFO |    21d Sharpe: 0.00 | 63d Sharpe: 0.00
2026-01-20 12:36:48 | INFO |    Win Rate (20): 16.7% | Drawdown: 6.6%
2026-01-20 12:36:48 | INFO |    P&L Today: $-4.38 | Week: $-4.38 | Total: $-16.64
2026-01-20 12:36:48 | WARNING | [WARNING] drawdown: Drawdown approaching critical: 6.6%
2026-01-20 12:36:48 | INFO | 📊 Daily summary saved to /Users/jakobmccleary/Desktop/Stock Predictor/.monitoring/daily_summaries/summary_2026-01-20.json
2026-01-20 12:36:48 | INFO |    📄 Daily summary saved
2026-01-20 12:36:48 | INFO | ==================================================
AEE260220C00105000: Spread stop-loss close failed (trying individual legs): {"code":42210000,"message":"qty must be \u003e 0"}
AEE260220C00105000: stop-loss close failed: {"code":40310000,"message":"account not eligible to trade uncovered option contracts"}
AEE260220C00110000: Spread stop-loss close failed (trying individual legs): {"code":42210000,"message":"qty must be \u003e 0"}
AEE260220C00110000: stop-loss close failed: {"code":40010001,"message":"qty must be \u003e 0"}
AEE: Confidence 0.038447 ✓ (threshold 0.001)
AEE: Z-Score +2.06 (very_strong) ✅ (threshold 1.0)
AEE: Rank #1 by zscore (2.0613) | Limit: 1/period
PCG: Confidence 0.015621 ✓ (threshold 0.001)
PCG: Z-Score -1.65 (strong) ✅ (threshold 1.0)
PCG: Rank #2 by zscore (1.6498) | Limit: 1/period
PCG: BUY skipped (already holding)
Tue Jan 20 12:41:49 CST 2026 - Running auto trader...
2026-01-20 12:41:50 | INFO | 🔌 Circuit Breaker Status: tripped=False, daily_pnl=-0.01%, trades_today=3
2026-01-20 12:41:50 | INFO | 📂 Loaded 6 trades from /Users/jakobmccleary/Desktop/Stock Predictor/.monitoring/performance_data.json
2026-01-20 12:41:50 | INFO | 📊 Performance Monitor: 6 historical trades loaded
2026-01-20 12:41:50 | INFO | 💰 Account: equity=$46,653.30, buying_power=$74,630.28, starting_capital=$50,000.00
2026-01-20 12:41:50 | INFO | 📋 Trade Log: 13 trades from /Users/jakobmccleary/Desktop/Stock Predictor/trade_log.json
2026-01-20 12:41:50 | INFO | 📊 Stats: 4 closed | Win Rate: 50.0% | Total P&L: $712.96
2026-01-20 12:41:50 | INFO | 📁 signals.json path: /Users/jakobmccleary/Desktop/Stock Predictor/signals.json
2026-01-20 12:41:50 | INFO | 📊 Loaded 15 signals
2026-01-20 12:41:50 | INFO | AEE: skipped duplicate option signal (already traded BULL_CALL_SPREAD today)
2026-01-20 12:41:51 | ERROR | 
1 Failed download:
2026-01-20 12:41:51 | ERROR | ['PCG']: JSONDecodeError('Expecting value: line 1 column 1 (char 0)')
2026-01-20 12:41:51 | INFO | 📉 XEL: FILTERED - Z-score 1.22 < 1.5
2026-01-20 12:41:51 | INFO | 📉 ORA: FILTERED - Z-score 1.21 < 1.5
2026-01-20 12:41:51 | INFO | 📉 DUK: FILTERED - Z-score 1.18 < 1.5
2026-01-20 12:41:51 | INFO | 📉 CEG: FILTERED - Z-score 0.63 < 1.5
2026-01-20 12:41:51 | INFO | 📉 NEE: FILTERED - Z-score 0.58 < 1.5
2026-01-20 12:41:51 | INFO | 📉 TLN: FILTERED - Z-score 0.58 < 1.5
2026-01-20 12:41:51 | INFO | 📉 EQIX: FILTERED - Z-score 0.58 < 1.5
2026-01-20 12:41:51 | INFO | 📉 PWR: FILTERED - Z-score 0.53 < 1.5
2026-01-20 12:41:51 | INFO | 📉 DLR: FILTERED - Z-score 0.41 < 1.5
2026-01-20 12:41:51 | INFO | 📉 ETR: FILTERED - Z-score 0.23 < 1.5
2026-01-20 12:41:51 | INFO | 📉 VRT: FILTERED - Z-score 0.14 < 1.5
2026-01-20 12:41:51 | INFO | 📉 BEP: FILTERED - Z-score 0.07 < 1.5
2026-01-20 12:41:51 | INFO | 📉 D: FILTERED - Z-score 0.07 < 1.5
2026-01-20 12:41:51 | INFO | ==================================================
2026-01-20 12:41:51 | INFO | 📈 TRADING SESSION COMPLETE
2026-01-20 12:41:51 | INFO |    Signals processed: 15
2026-01-20 12:41:51 | INFO |    Trades executed: 0
2026-01-20 12:41:51 | INFO |    Trades skipped/filtered: 14
2026-01-20 12:41:51 | INFO |    Circuit breaker: ✅ OK
2026-01-20 12:41:51 | INFO |    Daily P&L: -0.01% | Weekly: -0.01%
2026-01-20 12:41:51 | INFO |    Consecutive losses: 1
2026-01-20 12:41:51 | INFO | --------------------------------------------------
2026-01-20 12:41:51 | INFO | 📊 PERFORMANCE MONITOR
2026-01-20 12:41:51 | WARNING | [WARNING] drawdown: Drawdown approaching critical: 6.7%
2026-01-20 12:41:51 | WARNING |    ⚠️ Drawdown approaching critical: 6.7%
2026-01-20 12:41:51 | INFO |    21d Sharpe: 0.00 | 63d Sharpe: 0.00
2026-01-20 12:41:51 | INFO |    Win Rate (20): 16.7% | Drawdown: 6.7%
2026-01-20 12:41:51 | INFO |    P&L Today: $-4.38 | Week: $-4.38 | Total: $-16.64
2026-01-20 12:41:51 | WARNING | [WARNING] drawdown: Drawdown approaching critical: 6.7%
2026-01-20 12:41:51 | INFO | 📊 Daily summary saved to /Users/jakobmccleary/Desktop/Stock Predictor/.monitoring/daily_summaries/summary_2026-01-20.json
2026-01-20 12:41:51 | INFO |    📄 Daily summary saved
2026-01-20 12:41:51 | INFO | ==================================================
AEE260220C00105000: Spread stop-loss close failed (trying individual legs): {"code":42210000,"message":"qty must be \u003e 0"}
AEE260220C00105000: stop-loss close failed: {"code":40310000,"message":"account not eligible to trade uncovered option contracts"}
AEE260220C00110000: Spread stop-loss close failed (trying individual legs): {"code":42210000,"message":"qty must be \u003e 0"}
AEE260220C00110000: stop-loss close failed: {"code":40010001,"message":"qty must be \u003e 0"}
AEE: Confidence 0.038447 ✓ (threshold 0.001)
AEE: Z-Score +2.06 (very_strong) ✅ (threshold 1.0)
AEE: Rank #1 by zscore (2.0613) | Limit: 1/period
PCG: Confidence 0.015621 ✓ (threshold 0.001)
PCG: Z-Score -1.65 (strong) ✅ (threshold 1.0)
PCG: Rank #2 by zscore (1.6498) | Limit: 1/period
PCG: BUY skipped (already holding)
Tue Jan 20 12:46:51 CST 2026 - Running auto trader...
2026-01-20 12:46:52 | INFO | 🔌 Circuit Breaker Status: tripped=False, daily_pnl=-0.01%, trades_today=3
2026-01-20 12:46:52 | INFO | 📂 Loaded 6 trades from /Users/jakobmccleary/Desktop/Stock Predictor/.monitoring/performance_data.json
2026-01-20 12:46:52 | INFO | 📊 Performance Monitor: 6 historical trades loaded
2026-01-20 12:46:53 | INFO | 💰 Account: equity=$46,648.08, buying_power=$74,625.06, starting_capital=$50,000.00
2026-01-20 12:46:53 | INFO | 📋 Trade Log: 13 trades from /Users/jakobmccleary/Desktop/Stock Predictor/trade_log.json
2026-01-20 12:46:53 | INFO | 📊 Stats: 4 closed | Win Rate: 50.0% | Total P&L: $712.96
2026-01-20 12:46:53 | INFO | 📁 signals.json path: /Users/jakobmccleary/Desktop/Stock Predictor/signals.json
2026-01-20 12:46:53 | INFO | 📊 Loaded 15 signals
2026-01-20 12:46:53 | INFO | AEE: skipped duplicate option signal (already traded BULL_CALL_SPREAD today)
2026-01-20 12:46:54 | ERROR | 
1 Failed download:
2026-01-20 12:46:54 | ERROR | ['PCG']: JSONDecodeError('Expecting value: line 1 column 1 (char 0)')
2026-01-20 12:46:54 | INFO | 📉 XEL: FILTERED - Z-score 1.22 < 1.5
2026-01-20 12:46:54 | INFO | 📉 ORA: FILTERED - Z-score 1.21 < 1.5
2026-01-20 12:46:54 | INFO | 📉 DUK: FILTERED - Z-score 1.18 < 1.5
2026-01-20 12:46:54 | INFO | 📉 CEG: FILTERED - Z-score 0.63 < 1.5
2026-01-20 12:46:54 | INFO | 📉 NEE: FILTERED - Z-score 0.58 < 1.5
2026-01-20 12:46:54 | INFO | 📉 TLN: FILTERED - Z-score 0.58 < 1.5
2026-01-20 12:46:54 | INFO | 📉 EQIX: FILTERED - Z-score 0.58 < 1.5
2026-01-20 12:46:54 | INFO | 📉 PWR: FILTERED - Z-score 0.53 < 1.5
2026-01-20 12:46:54 | INFO | 📉 DLR: FILTERED - Z-score 0.41 < 1.5
2026-01-20 12:46:54 | INFO | 📉 ETR: FILTERED - Z-score 0.23 < 1.5
2026-01-20 12:46:54 | INFO | 📉 VRT: FILTERED - Z-score 0.14 < 1.5
2026-01-20 12:46:54 | INFO | 📉 BEP: FILTERED - Z-score 0.07 < 1.5
2026-01-20 12:46:54 | INFO | 📉 D: FILTERED - Z-score 0.07 < 1.5
2026-01-20 12:46:54 | INFO | ==================================================
2026-01-20 12:46:54 | INFO | 📈 TRADING SESSION COMPLETE
2026-01-20 12:46:54 | INFO |    Signals processed: 15
2026-01-20 12:46:54 | INFO |    Trades executed: 0
2026-01-20 12:46:54 | INFO |    Trades skipped/filtered: 14
2026-01-20 12:46:54 | INFO |    Circuit breaker: ✅ OK
2026-01-20 12:46:54 | INFO |    Daily P&L: -0.01% | Weekly: -0.01%
2026-01-20 12:46:54 | INFO |    Consecutive losses: 1
2026-01-20 12:46:54 | INFO | --------------------------------------------------
2026-01-20 12:46:54 | INFO | 📊 PERFORMANCE MONITOR
2026-01-20 12:46:54 | WARNING | [WARNING] drawdown: Drawdown approaching critical: 6.7%
2026-01-20 12:46:54 | WARNING |    ⚠️ Drawdown approaching critical: 6.7%
2026-01-20 12:46:54 | INFO |    21d Sharpe: 0.00 | 63d Sharpe: 0.00
2026-01-20 12:46:54 | INFO |    Win Rate (20): 16.7% | Drawdown: 6.7%
2026-01-20 12:46:54 | INFO |    P&L Today: $-4.38 | Week: $-4.38 | Total: $-16.64
2026-01-20 12:46:54 | WARNING | [WARNING] drawdown: Drawdown approaching critical: 6.7%
2026-01-20 12:46:54 | INFO | 📊 Daily summary saved to /Users/jakobmccleary/Desktop/Stock Predictor/.monitoring/daily_summaries/summary_2026-01-20.json
2026-01-20 12:46:54 | INFO |    📄 Daily summary saved
2026-01-20 12:46:54 | INFO | ==================================================
AEE260220C00105000: Spread stop-loss close failed (trying individual legs): {"code":42210000,"message":"qty must be \u003e 0"}
AEE260220C00105000: stop-loss close failed: {"code":40310000,"message":"account not eligible to trade uncovered option contracts"}
AEE260220C00110000: Spread stop-loss close failed (trying individual legs): {"code":42210000,"message":"qty must be \u003e 0"}
AEE260220C00110000: stop-loss close failed: {"code":40010001,"message":"qty must be \u003e 0"}
AEE: Confidence 0.038447 ✓ (threshold 0.001)
AEE: Z-Score +2.06 (very_strong) ✅ (threshold 1.0)
AEE: Rank #1 by zscore (2.0613) | Limit: 1/period
PCG: Confidence 0.015621 ✓ (threshold 0.001)
PCG: Z-Score -1.65 (strong) ✅ (threshold 1.0)
PCG: Rank #2 by zscore (1.6498) | Limit: 1/period
PCG: BUY skipped (already holding)
Tue Jan 20 12:59:08 CST 2026 - Running auto trader...
2026-01-20 12:59:10 | INFO | 🔌 Circuit Breaker Status: tripped=False, daily_pnl=-0.01%, trades_today=3
2026-01-20 12:59:10 | INFO | 📂 Loaded 6 trades from /Users/jakobmccleary/Desktop/Stock Predictor/.monitoring/performance_data.json
2026-01-20 12:59:10 | INFO | 📊 Performance Monitor: 6 historical trades loaded
2026-01-20 12:59:10 | INFO | 💰 Account: equity=$46,646.87, buying_power=$74,623.85, starting_capital=$50,000.00
2026-01-20 12:59:10 | INFO | 📋 Trade Log: 13 trades from /Users/jakobmccleary/Desktop/Stock Predictor/trade_log.json
2026-01-20 12:59:10 | INFO | 📊 Stats: 4 closed | Win Rate: 50.0% | Total P&L: $712.96
2026-01-20 12:59:10 | INFO | 📁 signals.json path: /Users/jakobmccleary/Desktop/Stock Predictor/signals.json
2026-01-20 12:59:10 | INFO | 📊 Loaded 15 signals
2026-01-20 12:59:10 | INFO | AEE: skipped duplicate option signal (already traded BULL_CALL_SPREAD today)
2026-01-20 12:59:11 | ERROR | 
1 Failed download:
2026-01-20 12:59:11 | ERROR | ['PCG']: JSONDecodeError('Expecting value: line 1 column 1 (char 0)')
2026-01-20 12:59:11 | INFO | 📉 XEL: FILTERED - Z-score 1.22 < 1.5
2026-01-20 12:59:11 | INFO | 📉 ORA: FILTERED - Z-score 1.21 < 1.5
2026-01-20 12:59:11 | INFO | 📉 DUK: FILTERED - Z-score 1.18 < 1.5
2026-01-20 12:59:11 | INFO | 📉 CEG: FILTERED - Z-score 0.63 < 1.5
2026-01-20 12:59:11 | INFO | 📉 NEE: FILTERED - Z-score 0.58 < 1.5
2026-01-20 12:59:11 | INFO | 📉 TLN: FILTERED - Z-score 0.58 < 1.5
2026-01-20 12:59:11 | INFO | 📉 EQIX: FILTERED - Z-score 0.58 < 1.5
2026-01-20 12:59:11 | INFO | 📉 PWR: FILTERED - Z-score 0.53 < 1.5
2026-01-20 12:59:11 | INFO | 📉 DLR: FILTERED - Z-score 0.41 < 1.5
2026-01-20 12:59:11 | INFO | 📉 ETR: FILTERED - Z-score 0.23 < 1.5
2026-01-20 12:59:11 | INFO | 📉 VRT: FILTERED - Z-score 0.14 < 1.5
2026-01-20 12:59:11 | INFO | 📉 BEP: FILTERED - Z-score 0.07 < 1.5
2026-01-20 12:59:11 | INFO | 📉 D: FILTERED - Z-score 0.07 < 1.5
2026-01-20 12:59:11 | INFO | ==================================================
2026-01-20 12:59:11 | INFO | 📈 TRADING SESSION COMPLETE
2026-01-20 12:59:11 | INFO |    Signals processed: 15
2026-01-20 12:59:11 | INFO |    Trades executed: 0
2026-01-20 12:59:11 | INFO |    Trades skipped/filtered: 14
2026-01-20 12:59:11 | INFO |    Circuit breaker: ✅ OK
2026-01-20 12:59:11 | INFO |    Daily P&L: -0.01% | Weekly: -0.01%
2026-01-20 12:59:11 | INFO |    Consecutive losses: 1
2026-01-20 12:59:11 | INFO | --------------------------------------------------
2026-01-20 12:59:11 | INFO | 📊 PERFORMANCE MONITOR
2026-01-20 12:59:11 | WARNING | [WARNING] drawdown: Drawdown approaching critical: 6.7%
2026-01-20 12:59:11 | WARNING |    ⚠️ Drawdown approaching critical: 6.7%
2026-01-20 12:59:11 | INFO |    21d Sharpe: 0.00 | 63d Sharpe: 0.00
2026-01-20 12:59:11 | INFO |    Win Rate (20): 16.7% | Drawdown: 6.7%
2026-01-20 12:59:11 | INFO |    P&L Today: $-4.38 | Week: $-4.38 | Total: $-16.64
2026-01-20 12:59:11 | WARNING | [WARNING] drawdown: Drawdown approaching critical: 6.7%
2026-01-20 12:59:11 | INFO | 📊 Daily summary saved to /Users/jakobmccleary/Desktop/Stock Predictor/.monitoring/daily_summaries/summary_2026-01-20.json
2026-01-20 12:59:11 | INFO |    📄 Daily summary saved
2026-01-20 12:59:11 | INFO | ==================================================
AEE260220C00105000: Spread stop-loss close failed (trying individual legs): {"code":42210000,"message":"qty must be \u003e 0"}
AEE260220C00105000: stop-loss close failed: {"code":40310000,"message":"account not eligible to trade uncovered option contracts"}
AEE260220C00110000: Spread stop-loss close failed (trying individual legs): {"code":42210000,"message":"qty must be \u003e 0"}
AEE260220C00110000: stop-loss close failed: {"code":40010001,"message":"qty must be \u003e 0"}
AEE: Confidence 0.038447 ✓ (threshold 0.001)
AEE: Z-Score +2.06 (very_strong) ✅ (threshold 1.0)
AEE: Rank #1 by zscore (2.0613) | Limit: 1/period
PCG: Confidence 0.015621 ✓ (threshold 0.001)
PCG: Z-Score -1.65 (strong) ✅ (threshold 1.0)
PCG: Rank #2 by zscore (1.6498) | Limit: 1/period
PCG: BUY skipped (already holding)
Tue Jan 20 13:04:11 CST 2026 - Running auto trader...
2026-01-20 13:04:12 | INFO | 🔌 Circuit Breaker Status: tripped=False, daily_pnl=-0.01%, trades_today=3
2026-01-20 13:04:12 | INFO | 📂 Loaded 6 trades from /Users/jakobmccleary/Desktop/Stock Predictor/.monitoring/performance_data.json
2026-01-20 13:04:12 | INFO | 📊 Performance Monitor: 6 historical trades loaded
2026-01-20 13:04:12 | INFO | 💰 Account: equity=$46,622.43, buying_power=$74,599.41, starting_capital=$50,000.00
2026-01-20 13:04:12 | INFO | 📋 Trade Log: 13 trades from /Users/jakobmccleary/Desktop/Stock Predictor/trade_log.json
2026-01-20 13:04:12 | INFO | 📊 Stats: 4 closed | Win Rate: 50.0% | Total P&L: $712.96
2026-01-20 13:04:13 | INFO | 📁 signals.json path: /Users/jakobmccleary/Desktop/Stock Predictor/signals.json
2026-01-20 13:04:13 | INFO | 📊 Loaded 15 signals
2026-01-20 13:04:13 | INFO | AEE: skipped duplicate option signal (already traded BULL_CALL_SPREAD today)
2026-01-20 13:04:13 | ERROR | 
1 Failed download:
2026-01-20 13:04:13 | ERROR | ['PCG']: JSONDecodeError('Expecting value: line 1 column 1 (char 0)')
2026-01-20 13:04:13 | INFO | 📉 XEL: FILTERED - Z-score 1.22 < 1.5
2026-01-20 13:04:13 | INFO | 📉 ORA: FILTERED - Z-score 1.21 < 1.5
2026-01-20 13:04:13 | INFO | 📉 DUK: FILTERED - Z-score 1.18 < 1.5
2026-01-20 13:04:13 | INFO | 📉 CEG: FILTERED - Z-score 0.63 < 1.5
2026-01-20 13:04:13 | INFO | 📉 NEE: FILTERED - Z-score 0.58 < 1.5
2026-01-20 13:04:13 | INFO | 📉 TLN: FILTERED - Z-score 0.58 < 1.5
2026-01-20 13:04:13 | INFO | 📉 EQIX: FILTERED - Z-score 0.58 < 1.5
2026-01-20 13:04:13 | INFO | 📉 PWR: FILTERED - Z-score 0.53 < 1.5
2026-01-20 13:04:13 | INFO | 📉 DLR: FILTERED - Z-score 0.41 < 1.5
2026-01-20 13:04:13 | INFO | 📉 ETR: FILTERED - Z-score 0.23 < 1.5
2026-01-20 13:04:13 | INFO | 📉 VRT: FILTERED - Z-score 0.14 < 1.5
2026-01-20 13:04:13 | INFO | 📉 BEP: FILTERED - Z-score 0.07 < 1.5
2026-01-20 13:04:13 | INFO | 📉 D: FILTERED - Z-score 0.07 < 1.5
2026-01-20 13:04:13 | INFO | ==================================================
2026-01-20 13:04:13 | INFO | 📈 TRADING SESSION COMPLETE
2026-01-20 13:04:13 | INFO |    Signals processed: 15
2026-01-20 13:04:13 | INFO |    Trades executed: 0
2026-01-20 13:04:13 | INFO |    Trades skipped/filtered: 14
2026-01-20 13:04:13 | INFO |    Circuit breaker: ✅ OK
2026-01-20 13:04:13 | INFO |    Daily P&L: -0.01% | Weekly: -0.01%
2026-01-20 13:04:13 | INFO |    Consecutive losses: 1
2026-01-20 13:04:13 | INFO | --------------------------------------------------
2026-01-20 13:04:13 | INFO | 📊 PERFORMANCE MONITOR
2026-01-20 13:04:13 | WARNING | [WARNING] drawdown: Drawdown approaching critical: 6.8%
2026-01-20 13:04:13 | WARNING |    ⚠️ Drawdown approaching critical: 6.8%
2026-01-20 13:04:13 | INFO |    21d Sharpe: 0.00 | 63d Sharpe: 0.00
2026-01-20 13:04:13 | INFO |    Win Rate (20): 16.7% | Drawdown: 6.8%
2026-01-20 13:04:13 | INFO |    P&L Today: $-4.38 | Week: $-4.38 | Total: $-16.64
2026-01-20 13:04:13 | WARNING | [WARNING] drawdown: Drawdown approaching critical: 6.8%
2026-01-20 13:04:13 | INFO | 📊 Daily summary saved to /Users/jakobmccleary/Desktop/Stock Predictor/.monitoring/daily_summaries/summary_2026-01-20.json
2026-01-20 13:04:13 | INFO |    📄 Daily summary saved
2026-01-20 13:04:13 | INFO | ==================================================
AEE260220C00105000: Spread stop-loss close failed (trying individual legs): {"code":42210000,"message":"qty must be \u003e 0"}
AEE260220C00105000: stop-loss close failed: {"code":40310000,"message":"account not eligible to trade uncovered option contracts"}
AEE260220C00110000: Spread stop-loss close failed (trying individual legs): {"code":42210000,"message":"qty must be \u003e 0"}
AEE260220C00110000: stop-loss close failed: {"code":40010001,"message":"qty must be \u003e 0"}
AEE: Confidence 0.038447 ✓ (threshold 0.001)
AEE: Z-Score +2.06 (very_strong) ✅ (threshold 1.0)
AEE: Rank #1 by zscore (2.0613) | Limit: 1/period
PCG: Confidence 0.015621 ✓ (threshold 0.001)
PCG: Z-Score -1.65 (strong) ✅ (threshold 1.0)
PCG: Rank #2 by zscore (1.6498) | Limit: 1/period
PCG: BUY skipped (already holding)
Tue Jan 20 13:09:13 CST 2026 - Running auto trader...
2026-01-20 13:09:15 | INFO | 🔌 Circuit Breaker Status: tripped=False, daily_pnl=-0.01%, trades_today=3
2026-01-20 13:09:15 | INFO | 📂 Loaded 6 trades from /Users/jakobmccleary/Desktop/Stock Predictor/.monitoring/performance_data.json
2026-01-20 13:09:15 | INFO | 📊 Performance Monitor: 6 historical trades loaded
2026-01-20 13:09:15 | INFO | 💰 Account: equity=$46,632.73, buying_power=$74,609.71, starting_capital=$50,000.00
2026-01-20 13:09:15 | INFO | 📋 Trade Log: 13 trades from /Users/jakobmccleary/Desktop/Stock Predictor/trade_log.json
2026-01-20 13:09:15 | INFO | 📊 Stats: 4 closed | Win Rate: 50.0% | Total P&L: $712.96
2026-01-20 13:09:15 | INFO | 📁 signals.json path: /Users/jakobmccleary/Desktop/Stock Predictor/signals.json
2026-01-20 13:09:15 | INFO | 📊 Loaded 15 signals
2026-01-20 13:09:15 | INFO | AEE: skipped duplicate option signal (already traded BULL_CALL_SPREAD today)
2026-01-20 13:09:16 | ERROR | 
1 Failed download:
2026-01-20 13:09:16 | ERROR | ['PCG']: JSONDecodeError('Expecting value: line 1 column 1 (char 0)')
2026-01-20 13:09:16 | INFO | 📉 XEL: FILTERED - Z-score 1.22 < 1.5
2026-01-20 13:09:16 | INFO | 📉 ORA: FILTERED - Z-score 1.21 < 1.5
2026-01-20 13:09:16 | INFO | 📉 DUK: FILTERED - Z-score 1.18 < 1.5
2026-01-20 13:09:16 | INFO | 📉 CEG: FILTERED - Z-score 0.63 < 1.5
2026-01-20 13:09:16 | INFO | 📉 NEE: FILTERED - Z-score 0.58 < 1.5
2026-01-20 13:09:16 | INFO | 📉 TLN: FILTERED - Z-score 0.58 < 1.5
2026-01-20 13:09:16 | INFO | 📉 EQIX: FILTERED - Z-score 0.58 < 1.5
2026-01-20 13:09:16 | INFO | 📉 PWR: FILTERED - Z-score 0.53 < 1.5
2026-01-20 13:09:16 | INFO | 📉 DLR: FILTERED - Z-score 0.41 < 1.5
2026-01-20 13:09:16 | INFO | 📉 ETR: FILTERED - Z-score 0.23 < 1.5
2026-01-20 13:09:16 | INFO | 📉 VRT: FILTERED - Z-score 0.14 < 1.5
2026-01-20 13:09:16 | INFO | 📉 BEP: FILTERED - Z-score 0.07 < 1.5
2026-01-20 13:09:16 | INFO | 📉 D: FILTERED - Z-score 0.07 < 1.5
2026-01-20 13:09:16 | INFO | ==================================================
2026-01-20 13:09:16 | INFO | 📈 TRADING SESSION COMPLETE
2026-01-20 13:09:16 | INFO |    Signals processed: 15
2026-01-20 13:09:16 | INFO |    Trades executed: 0
2026-01-20 13:09:16 | INFO |    Trades skipped/filtered: 14
2026-01-20 13:09:16 | INFO |    Circuit breaker: ✅ OK
2026-01-20 13:09:16 | INFO |    Daily P&L: -0.01% | Weekly: -0.01%
2026-01-20 13:09:16 | INFO |    Consecutive losses: 1
2026-01-20 13:09:16 | INFO | --------------------------------------------------
2026-01-20 13:09:16 | INFO | 📊 PERFORMANCE MONITOR
2026-01-20 13:09:16 | WARNING | [WARNING] drawdown: Drawdown approaching critical: 6.7%
2026-01-20 13:09:16 | WARNING |    ⚠️ Drawdown approaching critical: 6.7%
2026-01-20 13:09:16 | INFO |    21d Sharpe: 0.00 | 63d Sharpe: 0.00
2026-01-20 13:09:16 | INFO |    Win Rate (20): 16.7% | Drawdown: 6.7%
2026-01-20 13:09:16 | INFO |    P&L Today: $-4.38 | Week: $-4.38 | Total: $-16.64
2026-01-20 13:09:16 | WARNING | [WARNING] drawdown: Drawdown approaching critical: 6.7%
2026-01-20 13:09:16 | INFO | 📊 Daily summary saved to /Users/jakobmccleary/Desktop/Stock Predictor/.monitoring/daily_summaries/summary_2026-01-20.json
2026-01-20 13:09:16 | INFO |    📄 Daily summary saved
2026-01-20 13:09:16 | INFO | ==================================================
AEE260220C00105000: Spread stop-loss close failed (trying individual legs): {"code":42210000,"message":"qty must be \u003e 0"}
AEE260220C00105000: stop-loss close failed: {"code":40310000,"message":"account not eligible to trade uncovered option contracts"}
AEE260220C00110000: Spread stop-loss close failed (trying individual legs): {"code":42210000,"message":"qty must be \u003e 0"}
AEE260220C00110000: stop-loss close failed: {"code":40010001,"message":"qty must be \u003e 0"}
AEE: Confidence 0.038447 ✓ (threshold 0.001)
AEE: Z-Score +2.06 (very_strong) ✅ (threshold 1.0)
AEE: Rank #1 by zscore (2.0613) | Limit: 1/period
PCG: Confidence 0.015621 ✓ (threshold 0.001)
PCG: Z-Score -1.65 (strong) ✅ (threshold 1.0)
PCG: Rank #2 by zscore (1.6498) | Limit: 1/period
PCG: BUY skipped (already holding)
Tue Jan 20 13:14:16 CST 2026 - Running auto trader...
2026-01-20 13:14:17 | INFO | 🔌 Circuit Breaker Status: tripped=False, daily_pnl=-0.01%, trades_today=3
2026-01-20 13:14:17 | INFO | 📂 Loaded 6 trades from /Users/jakobmccleary/Desktop/Stock Predictor/.monitoring/performance_data.json
2026-01-20 13:14:17 | INFO | 📊 Performance Monitor: 6 historical trades loaded
2026-01-20 13:14:17 | INFO | 💰 Account: equity=$46,615.62, buying_power=$74,592.60, starting_capital=$50,000.00
2026-01-20 13:14:17 | INFO | 📋 Trade Log: 13 trades from /Users/jakobmccleary/Desktop/Stock Predictor/trade_log.json
2026-01-20 13:14:17 | INFO | 📊 Stats: 4 closed | Win Rate: 50.0% | Total P&L: $712.96
2026-01-20 13:14:17 | INFO | 📁 signals.json path: /Users/jakobmccleary/Desktop/Stock Predictor/signals.json
2026-01-20 13:14:17 | INFO | 📊 Loaded 15 signals
2026-01-20 13:14:17 | INFO | AEE: skipped duplicate option signal (already traded BULL_CALL_SPREAD today)
2026-01-20 13:14:18 | ERROR | 
1 Failed download:
2026-01-20 13:14:18 | ERROR | ['PCG']: JSONDecodeError('Expecting value: line 1 column 1 (char 0)')
2026-01-20 13:14:18 | INFO | 📉 XEL: FILTERED - Z-score 1.22 < 1.5
2026-01-20 13:14:18 | INFO | 📉 ORA: FILTERED - Z-score 1.21 < 1.5
2026-01-20 13:14:18 | INFO | 📉 DUK: FILTERED - Z-score 1.18 < 1.5
2026-01-20 13:14:18 | INFO | 📉 CEG: FILTERED - Z-score 0.63 < 1.5
2026-01-20 13:14:18 | INFO | 📉 NEE: FILTERED - Z-score 0.58 < 1.5
2026-01-20 13:14:18 | INFO | 📉 TLN: FILTERED - Z-score 0.58 < 1.5
2026-01-20 13:14:18 | INFO | 📉 EQIX: FILTERED - Z-score 0.58 < 1.5
2026-01-20 13:14:18 | INFO | 📉 PWR: FILTERED - Z-score 0.53 < 1.5
2026-01-20 13:14:18 | INFO | 📉 DLR: FILTERED - Z-score 0.41 < 1.5
2026-01-20 13:14:18 | INFO | 📉 ETR: FILTERED - Z-score 0.23 < 1.5
2026-01-20 13:14:18 | INFO | 📉 VRT: FILTERED - Z-score 0.14 < 1.5
2026-01-20 13:14:18 | INFO | 📉 BEP: FILTERED - Z-score 0.07 < 1.5
2026-01-20 13:14:18 | INFO | 📉 D: FILTERED - Z-score 0.07 < 1.5
2026-01-20 13:14:18 | INFO | ==================================================
2026-01-20 13:14:18 | INFO | 📈 TRADING SESSION COMPLETE
2026-01-20 13:14:18 | INFO |    Signals processed: 15
2026-01-20 13:14:18 | INFO |    Trades executed: 0
2026-01-20 13:14:18 | INFO |    Trades skipped/filtered: 14
2026-01-20 13:14:18 | INFO |    Circuit breaker: ✅ OK
2026-01-20 13:14:18 | INFO |    Daily P&L: -0.01% | Weekly: -0.01%
2026-01-20 13:14:18 | INFO |    Consecutive losses: 1
2026-01-20 13:14:18 | INFO | --------------------------------------------------
2026-01-20 13:14:18 | INFO | 📊 PERFORMANCE MONITOR
2026-01-20 13:14:18 | WARNING | [WARNING] drawdown: Drawdown approaching critical: 6.8%
2026-01-20 13:14:18 | WARNING |    ⚠️ Drawdown approaching critical: 6.8%
2026-01-20 13:14:18 | INFO |    21d Sharpe: 0.00 | 63d Sharpe: 0.00
2026-01-20 13:14:18 | INFO |    Win Rate (20): 16.7% | Drawdown: 6.8%
2026-01-20 13:14:18 | INFO |    P&L Today: $-4.38 | Week: $-4.38 | Total: $-16.64
2026-01-20 13:14:18 | WARNING | [WARNING] drawdown: Drawdown approaching critical: 6.8%
2026-01-20 13:14:18 | INFO | 📊 Daily summary saved to /Users/jakobmccleary/Desktop/Stock Predictor/.monitoring/daily_summaries/summary_2026-01-20.json
2026-01-20 13:14:18 | INFO |    📄 Daily summary saved
2026-01-20 13:14:18 | INFO | ==================================================
AEE260220C00105000: Spread stop-loss close failed (trying individual legs): {"code":42210000,"message":"qty must be \u003e 0"}
AEE260220C00105000: stop-loss close failed: {"code":40310000,"message":"account not eligible to trade uncovered option contracts"}
AEE260220C00110000: Spread stop-loss close failed (trying individual legs): {"code":42210000,"message":"qty must be \u003e 0"}
AEE260220C00110000: stop-loss close failed: {"code":40010001,"message":"qty must be \u003e 0"}
AEE: Confidence 0.038447 ✓ (threshold 0.001)
AEE: Z-Score +2.06 (very_strong) ✅ (threshold 1.0)
AEE: Rank #1 by zscore (2.0613) | Limit: 1/period
PCG: Confidence 0.015621 ✓ (threshold 0.001)
PCG: Z-Score -1.65 (strong) ✅ (threshold 1.0)
PCG: Rank #2 by zscore (1.6498) | Limit: 1/period
PCG: BUY skipped (already holding)
Tue Jan 20 13:19:18 CST 2026 - Running auto trader...
2026-01-20 13:19:20 | INFO | 🔌 Circuit Breaker Status: tripped=False, daily_pnl=-0.01%, trades_today=3
2026-01-20 13:19:20 | INFO | 📂 Loaded 6 trades from /Users/jakobmccleary/Desktop/Stock Predictor/.monitoring/performance_data.json
2026-01-20 13:19:20 | INFO | 📊 Performance Monitor: 6 historical trades loaded
2026-01-20 13:19:20 | INFO | 💰 Account: equity=$46,618.26, buying_power=$74,595.24, starting_capital=$50,000.00
2026-01-20 13:19:20 | INFO | 📋 Trade Log: 13 trades from /Users/jakobmccleary/Desktop/Stock Predictor/trade_log.json
2026-01-20 13:19:20 | INFO | 📊 Stats: 4 closed | Win Rate: 50.0% | Total P&L: $712.96
2026-01-20 13:19:20 | INFO | 📁 signals.json path: /Users/jakobmccleary/Desktop/Stock Predictor/signals.json
2026-01-20 13:19:20 | INFO | 📊 Loaded 15 signals
2026-01-20 13:19:20 | INFO | AEE: skipped duplicate option signal (already traded BULL_CALL_SPREAD today)
2026-01-20 13:19:21 | ERROR | 
1 Failed download:
2026-01-20 13:19:21 | ERROR | ['PCG']: JSONDecodeError('Expecting value: line 1 column 1 (char 0)')
2026-01-20 13:19:21 | INFO | 📉 XEL: FILTERED - Z-score 1.22 < 1.5
2026-01-20 13:19:21 | INFO | 📉 ORA: FILTERED - Z-score 1.21 < 1.5
2026-01-20 13:19:21 | INFO | 📉 DUK: FILTERED - Z-score 1.18 < 1.5
2026-01-20 13:19:21 | INFO | 📉 CEG: FILTERED - Z-score 0.63 < 1.5
2026-01-20 13:19:21 | INFO | 📉 NEE: FILTERED - Z-score 0.58 < 1.5
2026-01-20 13:19:21 | INFO | 📉 TLN: FILTERED - Z-score 0.58 < 1.5
2026-01-20 13:19:21 | INFO | 📉 EQIX: FILTERED - Z-score 0.58 < 1.5
2026-01-20 13:19:21 | INFO | 📉 PWR: FILTERED - Z-score 0.53 < 1.5
2026-01-20 13:19:21 | INFO | 📉 DLR: FILTERED - Z-score 0.41 < 1.5
2026-01-20 13:19:21 | INFO | 📉 ETR: FILTERED - Z-score 0.23 < 1.5
2026-01-20 13:19:21 | INFO | 📉 VRT: FILTERED - Z-score 0.14 < 1.5
2026-01-20 13:19:21 | INFO | 📉 BEP: FILTERED - Z-score 0.07 < 1.5
2026-01-20 13:19:21 | INFO | 📉 D: FILTERED - Z-score 0.07 < 1.5
2026-01-20 13:19:21 | INFO | ==================================================
2026-01-20 13:19:21 | INFO | 📈 TRADING SESSION COMPLETE
2026-01-20 13:19:21 | INFO |    Signals processed: 15
2026-01-20 13:19:21 | INFO |    Trades executed: 0
2026-01-20 13:19:21 | INFO |    Trades skipped/filtered: 14
2026-01-20 13:19:21 | INFO |    Circuit breaker: ✅ OK
2026-01-20 13:19:21 | INFO |    Daily P&L: -0.01% | Weekly: -0.01%
2026-01-20 13:19:21 | INFO |    Consecutive losses: 1
2026-01-20 13:19:21 | INFO | --------------------------------------------------
2026-01-20 13:19:21 | INFO | 📊 PERFORMANCE MONITOR
2026-01-20 13:19:21 | WARNING | [WARNING] drawdown: Drawdown approaching critical: 6.8%
2026-01-20 13:19:21 | WARNING |    ⚠️ Drawdown approaching critical: 6.8%
2026-01-20 13:19:21 | INFO |    21d Sharpe: 0.00 | 63d Sharpe: 0.00
2026-01-20 13:19:21 | INFO |    Win Rate (20): 16.7% | Drawdown: 6.8%
2026-01-20 13:19:21 | INFO |    P&L Today: $-4.38 | Week: $-4.38 | Total: $-16.64
2026-01-20 13:19:21 | WARNING | [WARNING] drawdown: Drawdown approaching critical: 6.8%
2026-01-20 13:19:21 | INFO | 📊 Daily summary saved to /Users/jakobmccleary/Desktop/Stock Predictor/.monitoring/daily_summaries/summary_2026-01-20.json
2026-01-20 13:19:21 | INFO |    📄 Daily summary saved
2026-01-20 13:19:21 | INFO | ==================================================
AEE260220C00105000: Spread stop-loss close failed (trying individual legs): {"code":42210000,"message":"qty must be \u003e 0"}
AEE260220C00105000: stop-loss close failed: {"code":40310000,"message":"account not eligible to trade uncovered option contracts"}
AEE260220C00110000: Spread stop-loss close failed (trying individual legs): {"code":42210000,"message":"qty must be \u003e 0"}
AEE260220C00110000: stop-loss close failed: {"code":40010001,"message":"qty must be \u003e 0"}
AEE: Confidence 0.038447 ✓ (threshold 0.001)
AEE: Z-Score +2.06 (very_strong) ✅ (threshold 1.0)
AEE: Rank #1 by zscore (2.0613) | Limit: 1/period
PCG: Confidence 0.015621 ✓ (threshold 0.001)
PCG: Z-Score -1.65 (strong) ✅ (threshold 1.0)
PCG: Rank #2 by zscore (1.6498) | Limit: 1/period
PCG: BUY skipped (already holding)
Tue Jan 20 13:24:21 CST 2026 - Running auto trader...
2026-01-20 13:24:23 | INFO | 🔌 Circuit Breaker Status: tripped=False, daily_pnl=-0.01%, trades_today=3
2026-01-20 13:24:23 | INFO | 📂 Loaded 6 trades from /Users/jakobmccleary/Desktop/Stock Predictor/.monitoring/performance_data.json
2026-01-20 13:24:23 | INFO | 📊 Performance Monitor: 6 historical trades loaded
2026-01-20 13:24:23 | INFO | 💰 Account: equity=$46,556.96, buying_power=$74,593.94, starting_capital=$50,000.00
2026-01-20 13:24:23 | INFO | 📋 Trade Log: 13 trades from /Users/jakobmccleary/Desktop/Stock Predictor/trade_log.json
2026-01-20 13:24:23 | INFO | 📊 Stats: 4 closed | Win Rate: 50.0% | Total P&L: $712.96
2026-01-20 13:24:23 | INFO | 📁 signals.json path: /Users/jakobmccleary/Desktop/Stock Predictor/signals.json
2026-01-20 13:24:23 | INFO | 📊 Loaded 15 signals
2026-01-20 13:24:23 | INFO | AEE: skipped duplicate option signal (already traded BULL_CALL_SPREAD today)
2026-01-20 13:24:24 | ERROR | 
1 Failed download:
2026-01-20 13:24:24 | ERROR | ['PCG']: JSONDecodeError('Expecting value: line 1 column 1 (char 0)')
2026-01-20 13:24:24 | INFO | 📉 XEL: FILTERED - Z-score 1.22 < 1.5
2026-01-20 13:24:24 | INFO | 📉 ORA: FILTERED - Z-score 1.21 < 1.5
2026-01-20 13:24:24 | INFO | 📉 DUK: FILTERED - Z-score 1.18 < 1.5
2026-01-20 13:24:24 | INFO | 📉 CEG: FILTERED - Z-score 0.63 < 1.5
2026-01-20 13:24:24 | INFO | 📉 NEE: FILTERED - Z-score 0.58 < 1.5
2026-01-20 13:24:24 | INFO | 📉 TLN: FILTERED - Z-score 0.58 < 1.5
2026-01-20 13:24:24 | INFO | 📉 EQIX: FILTERED - Z-score 0.58 < 1.5
2026-01-20 13:24:24 | INFO | 📉 PWR: FILTERED - Z-score 0.53 < 1.5
2026-01-20 13:24:24 | INFO | 📉 DLR: FILTERED - Z-score 0.41 < 1.5
2026-01-20 13:24:24 | INFO | 📉 ETR: FILTERED - Z-score 0.23 < 1.5
2026-01-20 13:24:24 | INFO | 📉 VRT: FILTERED - Z-score 0.14 < 1.5
2026-01-20 13:24:24 | INFO | 📉 BEP: FILTERED - Z-score 0.07 < 1.5
2026-01-20 13:24:24 | INFO | 📉 D: FILTERED - Z-score 0.07 < 1.5
2026-01-20 13:24:24 | INFO | ==================================================
2026-01-20 13:24:24 | INFO | 📈 TRADING SESSION COMPLETE
2026-01-20 13:24:24 | INFO |    Signals processed: 15
2026-01-20 13:24:24 | INFO |    Trades executed: 0
2026-01-20 13:24:24 | INFO |    Trades skipped/filtered: 14
2026-01-20 13:24:24 | INFO |    Circuit breaker: ✅ OK
2026-01-20 13:24:24 | INFO |    Daily P&L: -0.01% | Weekly: -0.01%
2026-01-20 13:24:24 | INFO |    Consecutive losses: 1
2026-01-20 13:24:24 | INFO | --------------------------------------------------
2026-01-20 13:24:24 | INFO | 📊 PERFORMANCE MONITOR
2026-01-20 13:24:24 | WARNING | [WARNING] drawdown: Drawdown approaching critical: 6.9%
2026-01-20 13:24:24 | WARNING |    ⚠️ Drawdown approaching critical: 6.9%
2026-01-20 13:24:24 | INFO |    21d Sharpe: 0.00 | 63d Sharpe: 0.00
2026-01-20 13:24:24 | INFO |    Win Rate (20): 16.7% | Drawdown: 6.9%
2026-01-20 13:24:24 | INFO |    P&L Today: $-4.38 | Week: $-4.38 | Total: $-16.64
2026-01-20 13:24:24 | WARNING | [WARNING] drawdown: Drawdown approaching critical: 6.9%
2026-01-20 13:24:24 | INFO | 📊 Daily summary saved to /Users/jakobmccleary/Desktop/Stock Predictor/.monitoring/daily_summaries/summary_2026-01-20.json
2026-01-20 13:24:24 | INFO |    📄 Daily summary saved
2026-01-20 13:24:24 | INFO | ==================================================
AEE260220C00105000: Spread stop-loss close failed (trying individual legs): {"code":42210000,"message":"qty must be \u003e 0"}
AEE260220C00105000: stop-loss close failed: {"code":40310000,"message":"account not eligible to trade uncovered option contracts"}
AEE260220C00110000: Spread stop-loss close failed (trying individual legs): {"code":42210000,"message":"qty must be \u003e 0"}
AEE260220C00110000: stop-loss close failed: {"code":40010001,"message":"qty must be \u003e 0"}
AEE: Confidence 0.038447 ✓ (threshold 0.001)
AEE: Z-Score +2.06 (very_strong) ✅ (threshold 1.0)
AEE: Rank #1 by zscore (2.0613) | Limit: 1/period
PCG: Confidence 0.015621 ✓ (threshold 0.001)
PCG: Z-Score -1.65 (strong) ✅ (threshold 1.0)
PCG: Rank #2 by zscore (1.6498) | Limit: 1/period
PCG: BUY skipped (already holding)
Tue Jan 20 13:29:24 CST 2026 - Running auto trader...
2026-01-20 13:29:25 | INFO | 🔌 Circuit Breaker Status: tripped=False, daily_pnl=-0.01%, trades_today=3
2026-01-20 13:29:25 | INFO | 📂 Loaded 6 trades from /Users/jakobmccleary/Desktop/Stock Predictor/.monitoring/performance_data.json
2026-01-20 13:29:25 | INFO | 📊 Performance Monitor: 6 historical trades loaded
2026-01-20 13:29:25 | INFO | 💰 Account: equity=$46,592.64, buying_power=$74,609.62, starting_capital=$50,000.00
2026-01-20 13:29:25 | INFO | 📋 Trade Log: 13 trades from /Users/jakobmccleary/Desktop/Stock Predictor/trade_log.json
2026-01-20 13:29:25 | INFO | 📊 Stats: 4 closed | Win Rate: 50.0% | Total P&L: $712.96
2026-01-20 13:29:26 | INFO | 📁 signals.json path: /Users/jakobmccleary/Desktop/Stock Predictor/signals.json
2026-01-20 13:29:26 | INFO | 📊 Loaded 15 signals
2026-01-20 13:29:26 | INFO | AEE: skipped duplicate option signal (already traded BULL_CALL_SPREAD today)
2026-01-20 13:29:26 | ERROR | 
1 Failed download:
2026-01-20 13:29:26 | ERROR | ['PCG']: JSONDecodeError('Expecting value: line 1 column 1 (char 0)')
2026-01-20 13:29:26 | INFO | 📉 XEL: FILTERED - Z-score 1.22 < 1.5
2026-01-20 13:29:26 | INFO | 📉 ORA: FILTERED - Z-score 1.21 < 1.5
2026-01-20 13:29:26 | INFO | 📉 DUK: FILTERED - Z-score 1.18 < 1.5
2026-01-20 13:29:26 | INFO | 📉 CEG: FILTERED - Z-score 0.63 < 1.5
2026-01-20 13:29:26 | INFO | 📉 NEE: FILTERED - Z-score 0.58 < 1.5
2026-01-20 13:29:26 | INFO | 📉 TLN: FILTERED - Z-score 0.58 < 1.5
2026-01-20 13:29:26 | INFO | 📉 EQIX: FILTERED - Z-score 0.58 < 1.5
2026-01-20 13:29:26 | INFO | 📉 PWR: FILTERED - Z-score 0.53 < 1.5
2026-01-20 13:29:26 | INFO | 📉 DLR: FILTERED - Z-score 0.41 < 1.5
2026-01-20 13:29:26 | INFO | 📉 ETR: FILTERED - Z-score 0.23 < 1.5
2026-01-20 13:29:26 | INFO | 📉 VRT: FILTERED - Z-score 0.14 < 1.5
2026-01-20 13:29:26 | INFO | 📉 BEP: FILTERED - Z-score 0.07 < 1.5
2026-01-20 13:29:26 | INFO | 📉 D: FILTERED - Z-score 0.07 < 1.5
2026-01-20 13:29:26 | INFO | ==================================================
2026-01-20 13:29:26 | INFO | 📈 TRADING SESSION COMPLETE
2026-01-20 13:29:26 | INFO |    Signals processed: 15
2026-01-20 13:29:26 | INFO |    Trades executed: 0
2026-01-20 13:29:26 | INFO |    Trades skipped/filtered: 14
2026-01-20 13:29:26 | INFO |    Circuit breaker: ✅ OK
2026-01-20 13:29:26 | INFO |    Daily P&L: -0.01% | Weekly: -0.01%
2026-01-20 13:29:26 | INFO |    Consecutive losses: 1
2026-01-20 13:29:26 | INFO | --------------------------------------------------
2026-01-20 13:29:26 | INFO | 📊 PERFORMANCE MONITOR
2026-01-20 13:29:26 | WARNING | [WARNING] drawdown: Drawdown approaching critical: 6.8%
2026-01-20 13:29:26 | WARNING |    ⚠️ Drawdown approaching critical: 6.8%
2026-01-20 13:29:26 | INFO |    21d Sharpe: 0.00 | 63d Sharpe: 0.00
2026-01-20 13:29:26 | INFO |    Win Rate (20): 16.7% | Drawdown: 6.8%
2026-01-20 13:29:26 | INFO |    P&L Today: $-4.38 | Week: $-4.38 | Total: $-16.64
2026-01-20 13:29:26 | WARNING | [WARNING] drawdown: Drawdown approaching critical: 6.8%
2026-01-20 13:29:26 | INFO | 📊 Daily summary saved to /Users/jakobmccleary/Desktop/Stock Predictor/.monitoring/daily_summaries/summary_2026-01-20.json
2026-01-20 13:29:26 | INFO |    📄 Daily summary saved
2026-01-20 13:29:26 | INFO | ==================================================
AEE260220C00105000: Spread stop-loss close failed (trying individual legs): {"code":42210000,"message":"qty must be \u003e 0"}
AEE260220C00105000: stop-loss close failed: {"code":40310000,"message":"account not eligible to trade uncovered option contracts"}
AEE260220C00110000: Spread stop-loss close failed (trying individual legs): {"code":42210000,"message":"qty must be \u003e 0"}
AEE260220C00110000: stop-loss close failed: {"code":40010001,"message":"qty must be \u003e 0"}
AEE: Confidence 0.038447 ✓ (threshold 0.001)
AEE: Z-Score +2.06 (very_strong) ✅ (threshold 1.0)
AEE: Rank #1 by zscore (2.0613) | Limit: 1/period
PCG: Confidence 0.015621 ✓ (threshold 0.001)
PCG: Z-Score -1.65 (strong) ✅ (threshold 1.0)
PCG: Rank #2 by zscore (1.6498) | Limit: 1/period
PCG: BUY skipped (already holding)
Tue Jan 20 13:34:27 CST 2026 - Running auto trader...
2026-01-20 13:34:28 | INFO | 🔌 Circuit Breaker Status: tripped=False, daily_pnl=-0.01%, trades_today=3
2026-01-20 13:34:28 | INFO | 📂 Loaded 6 trades from /Users/jakobmccleary/Desktop/Stock Predictor/.monitoring/performance_data.json
2026-01-20 13:34:28 | INFO | 📊 Performance Monitor: 6 historical trades loaded
2026-01-20 13:34:28 | INFO | 💰 Account: equity=$46,539.83, buying_power=$74,556.81, starting_capital=$50,000.00
2026-01-20 13:34:28 | INFO | 📋 Trade Log: 13 trades from /Users/jakobmccleary/Desktop/Stock Predictor/trade_log.json
2026-01-20 13:34:28 | INFO | 📊 Stats: 4 closed | Win Rate: 50.0% | Total P&L: $712.96
2026-01-20 13:34:28 | INFO | 📁 signals.json path: /Users/jakobmccleary/Desktop/Stock Predictor/signals.json
2026-01-20 13:34:28 | INFO | 📊 Loaded 15 signals
2026-01-20 13:34:28 | INFO | AEE: skipped duplicate option signal (already traded BULL_CALL_SPREAD today)
2026-01-20 13:34:29 | ERROR | 
1 Failed download:
2026-01-20 13:34:29 | ERROR | ['PCG']: JSONDecodeError('Expecting value: line 1 column 1 (char 0)')
2026-01-20 13:34:29 | INFO | 📉 XEL: FILTERED - Z-score 1.22 < 1.5
2026-01-20 13:34:29 | INFO | 📉 ORA: FILTERED - Z-score 1.21 < 1.5
2026-01-20 13:34:29 | INFO | 📉 DUK: FILTERED - Z-score 1.18 < 1.5
2026-01-20 13:34:29 | INFO | 📉 CEG: FILTERED - Z-score 0.63 < 1.5
2026-01-20 13:34:29 | INFO | 📉 NEE: FILTERED - Z-score 0.58 < 1.5
2026-01-20 13:34:29 | INFO | 📉 TLN: FILTERED - Z-score 0.58 < 1.5
2026-01-20 13:34:29 | INFO | 📉 EQIX: FILTERED - Z-score 0.58 < 1.5
2026-01-20 13:34:29 | INFO | 📉 PWR: FILTERED - Z-score 0.53 < 1.5
2026-01-20 13:34:29 | INFO | 📉 DLR: FILTERED - Z-score 0.41 < 1.5
2026-01-20 13:34:29 | INFO | 📉 ETR: FILTERED - Z-score 0.23 < 1.5
2026-01-20 13:34:29 | INFO | 📉 VRT: FILTERED - Z-score 0.14 < 1.5
2026-01-20 13:34:29 | INFO | 📉 BEP: FILTERED - Z-score 0.07 < 1.5
2026-01-20 13:34:29 | INFO | 📉 D: FILTERED - Z-score 0.07 < 1.5
2026-01-20 13:34:29 | INFO | ==================================================
2026-01-20 13:34:29 | INFO | 📈 TRADING SESSION COMPLETE
2026-01-20 13:34:29 | INFO |    Signals processed: 15
2026-01-20 13:34:29 | INFO |    Trades executed: 0
2026-01-20 13:34:29 | INFO |    Trades skipped/filtered: 14
2026-01-20 13:34:29 | INFO |    Circuit breaker: ✅ OK
2026-01-20 13:34:29 | INFO |    Daily P&L: -0.01% | Weekly: -0.01%
2026-01-20 13:34:29 | INFO |    Consecutive losses: 1
2026-01-20 13:34:29 | INFO | --------------------------------------------------
2026-01-20 13:34:29 | INFO | 📊 PERFORMANCE MONITOR
2026-01-20 13:34:29 | WARNING | [WARNING] drawdown: Drawdown approaching critical: 6.9%
2026-01-20 13:34:29 | WARNING |    ⚠️ Drawdown approaching critical: 6.9%
2026-01-20 13:34:29 | INFO |    21d Sharpe: 0.00 | 63d Sharpe: 0.00
2026-01-20 13:34:29 | INFO |    Win Rate (20): 16.7% | Drawdown: 6.9%
2026-01-20 13:34:29 | INFO |    P&L Today: $-4.38 | Week: $-4.38 | Total: $-16.64
2026-01-20 13:34:29 | WARNING | [WARNING] drawdown: Drawdown approaching critical: 6.9%
2026-01-20 13:34:29 | INFO | 📊 Daily summary saved to /Users/jakobmccleary/Desktop/Stock Predictor/.monitoring/daily_summaries/summary_2026-01-20.json
2026-01-20 13:34:29 | INFO |    📄 Daily summary saved
2026-01-20 13:34:29 | INFO | ==================================================
AEE260220C00105000: Spread stop-loss close failed (trying individual legs): {"code":42210000,"message":"qty must be \u003e 0"}
AEE260220C00105000: stop-loss close failed: {"code":40310000,"message":"account not eligible to trade uncovered option contracts"}
AEE260220C00110000: Spread stop-loss close failed (trying individual legs): {"code":42210000,"message":"qty must be \u003e 0"}
AEE260220C00110000: stop-loss close failed: {"code":40010001,"message":"qty must be \u003e 0"}
AEE: Confidence 0.038447 ✓ (threshold 0.001)
AEE: Z-Score +2.06 (very_strong) ✅ (threshold 1.0)
AEE: Rank #1 by zscore (2.0613) | Limit: 1/period
PCG: Confidence 0.015621 ✓ (threshold 0.001)
PCG: Z-Score -1.65 (strong) ✅ (threshold 1.0)
PCG: Rank #2 by zscore (1.6498) | Limit: 1/period
PCG: BUY skipped (already holding)
Tue Jan 20 13:39:29 CST 2026 - Running auto trader...
2026-01-20 13:39:30 | INFO | 🔌 Circuit Breaker Status: tripped=False, daily_pnl=-0.01%, trades_today=3
2026-01-20 13:39:30 | INFO | 📂 Loaded 6 trades from /Users/jakobmccleary/Desktop/Stock Predictor/.monitoring/performance_data.json
2026-01-20 13:39:30 | INFO | 📊 Performance Monitor: 6 historical trades loaded
2026-01-20 13:39:30 | INFO | 💰 Account: equity=$46,551.61, buying_power=$74,209.13, starting_capital=$50,000.00
2026-01-20 13:39:30 | INFO | 📋 Trade Log: 14 trades from /Users/jakobmccleary/Desktop/Stock Predictor/trade_log.json
2026-01-20 13:39:30 | INFO | 📊 Stats: 4 closed | Win Rate: 50.0% | Total P&L: $712.96
2026-01-20 13:39:31 | WARNING | 🚫 Max open positions reached (10/10). No new trades.
AEE260220C00105000: Spread stop-loss close failed (trying individual legs): {"code":42210000,"message":"qty must be \u003e 0"}
AEE260220C00105000: stop-loss close failed: {"code":40310000,"message":"account not eligible to trade uncovered option contracts"}
AEE260220C00110000: Spread stop-loss close failed (trying individual legs): {"code":42210000,"message":"qty must be \u003e 0"}
AEE260220C00110000: stop-loss close failed: {"code":40010001,"message":"qty must be \u003e 0"}
Tue Jan 20 13:44:31 CST 2026 - Running auto trader...
2026-01-20 13:44:32 | INFO | 🔌 Circuit Breaker Status: tripped=False, daily_pnl=-0.01%, trades_today=3
2026-01-20 13:44:32 | INFO | 📂 Loaded 6 trades from /Users/jakobmccleary/Desktop/Stock Predictor/.monitoring/performance_data.json
2026-01-20 13:44:32 | INFO | 📊 Performance Monitor: 6 historical trades loaded
2026-01-20 13:44:32 | INFO | 💰 Account: equity=$46,562.88, buying_power=$74,220.40, starting_capital=$50,000.00
2026-01-20 13:44:32 | INFO | 📋 Trade Log: 14 trades from /Users/jakobmccleary/Desktop/Stock Predictor/trade_log.json
2026-01-20 13:44:32 | INFO | 📊 Stats: 4 closed | Win Rate: 50.0% | Total P&L: $712.96
2026-01-20 13:44:32 | WARNING | 🚫 Max open positions reached (10/10). No new trades.
AEE260220C00105000: Spread stop-loss close failed (trying individual legs): {"code":42210000,"message":"qty must be \u003e 0"}
AEE260220C00105000: stop-loss close failed: {"code":40310000,"message":"account not eligible to trade uncovered option contracts"}
AEE260220C00110000: Spread stop-loss close failed (trying individual legs): {"code":42210000,"message":"qty must be \u003e 0"}
AEE260220C00110000: stop-loss close failed: {"code":40010001,"message":"qty must be \u003e 0"}
Tue Jan 20 13:49:33 CST 2026 - Running auto trader...
2026-01-20 13:49:34 | INFO | 🔌 Circuit Breaker Status: tripped=False, daily_pnl=-0.01%, trades_today=3
2026-01-20 13:49:34 | INFO | 📂 Loaded 6 trades from /Users/jakobmccleary/Desktop/Stock Predictor/.monitoring/performance_data.json
2026-01-20 13:49:34 | INFO | 📊 Performance Monitor: 6 historical trades loaded
2026-01-20 13:49:34 | INFO | 💰 Account: equity=$46,608.08, buying_power=$74,225.60, starting_capital=$50,000.00
2026-01-20 13:49:34 | INFO | 📋 Trade Log: 14 trades from /Users/jakobmccleary/Desktop/Stock Predictor/trade_log.json
2026-01-20 13:49:34 | INFO | 📊 Stats: 4 closed | Win Rate: 50.0% | Total P&L: $712.96
2026-01-20 13:49:34 | WARNING | 🚫 Max open positions reached (10/10). No new trades.
AEE260220C00105000: Spread stop-loss close failed (trying individual legs): {"code":42210000,"message":"qty must be \u003e 0"}
AEE260220C00105000: stop-loss close failed: {"code":40310000,"message":"account not eligible to trade uncovered option contracts"}
AEE260220C00110000: Spread stop-loss close failed (trying individual legs): {"code":42210000,"message":"qty must be \u003e 0"}
AEE260220C00110000: stop-loss close failed: {"code":40010001,"message":"qty must be \u003e 0"}
Tue Jan 20 13:54:34 CST 2026 - Running auto trader...
2026-01-20 13:54:36 | INFO | 🔌 Circuit Breaker Status: tripped=False, daily_pnl=-0.01%, trades_today=3
2026-01-20 13:54:36 | INFO | 📂 Loaded 6 trades from /Users/jakobmccleary/Desktop/Stock Predictor/.monitoring/performance_data.json
2026-01-20 13:54:36 | INFO | 📊 Performance Monitor: 6 historical trades loaded
2026-01-20 13:54:36 | INFO | 💰 Account: equity=$46,618.91, buying_power=$74,236.43, starting_capital=$50,000.00
2026-01-20 13:54:36 | INFO | 📋 Trade Log: 14 trades from /Users/jakobmccleary/Desktop/Stock Predictor/trade_log.json
2026-01-20 13:54:36 | INFO | 📊 Stats: 4 closed | Win Rate: 50.0% | Total P&L: $712.96
2026-01-20 13:54:36 | WARNING | 🚫 Max open positions reached (10/10). No new trades.
AEE260220C00105000: Spread stop-loss close failed (trying individual legs): {"code":42210000,"message":"qty must be \u003e 0"}
AEE260220C00105000: stop-loss close failed: {"code":40310000,"message":"account not eligible to trade uncovered option contracts"}
AEE260220C00110000: Spread stop-loss close failed (trying individual legs): {"code":42210000,"message":"qty must be \u003e 0"}
AEE260220C00110000: stop-loss close failed: {"code":40010001,"message":"qty must be \u003e 0"}
Tue Jan 20 13:59:36 CST 2026 - Running auto trader...
2026-01-20 13:59:37 | INFO | 🔌 Circuit Breaker Status: tripped=False, daily_pnl=-0.01%, trades_today=3
2026-01-20 13:59:37 | INFO | 📂 Loaded 6 trades from /Users/jakobmccleary/Desktop/Stock Predictor/.monitoring/performance_data.json
2026-01-20 13:59:37 | INFO | 📊 Performance Monitor: 6 historical trades loaded
2026-01-20 13:59:37 | INFO | 💰 Account: equity=$46,615.30, buying_power=$74,232.82, starting_capital=$50,000.00
2026-01-20 13:59:37 | INFO | 📋 Trade Log: 14 trades from /Users/jakobmccleary/Desktop/Stock Predictor/trade_log.json
2026-01-20 13:59:37 | INFO | 📊 Stats: 4 closed | Win Rate: 50.0% | Total P&L: $712.96
2026-01-20 13:59:38 | WARNING | 🚫 Max open positions reached (10/10). No new trades.
AEE260220C00105000: Spread stop-loss close failed (trying individual legs): {"code":42210000,"message":"qty must be \u003e 0"}
AEE260220C00105000: stop-loss close failed: {"code":40310000,"message":"account not eligible to trade uncovered option contracts"}
AEE260220C00110000: Spread stop-loss close failed (trying individual legs): {"code":42210000,"message":"qty must be \u003e 0"}
AEE260220C00110000: stop-loss close failed: {"code":40010001,"message":"qty must be \u003e 0"}
Tue Jan 20 14:04:38 CST 2026 - Running auto trader...
2026-01-20 14:04:39 | INFO | 🔌 Circuit Breaker Status: tripped=False, daily_pnl=-0.04%, trades_today=4
2026-01-20 14:04:39 | INFO | 📂 Loaded 7 trades from /Users/jakobmccleary/Desktop/Stock Predictor/.monitoring/performance_data.json
2026-01-20 14:04:39 | INFO | 📊 Performance Monitor: 7 historical trades loaded
2026-01-20 14:04:39 | INFO | 💰 Account: equity=$46,618.97, buying_power=$74,657.11, starting_capital=$50,000.00
2026-01-20 14:04:39 | INFO | 📋 Trade Log: 14 trades from /Users/jakobmccleary/Desktop/Stock Predictor/trade_log.json
2026-01-20 14:04:39 | INFO | 📊 Stats: 5 closed | Win Rate: 40.0% | Total P&L: $697.81
2026-01-20 14:04:39 | INFO | 📁 signals.json path: /Users/jakobmccleary/Desktop/Stock Predictor/signals.json
2026-01-20 14:04:39 | INFO | 📊 Loaded 15 signals
2026-01-20 14:04:39 | INFO | 📉 SWX: FILTERED - Z-score 1.25 < 1.5
2026-01-20 14:04:39 | INFO | 📉 AMSC: FILTERED - Z-score 1.14 < 1.5
2026-01-20 14:04:39 | INFO | 📉 SEI: FILTERED - Z-score 0.72 < 1.5
2026-01-20 14:04:39 | INFO | 📉 CCI: FILTERED - Z-score 0.71 < 1.5
2026-01-20 14:04:39 | INFO | 📉 SRE: FILTERED - Z-score 0.69 < 1.5
2026-01-20 14:04:39 | INFO | 📉 EQIX: FILTERED - Z-score 0.58 < 1.5
2026-01-20 14:04:39 | INFO | 📉 GEV: FILTERED - Z-score 0.57 < 1.5
2026-01-20 14:04:39 | INFO | 📉 PWR: FILTERED - Z-score 0.53 < 1.5
2026-01-20 14:04:39 | INFO | 📉 AMT: FILTERED - Z-score 0.48 < 1.5
2026-01-20 14:04:39 | INFO | 📉 DLR: FILTERED - Z-score 0.41 < 1.5
2026-01-20 14:04:39 | INFO | 📉 URI: FILTERED - Z-score 0.41 < 1.5
2026-01-20 14:04:39 | INFO | 📉 CLSK: FILTERED - Z-score 0.35 < 1.5
2026-01-20 14:04:39 | INFO | 📉 LNT: FILTERED - Z-score 0.31 < 1.5
2026-01-20 14:04:39 | INFO | 📉 PEG: FILTERED - Z-score 0.16 < 1.5
2026-01-20 14:04:39 | INFO | 📉 ETN: FILTERED - Z-score 0.06 < 1.5
2026-01-20 14:04:39 | INFO | ==================================================
2026-01-20 14:04:39 | INFO | 📈 TRADING SESSION COMPLETE
2026-01-20 14:04:39 | INFO |    Signals processed: 15
2026-01-20 14:04:39 | INFO |    Trades executed: 0
2026-01-20 14:04:39 | INFO |    Trades skipped/filtered: 15
2026-01-20 14:04:39 | INFO |    Circuit breaker: ✅ OK
2026-01-20 14:04:39 | INFO |    Daily P&L: -0.04% | Weekly: -0.04%
2026-01-20 14:04:39 | INFO |    Consecutive losses: 2
2026-01-20 14:04:39 | INFO | --------------------------------------------------
2026-01-20 14:04:39 | INFO | 📊 PERFORMANCE MONITOR
2026-01-20 14:04:39 | WARNING | [WARNING] drawdown: Drawdown approaching critical: 6.8%
2026-01-20 14:04:39 | WARNING |    ⚠️ Drawdown approaching critical: 6.8%
2026-01-20 14:04:39 | INFO |    21d Sharpe: 0.00 | 63d Sharpe: 0.00
2026-01-20 14:04:39 | INFO |    Win Rate (20): 14.3% | Drawdown: 6.8%
2026-01-20 14:04:39 | INFO |    P&L Today: $-17.49 | Week: $-17.49 | Total: $-29.75
2026-01-20 14:04:39 | WARNING | [WARNING] drawdown: Drawdown approaching critical: 6.8%
2026-01-20 14:04:39 | INFO | 📊 Daily summary saved to /Users/jakobmccleary/Desktop/Stock Predictor/.monitoring/daily_summaries/summary_2026-01-20.json
2026-01-20 14:04:39 | INFO |    📄 Daily summary saved
2026-01-20 14:04:39 | INFO | ==================================================
AEE260220C00105000: Spread stop-loss close failed (trying individual legs): {"code":42210000,"message":"qty must be \u003e 0"}
AEE260220C00105000: stop-loss close failed: {"code":40310000,"message":"account not eligible to trade uncovered option contracts"}
AEE260220C00110000: Spread stop-loss close failed (trying individual legs): {"code":42210000,"message":"qty must be \u003e 0"}
AEE260220C00110000: stop-loss close failed: {"code":40010001,"message":"qty must be \u003e 0"}
Tue Jan 20 14:09:40 CST 2026 - Running auto trader...
2026-01-20 14:09:41 | INFO | 🔌 Circuit Breaker Status: tripped=False, daily_pnl=-0.04%, trades_today=4
2026-01-20 14:09:41 | INFO | 📂 Loaded 7 trades from /Users/jakobmccleary/Desktop/Stock Predictor/.monitoring/performance_data.json
2026-01-20 14:09:41 | INFO | 📊 Performance Monitor: 7 historical trades loaded
2026-01-20 14:09:41 | INFO | 💰 Account: equity=$46,595.34, buying_power=$74,633.48, starting_capital=$50,000.00
2026-01-20 14:09:41 | INFO | 📋 Trade Log: 14 trades from /Users/jakobmccleary/Desktop/Stock Predictor/trade_log.json
2026-01-20 14:09:41 | INFO | 📊 Stats: 5 closed | Win Rate: 40.0% | Total P&L: $697.81
2026-01-20 14:09:41 | INFO | 📁 signals.json path: /Users/jakobmccleary/Desktop/Stock Predictor/signals.json
2026-01-20 14:09:41 | INFO | 📊 Loaded 15 signals
2026-01-20 14:09:41 | INFO | 📉 SWX: FILTERED - Z-score 1.25 < 1.5
2026-01-20 14:09:41 | INFO | 📉 AMSC: FILTERED - Z-score 1.14 < 1.5
2026-01-20 14:09:41 | INFO | 📉 SEI: FILTERED - Z-score 0.72 < 1.5
2026-01-20 14:09:41 | INFO | 📉 CCI: FILTERED - Z-score 0.71 < 1.5
2026-01-20 14:09:41 | INFO | 📉 SRE: FILTERED - Z-score 0.69 < 1.5
2026-01-20 14:09:41 | INFO | 📉 EQIX: FILTERED - Z-score 0.58 < 1.5
2026-01-20 14:09:41 | INFO | 📉 GEV: FILTERED - Z-score 0.57 < 1.5
2026-01-20 14:09:41 | INFO | 📉 PWR: FILTERED - Z-score 0.53 < 1.5
2026-01-20 14:09:41 | INFO | 📉 AMT: FILTERED - Z-score 0.48 < 1.5
2026-01-20 14:09:41 | INFO | 📉 DLR: FILTERED - Z-score 0.41 < 1.5
2026-01-20 14:09:41 | INFO | 📉 URI: FILTERED - Z-score 0.41 < 1.5
2026-01-20 14:09:41 | INFO | 📉 CLSK: FILTERED - Z-score 0.35 < 1.5
2026-01-20 14:09:41 | INFO | 📉 LNT: FILTERED - Z-score 0.31 < 1.5
2026-01-20 14:09:41 | INFO | 📉 PEG: FILTERED - Z-score 0.16 < 1.5
2026-01-20 14:09:41 | INFO | 📉 ETN: FILTERED - Z-score 0.06 < 1.5
2026-01-20 14:09:41 | INFO | ==================================================
2026-01-20 14:09:41 | INFO | 📈 TRADING SESSION COMPLETE
2026-01-20 14:09:41 | INFO |    Signals processed: 15
2026-01-20 14:09:41 | INFO |    Trades executed: 0
2026-01-20 14:09:41 | INFO |    Trades skipped/filtered: 15
2026-01-20 14:09:41 | INFO |    Circuit breaker: ✅ OK
2026-01-20 14:09:41 | INFO |    Daily P&L: -0.04% | Weekly: -0.04%
2026-01-20 14:09:41 | INFO |    Consecutive losses: 2
2026-01-20 14:09:41 | INFO | --------------------------------------------------
2026-01-20 14:09:41 | INFO | 📊 PERFORMANCE MONITOR
2026-01-20 14:09:41 | WARNING | [WARNING] drawdown: Drawdown approaching critical: 6.8%
2026-01-20 14:09:41 | WARNING |    ⚠️ Drawdown approaching critical: 6.8%
2026-01-20 14:09:41 | INFO |    21d Sharpe: 0.00 | 63d Sharpe: 0.00
2026-01-20 14:09:41 | INFO |    Win Rate (20): 14.3% | Drawdown: 6.8%
2026-01-20 14:09:41 | INFO |    P&L Today: $-17.49 | Week: $-17.49 | Total: $-29.75
2026-01-20 14:09:41 | WARNING | [WARNING] drawdown: Drawdown approaching critical: 6.8%
2026-01-20 14:09:41 | INFO | 📊 Daily summary saved to /Users/jakobmccleary/Desktop/Stock Predictor/.monitoring/daily_summaries/summary_2026-01-20.json
2026-01-20 14:09:41 | INFO |    📄 Daily summary saved
2026-01-20 14:09:41 | INFO | ==================================================
AEE260220C00105000: Spread stop-loss close failed (trying individual legs): {"code":42210000,"message":"qty must be \u003e 0"}
AEE260220C00105000: stop-loss close failed: {"code":40310000,"message":"account not eligible to trade uncovered option contracts"}
AEE260220C00110000: Spread stop-loss close failed (trying individual legs): {"code":42210000,"message":"qty must be \u003e 0"}
AEE260220C00110000: stop-loss close failed: {"code":40010001,"message":"qty must be \u003e 0"}
Tue Jan 20 14:52:32 CST 2026 - Running auto trader...
2026-01-20 14:52:34 | INFO | 🔌 Circuit Breaker Status: tripped=False, daily_pnl=-0.04%, trades_today=4
2026-01-20 14:52:34 | INFO | 📂 Loaded 7 trades from /Users/jakobmccleary/Desktop/Stock Predictor/.monitoring/performance_data.json
2026-01-20 14:52:34 | INFO | 📊 Performance Monitor: 7 historical trades loaded
2026-01-20 14:52:34 | INFO | 💰 Account: equity=$46,180.58, buying_power=$74,658.72, starting_capital=$50,000.00
2026-01-20 14:52:34 | INFO | 📋 Trade Log: 14 trades from /Users/jakobmccleary/Desktop/Stock Predictor/trade_log.json
2026-01-20 14:52:34 | INFO | 📊 Stats: 5 closed | Win Rate: 40.0% | Total P&L: $697.81
2026-01-20 14:52:35 | INFO | 📁 signals.json path: /Users/jakobmccleary/Desktop/Stock Predictor/signals.json
2026-01-20 14:52:35 | INFO | 📊 Loaded 15 signals
2026-01-20 14:52:35 | INFO | 📉 SWX: FILTERED - Z-score 1.25 < 1.5
2026-01-20 14:52:35 | INFO | 📉 AMSC: FILTERED - Z-score 1.14 < 1.5
2026-01-20 14:52:35 | INFO | 📉 SEI: FILTERED - Z-score 0.72 < 1.5
2026-01-20 14:52:35 | INFO | 📉 CCI: FILTERED - Z-score 0.71 < 1.5
2026-01-20 14:52:35 | INFO | 📉 SRE: FILTERED - Z-score 0.69 < 1.5
2026-01-20 14:52:35 | INFO | 📉 EQIX: FILTERED - Z-score 0.58 < 1.5
2026-01-20 14:52:35 | INFO | 📉 GEV: FILTERED - Z-score 0.57 < 1.5
2026-01-20 14:52:35 | INFO | 📉 PWR: FILTERED - Z-score 0.53 < 1.5
2026-01-20 14:52:35 | INFO | 📉 AMT: FILTERED - Z-score 0.48 < 1.5
2026-01-20 14:52:35 | INFO | 📉 DLR: FILTERED - Z-score 0.41 < 1.5
2026-01-20 14:52:35 | INFO | 📉 URI: FILTERED - Z-score 0.41 < 1.5
2026-01-20 14:52:35 | INFO | 📉 CLSK: FILTERED - Z-score 0.35 < 1.5
2026-01-20 14:52:35 | INFO | 📉 LNT: FILTERED - Z-score 0.31 < 1.5
2026-01-20 14:52:35 | INFO | 📉 PEG: FILTERED - Z-score 0.16 < 1.5
2026-01-20 14:52:35 | INFO | 📉 ETN: FILTERED - Z-score 0.06 < 1.5
2026-01-20 14:52:35 | INFO | ==================================================
2026-01-20 14:52:35 | INFO | 📈 TRADING SESSION COMPLETE
2026-01-20 14:52:35 | INFO |    Signals processed: 15
2026-01-20 14:52:35 | INFO |    Trades executed: 0
2026-01-20 14:52:35 | INFO |    Trades skipped/filtered: 15
2026-01-20 14:52:35 | INFO |    Circuit breaker: ✅ OK
2026-01-20 14:52:35 | INFO |    Daily P&L: -0.04% | Weekly: -0.04%
2026-01-20 14:52:35 | INFO |    Consecutive losses: 2
2026-01-20 14:52:35 | INFO | --------------------------------------------------
2026-01-20 14:52:35 | INFO | 📊 PERFORMANCE MONITOR
2026-01-20 14:52:35 | WARNING | [WARNING] drawdown: Drawdown approaching critical: 7.6%
2026-01-20 14:52:35 | WARNING |    ⚠️ Drawdown approaching critical: 7.6%
2026-01-20 14:52:35 | INFO |    21d Sharpe: 0.00 | 63d Sharpe: 0.00
2026-01-20 14:52:35 | INFO |    Win Rate (20): 14.3% | Drawdown: 7.6%
2026-01-20 14:52:35 | INFO |    P&L Today: $-17.49 | Week: $-17.49 | Total: $-29.75
2026-01-20 14:52:35 | WARNING | [WARNING] drawdown: Drawdown approaching critical: 7.6%
2026-01-20 14:52:35 | INFO | 📊 Daily summary saved to /Users/jakobmccleary/Desktop/Stock Predictor/.monitoring/daily_summaries/summary_2026-01-20.json
2026-01-20 14:52:35 | INFO |    📄 Daily summary saved
2026-01-20 14:52:35 | INFO | ==================================================
AEE260220C00105000: Spread stop-loss close failed (trying individual legs): {"code":42210000,"message":"qty must be \u003e 0"}
AEE260220C00105000: stop-loss close failed: {"code":40310000,"message":"account not eligible to trade uncovered option contracts"}
AEE260220C00110000: Spread stop-loss close failed (trying individual legs): {"code":42210000,"message":"qty must be \u003e 0"}
AEE260220C00110000: stop-loss close failed: {"code":40010001,"message":"qty must be \u003e 0"}
Tue Jan 20 14:57:35 CST 2026 - Running auto trader...
2026-01-20 14:57:36 | INFO | 🔌 Circuit Breaker Status: tripped=False, daily_pnl=-0.04%, trades_today=4
2026-01-20 14:57:36 | INFO | 📂 Loaded 7 trades from /Users/jakobmccleary/Desktop/Stock Predictor/.monitoring/performance_data.json
2026-01-20 14:57:36 | INFO | 📊 Performance Monitor: 7 historical trades loaded
2026-01-20 14:57:36 | INFO | 💰 Account: equity=$46,253.30, buying_power=$74,691.44, starting_capital=$50,000.00
2026-01-20 14:57:36 | INFO | 📋 Trade Log: 14 trades from /Users/jakobmccleary/Desktop/Stock Predictor/trade_log.json
2026-01-20 14:57:36 | INFO | 📊 Stats: 5 closed | Win Rate: 40.0% | Total P&L: $697.81
2026-01-20 14:57:37 | INFO | 📁 signals.json path: /Users/jakobmccleary/Desktop/Stock Predictor/signals.json
2026-01-20 14:57:37 | INFO | 📊 Loaded 15 signals
2026-01-20 14:57:37 | INFO | 📉 SWX: FILTERED - Z-score 1.25 < 1.5
2026-01-20 14:57:37 | INFO | 📉 AMSC: FILTERED - Z-score 1.14 < 1.5
2026-01-20 14:57:37 | INFO | 📉 SEI: FILTERED - Z-score 0.72 < 1.5
2026-01-20 14:57:37 | INFO | 📉 CCI: FILTERED - Z-score 0.71 < 1.5
2026-01-20 14:57:37 | INFO | 📉 SRE: FILTERED - Z-score 0.69 < 1.5
2026-01-20 14:57:37 | INFO | 📉 EQIX: FILTERED - Z-score 0.58 < 1.5
2026-01-20 14:57:37 | INFO | 📉 GEV: FILTERED - Z-score 0.57 < 1.5
2026-01-20 14:57:37 | INFO | 📉 PWR: FILTERED - Z-score 0.53 < 1.5
2026-01-20 14:57:37 | INFO | 📉 AMT: FILTERED - Z-score 0.48 < 1.5
2026-01-20 14:57:37 | INFO | 📉 DLR: FILTERED - Z-score 0.41 < 1.5
2026-01-20 14:57:37 | INFO | 📉 URI: FILTERED - Z-score 0.41 < 1.5
2026-01-20 14:57:37 | INFO | 📉 CLSK: FILTERED - Z-score 0.35 < 1.5
2026-01-20 14:57:37 | INFO | 📉 LNT: FILTERED - Z-score 0.31 < 1.5
2026-01-20 14:57:37 | INFO | 📉 PEG: FILTERED - Z-score 0.16 < 1.5
2026-01-20 14:57:37 | INFO | 📉 ETN: FILTERED - Z-score 0.06 < 1.5
2026-01-20 14:57:37 | INFO | ==================================================
2026-01-20 14:57:37 | INFO | 📈 TRADING SESSION COMPLETE
2026-01-20 14:57:37 | INFO |    Signals processed: 15
2026-01-20 14:57:37 | INFO |    Trades executed: 0
2026-01-20 14:57:37 | INFO |    Trades skipped/filtered: 15
2026-01-20 14:57:37 | INFO |    Circuit breaker: ✅ OK
2026-01-20 14:57:37 | INFO |    Daily P&L: -0.04% | Weekly: -0.04%
2026-01-20 14:57:37 | INFO |    Consecutive losses: 2
2026-01-20 14:57:37 | INFO | --------------------------------------------------
2026-01-20 14:57:37 | INFO | 📊 PERFORMANCE MONITOR
2026-01-20 14:57:37 | WARNING | [WARNING] drawdown: Drawdown approaching critical: 7.5%
2026-01-20 14:57:37 | WARNING |    ⚠️ Drawdown approaching critical: 7.5%
2026-01-20 14:57:37 | INFO |    21d Sharpe: 0.00 | 63d Sharpe: 0.00
2026-01-20 14:57:37 | INFO |    Win Rate (20): 14.3% | Drawdown: 7.5%
2026-01-20 14:57:37 | INFO |    P&L Today: $-17.49 | Week: $-17.49 | Total: $-29.75
2026-01-20 14:57:37 | WARNING | [WARNING] drawdown: Drawdown approaching critical: 7.5%
2026-01-20 14:57:37 | INFO | 📊 Daily summary saved to /Users/jakobmccleary/Desktop/Stock Predictor/.monitoring/daily_summaries/summary_2026-01-20.json
2026-01-20 14:57:37 | INFO |    📄 Daily summary saved
2026-01-20 14:57:37 | INFO | ==================================================
AEE260220C00105000: Spread stop-loss close failed (trying individual legs): {"code":42210000,"message":"qty must be \u003e 0"}
AEE260220C00105000: stop-loss close failed: {"code":40310000,"message":"account not eligible to trade uncovered option contracts"}
AEE260220C00110000: Spread stop-loss close failed (trying individual legs): {"code":42210000,"message":"qty must be \u003e 0"}
AEE260220C00110000: stop-loss close failed: {"code":40010001,"message":"qty must be \u003e 0"}
Tue Jan 20 15:02:37 CST 2026 - Market closed (hour=16)
Tue Jan 20 15:15:28 CST 2026 - Market closed (hour=16)
Tue Jan 20 16:31:29 CST 2026 - Market closed (hour=17)
Tue Jan 20 18:06:17 CST 2026 - Market closed (hour=19)
Tue Jan 20 18:18:37 CST 2026 - Market closed (hour=19)
Tue Jan 20 18:23:37 CST 2026 - Market closed (hour=19)
Tue Jan 20 18:54:44 CST 2026 - Market closed (hour=19)
Tue Jan 20 18:59:44 CST 2026 - Market closed (hour=19)
Tue Jan 20 19:04:44 CST 2026 - Market closed (hour=20)
Tue Jan 20 19:09:44 CST 2026 - Market closed (hour=20)
Tue Jan 20 19:14:45 CST 2026 - Market closed (hour=20)
Tue Jan 20 19:19:45 CST 2026 - Market closed (hour=20)
Tue Jan 20 19:24:45 CST 2026 - Market closed (hour=20)
Tue Jan 20 19:29:45 CST 2026 - Market closed (hour=20)
Tue Jan 20 19:34:45 CST 2026 - Market closed (hour=20)
Tue Jan 20 19:39:45 CST 2026 - Market closed (hour=20)
Tue Jan 20 19:44:45 CST 2026 - Market closed (hour=20)
Tue Jan 20 19:49:46 CST 2026 - Market closed (hour=20)
Tue Jan 20 19:54:46 CST 2026 - Market closed (hour=20)
Tue Jan 20 19:59:46 CST 2026 - Market closed (hour=20)
Tue Jan 20 20:04:46 CST 2026 - Market closed (hour=21)
Tue Jan 20 20:09:47 CST 2026 - Market closed (hour=21)
Tue Jan 20 20:26:29 CST 2026 - Market closed (hour=21)
Tue Jan 20 20:31:29 CST 2026 - Market closed (hour=21)
Tue Jan 20 20:43:51 CST 2026 - Market closed (hour=21)
Tue Jan 20 20:48:51 CST 2026 - Market closed (hour=21)
Tue Jan 20 20:53:51 CST 2026 - Market closed (hour=21)
Tue Jan 20 20:58:51 CST 2026 - Market closed (hour=21)
Tue Jan 20 21:03:51 CST 2026 - Market closed (hour=22)
Tue Jan 20 21:08:51 CST 2026 - Market closed (hour=22)
Tue Jan 20 21:13:51 CST 2026 - Market closed (hour=22)
Tue Jan 20 21:18:51 CST 2026 - Market closed (hour=22)
Tue Jan 20 21:23:51 CST 2026 - Market closed (hour=22)
Tue Jan 20 21:28:51 CST 2026 - Market closed (hour=22)
Tue Jan 20 21:33:51 CST 2026 - Market closed (hour=22)
Tue Jan 20 21:38:51 CST 2026 - Market closed (hour=22)
Tue Jan 20 21:43:51 CST 2026 - Market closed (hour=22)
Tue Jan 20 21:48:51 CST 2026 - Market closed (hour=22)
Tue Jan 20 21:53:52 CST 2026 - Market closed (hour=22)
Tue Jan 20 21:58:52 CST 2026 - Market closed (hour=22)
Tue Jan 20 22:03:52 CST 2026 - Market closed (hour=23)
Tue Jan 20 22:08:52 CST 2026 - Market closed (hour=23)
Tue Jan 20 22:13:52 CST 2026 - Market closed (hour=23)
Tue Jan 20 22:18:52 CST 2026 - Market closed (hour=23)
Tue Jan 20 22:23:52 CST 2026 - Market closed (hour=23)
Tue Jan 20 22:28:52 CST 2026 - Market closed (hour=23)
Tue Jan 20 22:33:52 CST 2026 - Market closed (hour=23)
Tue Jan 20 22:38:52 CST 2026 - Market closed (hour=23)
Tue Jan 20 22:43:52 CST 2026 - Market closed (hour=23)
Tue Jan 20 22:48:52 CST 2026 - Market closed (hour=23)
Tue Jan 20 22:53:52 CST 2026 - Market closed (hour=23)
Tue Jan 20 22:58:52 CST 2026 - Market closed (hour=23)
Wed Jan 21 04:59:34 CST 2026 - Market closed (hour=05)
Wed Jan 21 09:19:42 CST 2026 - Running auto trader...
2026-01-21 09:19:46 | INFO | 🔄 Daily reset: 2026-01-20 → 2026-01-21
2026-01-21 09:19:46 | INFO | 🔌 Circuit Breaker Status: tripped=False, daily_pnl=0.00%, trades_today=0
2026-01-21 09:19:46 | INFO | 📂 Loaded 7 trades from /Users/jakobmccleary/Desktop/Stock Predictor/.monitoring/performance_data.json
2026-01-21 09:19:46 | INFO | 📊 Performance Monitor: 7 historical trades loaded
2026-01-21 09:19:47 | INFO | 💰 Account: equity=$46,008.18, buying_power=$75,286.04, starting_capital=$50,000.00
2026-01-21 09:19:47 | INFO | 📋 Trade Log: 14 trades from /Users/jakobmccleary/Desktop/Stock Predictor/trade_log.json
2026-01-21 09:19:47 | INFO | 📊 Stats: 5 closed | Win Rate: 40.0% | Total P&L: $697.81
2026-01-21 09:19:47 | INFO | 📁 signals.json path: /Users/jakobmccleary/Desktop/Stock Predictor/signals.json
2026-01-21 09:19:47 | INFO | 📊 Loaded 1 signals
2026-01-21 09:19:47 | INFO | 📉 BKLC: FILTERED - Z-score 0.23 < 1.5
2026-01-21 09:19:47 | INFO | ==================================================
2026-01-21 09:19:47 | INFO | 📈 TRADING SESSION COMPLETE
2026-01-21 09:19:47 | INFO |    Signals processed: 1
2026-01-21 09:19:47 | INFO |    Trades executed: 0
2026-01-21 09:19:47 | INFO |    Trades skipped/filtered: 1
2026-01-21 09:19:47 | INFO |    Circuit breaker: ✅ OK
2026-01-21 09:19:47 | INFO |    Daily P&L: 0.00% | Weekly: -0.04%
2026-01-21 09:19:47 | INFO |    Consecutive losses: 2
2026-01-21 09:19:47 | INFO | --------------------------------------------------
2026-01-21 09:19:47 | INFO | 📊 PERFORMANCE MONITOR
2026-01-21 09:19:47 | WARNING | [WARNING] drawdown: Drawdown approaching critical: 8.0%
2026-01-21 09:19:47 | WARNING |    ⚠️ Drawdown approaching critical: 8.0%
2026-01-21 09:19:47 | INFO |    21d Sharpe: 0.00 | 63d Sharpe: 0.00
2026-01-21 09:19:47 | INFO |    Win Rate (20): 14.3% | Drawdown: 8.0%
2026-01-21 09:19:47 | INFO |    P&L Today: $-17.49 | Week: $-17.49 | Total: $-29.75
2026-01-21 09:19:47 | WARNING | [WARNING] drawdown: Drawdown approaching critical: 8.0%
2026-01-21 09:19:47 | INFO | 📊 Daily summary saved to /Users/jakobmccleary/Desktop/Stock Predictor/.monitoring/daily_summaries/summary_2026-01-21.json
2026-01-21 09:19:47 | INFO |    📄 Daily summary saved
2026-01-21 09:19:47 | INFO | ==================================================
AEE260220C00105000: Spread stop-loss close failed (trying individual legs): {"code":42210000,"message":"qty must be \u003e 0"}
AEE260220C00105000: stop-loss close failed: {"code":40310000,"message":"account not eligible to trade uncovered option contracts"}
AEE260220C00110000: Spread stop-loss close failed (trying individual legs): {"code":42210000,"message":"qty must be \u003e 0"}
AEE260220C00110000: stop-loss close failed: {"code":40010001,"message":"qty must be \u003e 0"}
Wed Jan 21 11:19:29 CST 2026 - Running auto trader...
2026-01-21 11:19:30 | INFO | 🔌 Circuit Breaker Status: tripped=False, daily_pnl=0.00%, trades_today=0
2026-01-21 11:19:30 | INFO | 📂 Loaded 7 trades from /Users/jakobmccleary/Desktop/Stock Predictor/.monitoring/performance_data.json
2026-01-21 11:19:30 | INFO | 📊 Performance Monitor: 7 historical trades loaded
2026-01-21 11:19:31 | INFO | 💰 Account: equity=$47,097.54, buying_power=$75,175.40, starting_capital=$50,000.00
2026-01-21 11:19:31 | INFO | 📋 Trade Log: 14 trades from /Users/jakobmccleary/Desktop/Stock Predictor/trade_log.json
2026-01-21 11:19:31 | INFO | 📊 Stats: 5 closed | Win Rate: 40.0% | Total P&L: $697.81
2026-01-21 11:19:31 | INFO | 📊 Circuit breaker updated: P&L $+7.36 (win)
2026-01-21 11:19:31 | INFO | 📝 Trade recorded: TLN BUY 1.0@359.12 → 366.48 | P&L: $+7.36
2026-01-21 11:19:31 | INFO | 📁 signals.json path: /Users/jakobmccleary/Desktop/Stock Predictor/signals.json
2026-01-21 11:19:31 | INFO | 📊 Loaded 1 signals
2026-01-21 11:19:31 | INFO | 📉 BKLC: FILTERED - Z-score 0.23 < 1.5
2026-01-21 11:19:31 | INFO | ==================================================
2026-01-21 11:19:31 | INFO | 📈 TRADING SESSION COMPLETE
2026-01-21 11:19:31 | INFO |    Signals processed: 1
2026-01-21 11:19:31 | INFO |    Trades executed: 0
2026-01-21 11:19:31 | INFO |    Trades skipped/filtered: 1
2026-01-21 11:19:31 | INFO |    Circuit breaker: ✅ OK
2026-01-21 11:19:31 | INFO |    Daily P&L: 0.02% | Weekly: -0.02%
2026-01-21 11:19:31 | INFO |    Consecutive losses: 0
2026-01-21 11:19:31 | INFO | --------------------------------------------------
2026-01-21 11:19:31 | INFO | 📊 PERFORMANCE MONITOR
2026-01-21 11:19:31 | INFO |    ✅ No alerts
2026-01-21 11:19:31 | INFO |    21d Sharpe: 0.00 | 63d Sharpe: 0.00
2026-01-21 11:19:31 | INFO |    Win Rate (20): 25.0% | Drawdown: 0.0%
2026-01-21 11:19:31 | INFO |    P&L Today: $+7.36 | Week: $-10.13 | Total: $-22.39
2026-01-21 11:19:31 | INFO | 📊 Daily summary saved to /Users/jakobmccleary/Desktop/Stock Predictor/.monitoring/daily_summaries/summary_2026-01-21.json
2026-01-21 11:19:31 | INFO |    📄 Daily summary saved
2026-01-21 11:19:31 | INFO | ==================================================
AEE260220C00105000: Spread stop-loss close failed (trying individual legs): {"code":42210000,"message":"qty must be \u003e 0"}
AEE260220C00105000: stop-loss close failed: {"code":40310000,"message":"account not eligible to trade uncovered option contracts"}
AEE260220C00110000: Spread stop-loss close failed (trying individual legs): {"code":42210000,"message":"qty must be \u003e 0"}
AEE260220C00110000: stop-loss close failed: {"code":40010001,"message":"qty must be \u003e 0"}
2026-01-21T17:19:31.469738+00:00 TLN pred-target exit @ 366.48 -> b7f08a7e-b9c4-49b9-ab21-7e27172085cf; ret=0.0205 target=0.0162 pnl=$7.36
Wed Jan 21 12:07:58 CST 2026 - Running auto trader...
2026-01-21 12:07:59 | INFO | 🔌 Circuit Breaker Status: tripped=False, daily_pnl=0.02%, trades_today=1
2026-01-21 12:07:59 | INFO | 📂 Loaded 8 trades from /Users/jakobmccleary/Desktop/Stock Predictor/.monitoring/performance_data.json
2026-01-21 12:07:59 | INFO | 📊 Performance Monitor: 8 historical trades loaded
2026-01-21 12:07:59 | INFO | 💰 Account: equity=$47,143.76, buying_power=$75,586.38, starting_capital=$50,000.00
2026-01-21 12:07:59 | INFO | 📋 Trade Log: 14 trades from /Users/jakobmccleary/Desktop/Stock Predictor/trade_log.json
2026-01-21 12:07:59 | INFO | 📊 Stats: 6 closed | Win Rate: 50.0% | Total P&L: $705.17
2026-01-21 12:07:59 | INFO | 📁 signals.json path: /Users/jakobmccleary/Desktop/Stock Predictor/signals.json
2026-01-21 12:07:59 | INFO | 📊 Loaded 1 signals
2026-01-21 12:07:59 | INFO | 📉 BKLC: FILTERED - Z-score 0.23 < 1.5
2026-01-21 12:07:59 | INFO | ==================================================
2026-01-21 12:07:59 | INFO | 📈 TRADING SESSION COMPLETE
2026-01-21 12:07:59 | INFO |    Signals processed: 1
2026-01-21 12:07:59 | INFO |    Trades executed: 0
2026-01-21 12:07:59 | INFO |    Trades skipped/filtered: 1
2026-01-21 12:07:59 | INFO |    Circuit breaker: ✅ OK
2026-01-21 12:07:59 | INFO |    Daily P&L: 0.02% | Weekly: -0.02%
2026-01-21 12:07:59 | INFO |    Consecutive losses: 0
2026-01-21 12:07:59 | INFO | --------------------------------------------------
2026-01-21 12:07:59 | INFO | 📊 PERFORMANCE MONITOR
2026-01-21 12:07:59 | WARNING | [WARNING] drawdown: Drawdown approaching critical: 5.7%
2026-01-21 12:07:59 | WARNING |    ⚠️ Drawdown approaching critical: 5.7%
2026-01-21 12:07:59 | INFO |    21d Sharpe: 0.00 | 63d Sharpe: 0.00
2026-01-21 12:07:59 | INFO |    Win Rate (20): 25.0% | Drawdown: 5.7%
2026-01-21 12:07:59 | INFO |    P&L Today: $+7.36 | Week: $-10.13 | Total: $-22.39
2026-01-21 12:07:59 | WARNING | [WARNING] drawdown: Drawdown approaching critical: 5.7%
2026-01-21 12:07:59 | INFO | 📊 Daily summary saved to /Users/jakobmccleary/Desktop/Stock Predictor/.monitoring/daily_summaries/summary_2026-01-21.json
2026-01-21 12:07:59 | INFO |    📄 Daily summary saved
2026-01-21 12:07:59 | INFO | ==================================================
AEE260220C00105000: Spread stop-loss close failed (trying individual legs): {"code":42210000,"message":"qty must be \u003e 0"}
AEE260220C00105000: stop-loss close failed: {"code":40310000,"message":"account not eligible to trade uncovered option contracts"}
AEE260220C00110000: Spread stop-loss close failed (trying individual legs): {"code":42210000,"message":"qty must be \u003e 0"}
AEE260220C00110000: stop-loss close failed: {"code":40010001,"message":"qty must be \u003e 0"}
PCG: stop-loss close failed: float division by zero
Wed Jan 21 13:18:25 CST 2026 - Running auto trader...
2026-01-21 13:18:27 | INFO | 🔌 Circuit Breaker Status: tripped=False, daily_pnl=0.02%, trades_today=1
2026-01-21 13:18:27 | INFO | 📂 Loaded 8 trades from /Users/jakobmccleary/Desktop/Stock Predictor/.monitoring/performance_data.json
2026-01-21 13:18:27 | INFO | 📊 Performance Monitor: 8 historical trades loaded
2026-01-21 13:18:27 | INFO | 💰 Account: equity=$46,979.76, buying_power=$75,417.52, starting_capital=$50,000.00
2026-01-21 13:18:27 | INFO | 📋 Trade Log: 14 trades from /Users/jakobmccleary/Desktop/Stock Predictor/trade_log.json
2026-01-21 13:18:27 | INFO | 📊 Stats: 6 closed | Win Rate: 50.0% | Total P&L: $705.17
2026-01-21 13:18:27 | INFO | 📁 signals.json path: /Users/jakobmccleary/Desktop/Stock Predictor/signals.json
2026-01-21 13:18:27 | INFO | 📊 Loaded 1 signals
2026-01-21 13:18:27 | INFO | 📉 BKLC: FILTERED - Z-score 0.23 < 1.5
2026-01-21 13:18:27 | INFO | ==================================================
2026-01-21 13:18:27 | INFO | 📈 TRADING SESSION COMPLETE
2026-01-21 13:18:27 | INFO |    Signals processed: 1
2026-01-21 13:18:27 | INFO |    Trades executed: 0
2026-01-21 13:18:27 | INFO |    Trades skipped/filtered: 1
2026-01-21 13:18:27 | INFO |    Circuit breaker: ✅ OK
2026-01-21 13:18:27 | INFO |    Daily P&L: 0.02% | Weekly: -0.02%
2026-01-21 13:18:27 | INFO |    Consecutive losses: 0
2026-01-21 13:18:27 | INFO | --------------------------------------------------
2026-01-21 13:18:27 | INFO | 📊 PERFORMANCE MONITOR
2026-01-21 13:18:27 | WARNING | [WARNING] drawdown: Drawdown approaching critical: 6.0%
2026-01-21 13:18:27 | WARNING |    ⚠️ Drawdown approaching critical: 6.0%
2026-01-21 13:18:27 | INFO |    21d Sharpe: 0.00 | 63d Sharpe: 0.00
2026-01-21 13:18:27 | INFO |    Win Rate (20): 25.0% | Drawdown: 6.0%
2026-01-21 13:18:27 | INFO |    P&L Today: $+7.36 | Week: $-10.13 | Total: $-22.39
2026-01-21 13:18:27 | WARNING | [WARNING] drawdown: Drawdown approaching critical: 6.0%
2026-01-21 13:18:27 | INFO | 📊 Daily summary saved to /Users/jakobmccleary/Desktop/Stock Predictor/.monitoring/daily_summaries/summary_2026-01-21.json
2026-01-21 13:18:27 | INFO |    📄 Daily summary saved
2026-01-21 13:18:27 | INFO | ==================================================
AEE260220C00105000: Spread stop-loss close failed (trying individual legs): {"code":42210000,"message":"qty must be \u003e 0"}
AEE260220C00105000: stop-loss close failed: {"code":40310000,"message":"account not eligible to trade uncovered option contracts"}
AEE260220C00110000: Spread stop-loss close failed (trying individual legs): {"code":42210000,"message":"qty must be \u003e 0"}
AEE260220C00110000: stop-loss close failed: {"code":40010001,"message":"qty must be \u003e 0"}
Wed Jan 21 14:18:33 CST 2026 - Running auto trader...
2026-01-21 14:18:35 | INFO | 🔌 Circuit Breaker Status: tripped=False, daily_pnl=0.02%, trades_today=1
2026-01-21 14:18:35 | INFO | 📂 Loaded 8 trades from /Users/jakobmccleary/Desktop/Stock Predictor/.monitoring/performance_data.json
2026-01-21 14:18:35 | INFO | 📊 Performance Monitor: 8 historical trades loaded
2026-01-21 14:18:35 | INFO | 💰 Account: equity=$46,996.76, buying_power=$75,374.52, starting_capital=$50,000.00
2026-01-21 14:18:35 | INFO | 📋 Trade Log: 14 trades from /Users/jakobmccleary/Desktop/Stock Predictor/trade_log.json
2026-01-21 14:18:35 | INFO | 📊 Stats: 6 closed | Win Rate: 50.0% | Total P&L: $705.17
2026-01-21 14:18:35 | INFO | 📁 signals.json path: /Users/jakobmccleary/Desktop/Stock Predictor/signals.json
2026-01-21 14:18:35 | INFO | 📊 Loaded 1 signals
2026-01-21 14:18:35 | INFO | 📉 BKLC: FILTERED - Z-score 0.23 < 1.5
2026-01-21 14:18:35 | INFO | ==================================================
2026-01-21 14:18:35 | INFO | 📈 TRADING SESSION COMPLETE
2026-01-21 14:18:35 | INFO |    Signals processed: 1
2026-01-21 14:18:35 | INFO |    Trades executed: 0
2026-01-21 14:18:35 | INFO |    Trades skipped/filtered: 1
2026-01-21 14:18:35 | INFO |    Circuit breaker: ✅ OK
2026-01-21 14:18:35 | INFO |    Daily P&L: 0.02% | Weekly: -0.02%
2026-01-21 14:18:35 | INFO |    Consecutive losses: 0
2026-01-21 14:18:35 | INFO | --------------------------------------------------
2026-01-21 14:18:35 | INFO | 📊 PERFORMANCE MONITOR
2026-01-21 14:18:35 | WARNING | [WARNING] drawdown: Drawdown approaching critical: 6.0%
2026-01-21 14:18:35 | WARNING |    ⚠️ Drawdown approaching critical: 6.0%
2026-01-21 14:18:35 | INFO |    21d Sharpe: 0.00 | 63d Sharpe: 0.00
2026-01-21 14:18:35 | INFO |    Win Rate (20): 25.0% | Drawdown: 6.0%
2026-01-21 14:18:35 | INFO |    P&L Today: $+7.36 | Week: $-10.13 | Total: $-22.39
2026-01-21 14:18:35 | WARNING | [WARNING] drawdown: Drawdown approaching critical: 6.0%
2026-01-21 14:18:35 | INFO | 📊 Daily summary saved to /Users/jakobmccleary/Desktop/Stock Predictor/.monitoring/daily_summaries/summary_2026-01-21.json
2026-01-21 14:18:35 | INFO |    📄 Daily summary saved
2026-01-21 14:18:35 | INFO | ==================================================
AEE260220C00105000: Spread stop-loss close failed (trying individual legs): {"code":42210000,"message":"qty must be \u003e 0"}
AEE260220C00105000: stop-loss close failed: {"code":40310000,"message":"account not eligible to trade uncovered option contracts"}
AEE260220C00110000: Spread stop-loss close failed (trying individual legs): {"code":42210000,"message":"qty must be \u003e 0"}
AEE260220C00110000: stop-loss close failed: {"code":40010001,"message":"qty must be \u003e 0"}
Wed Jan 21 14:23:36 CST 2026 - Running auto trader...
2026-01-21 14:23:37 | INFO | 🔌 Circuit Breaker Status: tripped=False, daily_pnl=0.02%, trades_today=1
2026-01-21 14:23:37 | INFO | 📂 Loaded 8 trades from /Users/jakobmccleary/Desktop/Stock Predictor/.monitoring/performance_data.json
2026-01-21 14:23:37 | INFO | 📊 Performance Monitor: 8 historical trades loaded
2026-01-21 14:23:37 | INFO | 💰 Account: equity=$46,932.76, buying_power=$75,390.52, starting_capital=$50,000.00
2026-01-21 14:23:37 | INFO | 📋 Trade Log: 14 trades from /Users/jakobmccleary/Desktop/Stock Predictor/trade_log.json
2026-01-21 14:23:37 | INFO | 📊 Stats: 6 closed | Win Rate: 50.0% | Total P&L: $705.17
2026-01-21 14:23:37 | INFO | 📁 signals.json path: /Users/jakobmccleary/Desktop/Stock Predictor/signals.json
2026-01-21 14:23:37 | INFO | 📊 Loaded 1 signals
2026-01-21 14:23:37 | INFO | 📉 BKLC: FILTERED - Z-score 0.23 < 1.5
2026-01-21 14:23:37 | INFO | ==================================================
2026-01-21 14:23:37 | INFO | 📈 TRADING SESSION COMPLETE
2026-01-21 14:23:37 | INFO |    Signals processed: 1
2026-01-21 14:23:37 | INFO |    Trades executed: 0
2026-01-21 14:23:37 | INFO |    Trades skipped/filtered: 1
2026-01-21 14:23:37 | INFO |    Circuit breaker: ✅ OK
2026-01-21 14:23:37 | INFO |    Daily P&L: 0.02% | Weekly: -0.02%
2026-01-21 14:23:37 | INFO |    Consecutive losses: 0
2026-01-21 14:23:37 | INFO | --------------------------------------------------
2026-01-21 14:23:37 | INFO | 📊 PERFORMANCE MONITOR
2026-01-21 14:23:37 | WARNING | [WARNING] drawdown: Drawdown approaching critical: 6.1%
2026-01-21 14:23:37 | WARNING |    ⚠️ Drawdown approaching critical: 6.1%
2026-01-21 14:23:37 | INFO |    21d Sharpe: 0.00 | 63d Sharpe: 0.00
2026-01-21 14:23:37 | INFO |    Win Rate (20): 25.0% | Drawdown: 6.1%
2026-01-21 14:23:37 | INFO |    P&L Today: $+7.36 | Week: $-10.13 | Total: $-22.39
2026-01-21 14:23:37 | WARNING | [WARNING] drawdown: Drawdown approaching critical: 6.1%
2026-01-21 14:23:37 | INFO | 📊 Daily summary saved to /Users/jakobmccleary/Desktop/Stock Predictor/.monitoring/daily_summaries/summary_2026-01-21.json
2026-01-21 14:23:37 | INFO |    📄 Daily summary saved
2026-01-21 14:23:37 | INFO | ==================================================
AEE260220C00105000: Spread stop-loss close failed (trying individual legs): {"code":42210000,"message":"qty must be \u003e 0"}
AEE260220C00105000: stop-loss close failed: {"code":40310000,"message":"account not eligible to trade uncovered option contracts"}
AEE260220C00110000: Spread stop-loss close failed (trying individual legs): {"code":42210000,"message":"qty must be \u003e 0"}
AEE260220C00110000: stop-loss close failed: {"code":40010001,"message":"qty must be \u003e 0"}
Wed Jan 21 14:28:38 CST 2026 - Running auto trader...
2026-01-21 14:28:39 | INFO | 🔌 Circuit Breaker Status: tripped=False, daily_pnl=0.02%, trades_today=1
2026-01-21 14:28:39 | INFO | 📂 Loaded 8 trades from /Users/jakobmccleary/Desktop/Stock Predictor/.monitoring/performance_data.json
2026-01-21 14:28:39 | INFO | 📊 Performance Monitor: 8 historical trades loaded
2026-01-21 14:28:39 | INFO | 💰 Account: equity=$46,964.76, buying_power=$75,422.52, starting_capital=$50,000.00
2026-01-21 14:28:39 | INFO | 📋 Trade Log: 14 trades from /Users/jakobmccleary/Desktop/Stock Predictor/trade_log.json
2026-01-21 14:28:39 | INFO | 📊 Stats: 6 closed | Win Rate: 50.0% | Total P&L: $705.17
2026-01-21 14:28:39 | INFO | 📁 signals.json path: /Users/jakobmccleary/Desktop/Stock Predictor/signals.json
2026-01-21 14:28:39 | INFO | 📊 Loaded 1 signals
2026-01-21 14:28:39 | INFO | 📉 BKLC: FILTERED - Z-score 0.23 < 1.5
2026-01-21 14:28:39 | INFO | ==================================================
2026-01-21 14:28:39 | INFO | 📈 TRADING SESSION COMPLETE
2026-01-21 14:28:39 | INFO |    Signals processed: 1
2026-01-21 14:28:39 | INFO |    Trades executed: 0
2026-01-21 14:28:39 | INFO |    Trades skipped/filtered: 1
2026-01-21 14:28:39 | INFO |    Circuit breaker: ✅ OK
2026-01-21 14:28:39 | INFO |    Daily P&L: 0.02% | Weekly: -0.02%
2026-01-21 14:28:39 | INFO |    Consecutive losses: 0
2026-01-21 14:28:39 | INFO | --------------------------------------------------
2026-01-21 14:28:39 | INFO | 📊 PERFORMANCE MONITOR
2026-01-21 14:28:39 | WARNING | [WARNING] drawdown: Drawdown approaching critical: 6.1%
2026-01-21 14:28:39 | WARNING |    ⚠️ Drawdown approaching critical: 6.1%
2026-01-21 14:28:39 | INFO |    21d Sharpe: 0.00 | 63d Sharpe: 0.00
2026-01-21 14:28:39 | INFO |    Win Rate (20): 25.0% | Drawdown: 6.1%
2026-01-21 14:28:39 | INFO |    P&L Today: $+7.36 | Week: $-10.13 | Total: $-22.39
2026-01-21 14:28:39 | WARNING | [WARNING] drawdown: Drawdown approaching critical: 6.1%
2026-01-21 14:28:39 | INFO | 📊 Daily summary saved to /Users/jakobmccleary/Desktop/Stock Predictor/.monitoring/daily_summaries/summary_2026-01-21.json
2026-01-21 14:28:39 | INFO |    📄 Daily summary saved
2026-01-21 14:28:39 | INFO | ==================================================
AEE260220C00105000: Spread stop-loss close failed (trying individual legs): {"code":42210000,"message":"qty must be \u003e 0"}
AEE260220C00105000: stop-loss close failed: {"code":40310000,"message":"account not eligible to trade uncovered option contracts"}
AEE260220C00110000: Spread stop-loss close failed (trying individual legs): {"code":42210000,"message":"qty must be \u003e 0"}
AEE260220C00110000: stop-loss close failed: {"code":40010001,"message":"qty must be \u003e 0"}
Wed Jan 21 14:33:40 CST 2026 - Running auto trader...
2026-01-21 14:33:41 | INFO | 🔌 Circuit Breaker Status: tripped=False, daily_pnl=0.02%, trades_today=1
2026-01-21 14:33:41 | INFO | 📂 Loaded 8 trades from /Users/jakobmccleary/Desktop/Stock Predictor/.monitoring/performance_data.json
2026-01-21 14:33:41 | INFO | 📊 Performance Monitor: 8 historical trades loaded
2026-01-21 14:33:41 | INFO | 💰 Account: equity=$46,977.26, buying_power=$75,415.02, starting_capital=$50,000.00
2026-01-21 14:33:41 | INFO | 📋 Trade Log: 14 trades from /Users/jakobmccleary/Desktop/Stock Predictor/trade_log.json
2026-01-21 14:33:41 | INFO | 📊 Stats: 6 closed | Win Rate: 50.0% | Total P&L: $705.17
2026-01-21 14:33:41 | INFO | 📁 signals.json path: /Users/jakobmccleary/Desktop/Stock Predictor/signals.json
2026-01-21 14:33:41 | INFO | 📊 Loaded 1 signals
2026-01-21 14:33:41 | INFO | 📉 BKLC: FILTERED - Z-score 0.23 < 1.5
2026-01-21 14:33:41 | INFO | ==================================================
2026-01-21 14:33:41 | INFO | 📈 TRADING SESSION COMPLETE
2026-01-21 14:33:41 | INFO |    Signals processed: 1
2026-01-21 14:33:41 | INFO |    Trades executed: 0
2026-01-21 14:33:41 | INFO |    Trades skipped/filtered: 1
2026-01-21 14:33:41 | INFO |    Circuit breaker: ✅ OK
2026-01-21 14:33:41 | INFO |    Daily P&L: 0.02% | Weekly: -0.02%
2026-01-21 14:33:41 | INFO |    Consecutive losses: 0
2026-01-21 14:33:41 | INFO | --------------------------------------------------
2026-01-21 14:33:41 | INFO | 📊 PERFORMANCE MONITOR
2026-01-21 14:33:41 | WARNING | [WARNING] drawdown: Drawdown approaching critical: 6.0%
2026-01-21 14:33:41 | WARNING |    ⚠️ Drawdown approaching critical: 6.0%
2026-01-21 14:33:41 | INFO |    21d Sharpe: 0.00 | 63d Sharpe: 0.00
2026-01-21 14:33:41 | INFO |    Win Rate (20): 25.0% | Drawdown: 6.0%
2026-01-21 14:33:41 | INFO |    P&L Today: $+7.36 | Week: $-10.13 | Total: $-22.39
2026-01-21 14:33:41 | WARNING | [WARNING] drawdown: Drawdown approaching critical: 6.0%
2026-01-21 14:33:41 | INFO | 📊 Daily summary saved to /Users/jakobmccleary/Desktop/Stock Predictor/.monitoring/daily_summaries/summary_2026-01-21.json
2026-01-21 14:33:41 | INFO |    📄 Daily summary saved
2026-01-21 14:33:41 | INFO | ==================================================
AEE260220C00105000: Spread stop-loss close failed (trying individual legs): {"code":42210000,"message":"qty must be \u003e 0"}
AEE260220C00105000: stop-loss close failed: {"code":40310000,"message":"account not eligible to trade uncovered option contracts"}
AEE260220C00110000: Spread stop-loss close failed (trying individual legs): {"code":42210000,"message":"qty must be \u003e 0"}
AEE260220C00110000: stop-loss close failed: {"code":40010001,"message":"qty must be \u003e 0"}
Wed Jan 21 14:38:42 CST 2026 - Running auto trader...
2026-01-21 14:38:43 | INFO | 🔌 Circuit Breaker Status: tripped=False, daily_pnl=0.02%, trades_today=1
2026-01-21 14:38:43 | INFO | 📂 Loaded 8 trades from /Users/jakobmccleary/Desktop/Stock Predictor/.monitoring/performance_data.json
2026-01-21 14:38:43 | INFO | 📊 Performance Monitor: 8 historical trades loaded
2026-01-21 14:38:43 | INFO | 💰 Account: equity=$47,008.26, buying_power=$75,426.02, starting_capital=$50,000.00
2026-01-21 14:38:43 | INFO | 📋 Trade Log: 14 trades from /Users/jakobmccleary/Desktop/Stock Predictor/trade_log.json
2026-01-21 14:38:43 | INFO | 📊 Stats: 6 closed | Win Rate: 50.0% | Total P&L: $705.17
2026-01-21 14:38:44 | INFO | 📁 signals.json path: /Users/jakobmccleary/Desktop/Stock Predictor/signals.json
2026-01-21 14:38:44 | INFO | 📊 Loaded 1 signals
2026-01-21 14:38:44 | INFO | 📉 BKLC: FILTERED - Z-score 0.23 < 1.5
2026-01-21 14:38:44 | INFO | ==================================================
2026-01-21 14:38:44 | INFO | 📈 TRADING SESSION COMPLETE
2026-01-21 14:38:44 | INFO |    Signals processed: 1
2026-01-21 14:38:44 | INFO |    Trades executed: 0
2026-01-21 14:38:44 | INFO |    Trades skipped/filtered: 1
2026-01-21 14:38:44 | INFO |    Circuit breaker: ✅ OK
2026-01-21 14:38:44 | INFO |    Daily P&L: 0.02% | Weekly: -0.02%
2026-01-21 14:38:44 | INFO |    Consecutive losses: 0
2026-01-21 14:38:44 | INFO | --------------------------------------------------
2026-01-21 14:38:44 | INFO | 📊 PERFORMANCE MONITOR
2026-01-21 14:38:44 | WARNING | [WARNING] drawdown: Drawdown approaching critical: 6.0%
2026-01-21 14:38:44 | WARNING |    ⚠️ Drawdown approaching critical: 6.0%
2026-01-21 14:38:44 | INFO |    21d Sharpe: 0.00 | 63d Sharpe: 0.00
2026-01-21 14:38:44 | INFO |    Win Rate (20): 25.0% | Drawdown: 6.0%
2026-01-21 14:38:44 | INFO |    P&L Today: $+7.36 | Week: $-10.13 | Total: $-22.39
2026-01-21 14:38:44 | WARNING | [WARNING] drawdown: Drawdown approaching critical: 6.0%
2026-01-21 14:38:44 | INFO | 📊 Daily summary saved to /Users/jakobmccleary/Desktop/Stock Predictor/.monitoring/daily_summaries/summary_2026-01-21.json
2026-01-21 14:38:44 | INFO |    📄 Daily summary saved
2026-01-21 14:38:44 | INFO | ==================================================
AEE260220C00105000: Spread stop-loss close failed (trying individual legs): {"code":42210000,"message":"qty must be \u003e 0"}
AEE260220C00105000: stop-loss close failed: {"code":40310000,"message":"account not eligible to trade uncovered option contracts"}
AEE260220C00110000: Spread stop-loss close failed (trying individual legs): {"code":42210000,"message":"qty must be \u003e 0"}
AEE260220C00110000: stop-loss close failed: {"code":40010001,"message":"qty must be \u003e 0"}
Wed Jan 21 14:43:44 CST 2026 - Running auto trader...
2026-01-21 14:43:45 | INFO | 🔌 Circuit Breaker Status: tripped=False, daily_pnl=0.02%, trades_today=1
2026-01-21 14:43:45 | INFO | 📂 Loaded 8 trades from /Users/jakobmccleary/Desktop/Stock Predictor/.monitoring/performance_data.json
2026-01-21 14:43:45 | INFO | 📊 Performance Monitor: 8 historical trades loaded
2026-01-21 14:43:45 | INFO | 💰 Account: equity=$47,027.76, buying_power=$75,405.52, starting_capital=$50,000.00
2026-01-21 14:43:45 | INFO | 📋 Trade Log: 14 trades from /Users/jakobmccleary/Desktop/Stock Predictor/trade_log.json
2026-01-21 14:43:45 | INFO | 📊 Stats: 6 closed | Win Rate: 50.0% | Total P&L: $705.17
2026-01-21 14:43:46 | INFO | 📁 signals.json path: /Users/jakobmccleary/Desktop/Stock Predictor/signals.json
2026-01-21 14:43:46 | INFO | 📊 Loaded 1 signals
2026-01-21 14:43:46 | INFO | 📉 BKLC: FILTERED - Z-score 0.23 < 1.5
2026-01-21 14:43:46 | INFO | ==================================================
2026-01-21 14:43:46 | INFO | 📈 TRADING SESSION COMPLETE
2026-01-21 14:43:46 | INFO |    Signals processed: 1
2026-01-21 14:43:46 | INFO |    Trades executed: 0
2026-01-21 14:43:46 | INFO |    Trades skipped/filtered: 1
2026-01-21 14:43:46 | INFO |    Circuit breaker: ✅ OK
2026-01-21 14:43:46 | INFO |    Daily P&L: 0.02% | Weekly: -0.02%
2026-01-21 14:43:46 | INFO |    Consecutive losses: 0
2026-01-21 14:43:46 | INFO | --------------------------------------------------
2026-01-21 14:43:46 | INFO | 📊 PERFORMANCE MONITOR
2026-01-21 14:43:46 | WARNING | [WARNING] drawdown: Drawdown approaching critical: 5.9%
2026-01-21 14:43:46 | WARNING |    ⚠️ Drawdown approaching critical: 5.9%
2026-01-21 14:43:46 | INFO |    21d Sharpe: 0.00 | 63d Sharpe: 0.00
2026-01-21 14:43:46 | INFO |    Win Rate (20): 25.0% | Drawdown: 5.9%
2026-01-21 14:43:46 | INFO |    P&L Today: $+7.36 | Week: $-10.13 | Total: $-22.39
2026-01-21 14:43:46 | WARNING | [WARNING] drawdown: Drawdown approaching critical: 5.9%
2026-01-21 14:43:46 | INFO | 📊 Daily summary saved to /Users/jakobmccleary/Desktop/Stock Predictor/.monitoring/daily_summaries/summary_2026-01-21.json
2026-01-21 14:43:46 | INFO |    📄 Daily summary saved
2026-01-21 14:43:46 | INFO | ==================================================
AEE260220C00105000: Spread stop-loss close failed (trying individual legs): {"code":42210000,"message":"qty must be \u003e 0"}
AEE260220C00105000: stop-loss close failed: {"code":40310000,"message":"account not eligible to trade uncovered option contracts"}
AEE260220C00110000: Spread stop-loss close failed (trying individual legs): {"code":42210000,"message":"qty must be \u003e 0"}
AEE260220C00110000: stop-loss close failed: {"code":40010001,"message":"qty must be \u003e 0"}
Wed Jan 21 14:48:46 CST 2026 - Running auto trader...
2026-01-21 14:48:47 | INFO | 🔌 Circuit Breaker Status: tripped=False, daily_pnl=0.02%, trades_today=1
2026-01-21 14:48:47 | INFO | 📂 Loaded 8 trades from /Users/jakobmccleary/Desktop/Stock Predictor/.monitoring/performance_data.json
2026-01-21 14:48:47 | INFO | 📊 Performance Monitor: 8 historical trades loaded
2026-01-21 14:48:47 | INFO | 💰 Account: equity=$46,979.76, buying_power=$75,377.52, starting_capital=$50,000.00
2026-01-21 14:48:47 | INFO | 📋 Trade Log: 14 trades from /Users/jakobmccleary/Desktop/Stock Predictor/trade_log.json
2026-01-21 14:48:47 | INFO | 📊 Stats: 6 closed | Win Rate: 50.0% | Total P&L: $705.17
2026-01-21 14:48:48 | INFO | 📁 signals.json path: /Users/jakobmccleary/Desktop/Stock Predictor/signals.json
2026-01-21 14:48:48 | INFO | 📊 Loaded 1 signals
2026-01-21 14:48:48 | INFO | 📉 BKLC: FILTERED - Z-score 0.23 < 1.5
2026-01-21 14:48:48 | INFO | ==================================================
2026-01-21 14:48:48 | INFO | 📈 TRADING SESSION COMPLETE
2026-01-21 14:48:48 | INFO |    Signals processed: 1
2026-01-21 14:48:48 | INFO |    Trades executed: 0
2026-01-21 14:48:48 | INFO |    Trades skipped/filtered: 1
2026-01-21 14:48:48 | INFO |    Circuit breaker: ✅ OK
2026-01-21 14:48:48 | INFO |    Daily P&L: 0.02% | Weekly: -0.02%
2026-01-21 14:48:48 | INFO |    Consecutive losses: 0
2026-01-21 14:48:48 | INFO | --------------------------------------------------
2026-01-21 14:48:48 | INFO | 📊 PERFORMANCE MONITOR
2026-01-21 14:48:48 | WARNING | [WARNING] drawdown: Drawdown approaching critical: 6.0%
2026-01-21 14:48:48 | WARNING |    ⚠️ Drawdown approaching critical: 6.0%
2026-01-21 14:48:48 | INFO |    21d Sharpe: 0.00 | 63d Sharpe: 0.00
2026-01-21 14:48:48 | INFO |    Win Rate (20): 25.0% | Drawdown: 6.0%
2026-01-21 14:48:48 | INFO |    P&L Today: $+7.36 | Week: $-10.13 | Total: $-22.39
2026-01-21 14:48:48 | WARNING | [WARNING] drawdown: Drawdown approaching critical: 6.0%
2026-01-21 14:48:48 | INFO | 📊 Daily summary saved to /Users/jakobmccleary/Desktop/Stock Predictor/.monitoring/daily_summaries/summary_2026-01-21.json
2026-01-21 14:48:48 | INFO |    📄 Daily summary saved
2026-01-21 14:48:48 | INFO | ==================================================
AEE260220C00105000: Spread stop-loss close failed (trying individual legs): {"code":42210000,"message":"qty must be \u003e 0"}
AEE260220C00105000: stop-loss close failed: {"code":40310000,"message":"account not eligible to trade uncovered option contracts"}
AEE260220C00110000: Spread stop-loss close failed (trying individual legs): {"code":42210000,"message":"qty must be \u003e 0"}
AEE260220C00110000: stop-loss close failed: {"code":40010001,"message":"qty must be \u003e 0"}
Wed Jan 21 14:53:48 CST 2026 - Running auto trader...
2026-01-21 14:53:49 | INFO | 🔌 Circuit Breaker Status: tripped=False, daily_pnl=0.02%, trades_today=1
2026-01-21 14:53:49 | INFO | 📂 Loaded 8 trades from /Users/jakobmccleary/Desktop/Stock Predictor/.monitoring/performance_data.json
2026-01-21 14:53:49 | INFO | 📊 Performance Monitor: 8 historical trades loaded
2026-01-21 14:53:49 | INFO | 💰 Account: equity=$46,980.26, buying_power=$75,398.02, starting_capital=$50,000.00
2026-01-21 14:53:49 | INFO | 📋 Trade Log: 14 trades from /Users/jakobmccleary/Desktop/Stock Predictor/trade_log.json
2026-01-21 14:53:49 | INFO | 📊 Stats: 6 closed | Win Rate: 50.0% | Total P&L: $705.17
2026-01-21 14:53:50 | INFO | 📁 signals.json path: /Users/jakobmccleary/Desktop/Stock Predictor/signals.json
2026-01-21 14:53:50 | INFO | 📊 Loaded 1 signals
2026-01-21 14:53:50 | INFO | 📉 BKLC: FILTERED - Z-score 0.23 < 1.5
2026-01-21 14:53:50 | INFO | ==================================================
2026-01-21 14:53:50 | INFO | 📈 TRADING SESSION COMPLETE
2026-01-21 14:53:50 | INFO |    Signals processed: 1
2026-01-21 14:53:50 | INFO |    Trades executed: 0
2026-01-21 14:53:50 | INFO |    Trades skipped/filtered: 1
2026-01-21 14:53:50 | INFO |    Circuit breaker: ✅ OK
2026-01-21 14:53:50 | INFO |    Daily P&L: 0.02% | Weekly: -0.02%
2026-01-21 14:53:50 | INFO |    Consecutive losses: 0
2026-01-21 14:53:50 | INFO | --------------------------------------------------
2026-01-21 14:53:50 | INFO | 📊 PERFORMANCE MONITOR
2026-01-21 14:53:50 | WARNING | [WARNING] drawdown: Drawdown approaching critical: 6.0%
2026-01-21 14:53:50 | WARNING |    ⚠️ Drawdown approaching critical: 6.0%
2026-01-21 14:53:50 | INFO |    21d Sharpe: 0.00 | 63d Sharpe: 0.00
2026-01-21 14:53:50 | INFO |    Win Rate (20): 25.0% | Drawdown: 6.0%
2026-01-21 14:53:50 | INFO |    P&L Today: $+7.36 | Week: $-10.13 | Total: $-22.39
2026-01-21 14:53:50 | WARNING | [WARNING] drawdown: Drawdown approaching critical: 6.0%
2026-01-21 14:53:50 | INFO | 📊 Daily summary saved to /Users/jakobmccleary/Desktop/Stock Predictor/.monitoring/daily_summaries/summary_2026-01-21.json
2026-01-21 14:53:50 | INFO |    📄 Daily summary saved
2026-01-21 14:53:50 | INFO | ==================================================
AEE260220C00105000: Spread stop-loss close failed (trying individual legs): {"code":42210000,"message":"qty must be \u003e 0"}
AEE260220C00105000: stop-loss close failed: {"code":40310000,"message":"account not eligible to trade uncovered option contracts"}
AEE260220C00110000: Spread stop-loss close failed (trying individual legs): {"code":42210000,"message":"qty must be \u003e 0"}
AEE260220C00110000: stop-loss close failed: {"code":40010001,"message":"qty must be \u003e 0"}
Wed Jan 21 14:58:50 CST 2026 - Running auto trader...
2026-01-21 14:58:52 | INFO | 🔌 Circuit Breaker Status: tripped=False, daily_pnl=0.02%, trades_today=1
2026-01-21 14:58:52 | INFO | 📂 Loaded 8 trades from /Users/jakobmccleary/Desktop/Stock Predictor/.monitoring/performance_data.json
2026-01-21 14:58:52 | INFO | 📊 Performance Monitor: 8 historical trades loaded
2026-01-21 14:58:52 | INFO | 💰 Account: equity=$46,922.26, buying_power=$75,340.02, starting_capital=$50,000.00
2026-01-21 14:58:52 | INFO | 📋 Trade Log: 14 trades from /Users/jakobmccleary/Desktop/Stock Predictor/trade_log.json
2026-01-21 14:58:52 | INFO | 📊 Stats: 6 closed | Win Rate: 50.0% | Total P&L: $705.17
2026-01-21 14:58:52 | INFO | 📁 signals.json path: /Users/jakobmccleary/Desktop/Stock Predictor/signals.json
2026-01-21 14:58:52 | INFO | 📊 Loaded 1 signals
2026-01-21 14:58:52 | INFO | 📉 BKLC: FILTERED - Z-score 0.23 < 1.5
2026-01-21 14:58:52 | INFO | ==================================================
2026-01-21 14:58:52 | INFO | 📈 TRADING SESSION COMPLETE
2026-01-21 14:58:52 | INFO |    Signals processed: 1
2026-01-21 14:58:52 | INFO |    Trades executed: 0
2026-01-21 14:58:52 | INFO |    Trades skipped/filtered: 1
2026-01-21 14:58:52 | INFO |    Circuit breaker: ✅ OK
2026-01-21 14:58:52 | INFO |    Daily P&L: 0.02% | Weekly: -0.02%
2026-01-21 14:58:52 | INFO |    Consecutive losses: 0
2026-01-21 14:58:52 | INFO | --------------------------------------------------
2026-01-21 14:58:52 | INFO | 📊 PERFORMANCE MONITOR
2026-01-21 14:58:52 | WARNING | [WARNING] drawdown: Drawdown approaching critical: 6.2%
2026-01-21 14:58:52 | WARNING |    ⚠️ Drawdown approaching critical: 6.2%
2026-01-21 14:58:52 | INFO |    21d Sharpe: 0.00 | 63d Sharpe: 0.00
2026-01-21 14:58:52 | INFO |    Win Rate (20): 25.0% | Drawdown: 6.2%
2026-01-21 14:58:52 | INFO |    P&L Today: $+7.36 | Week: $-10.13 | Total: $-22.39
2026-01-21 14:58:52 | WARNING | [WARNING] drawdown: Drawdown approaching critical: 6.2%
2026-01-21 14:58:52 | INFO | 📊 Daily summary saved to /Users/jakobmccleary/Desktop/Stock Predictor/.monitoring/daily_summaries/summary_2026-01-21.json
2026-01-21 14:58:52 | INFO |    📄 Daily summary saved
2026-01-21 14:58:52 | INFO | ==================================================
AEE260220C00105000: Spread stop-loss close failed (trying individual legs): {"code":42210000,"message":"qty must be \u003e 0"}
AEE260220C00105000: stop-loss close failed: {"code":40310000,"message":"account not eligible to trade uncovered option contracts"}
AEE260220C00110000: Spread stop-loss close failed (trying individual legs): {"code":42210000,"message":"qty must be \u003e 0"}
AEE260220C00110000: stop-loss close failed: {"code":40010001,"message":"qty must be \u003e 0"}
Wed Jan 21 15:03:53 CST 2026 - Market closed (hour=16)
Wed Jan 21 15:08:53 CST 2026 - Market closed (hour=16)
Wed Jan 21 15:13:53 CST 2026 - Market closed (hour=16)
Wed Jan 21 15:18:53 CST 2026 - Market closed (hour=16)
Wed Jan 21 15:42:21 CST 2026 - Market closed (hour=16)
Wed Jan 21 16:02:17 CST 2026 - Market closed (hour=17)
Wed Jan 21 16:07:17 CST 2026 - Market closed (hour=17)
Wed Jan 21 16:12:17 CST 2026 - Market closed (hour=17)
Wed Jan 21 16:17:17 CST 2026 - Market closed (hour=17)
Wed Jan 21 16:22:17 CST 2026 - Market closed (hour=17)
Wed Jan 21 16:27:17 CST 2026 - Market closed (hour=17)
Wed Jan 21 16:32:17 CST 2026 - Market closed (hour=17)
Wed Jan 21 16:37:17 CST 2026 - Market closed (hour=17)
Wed Jan 21 16:42:17 CST 2026 - Market closed (hour=17)
Wed Jan 21 16:47:17 CST 2026 - Market closed (hour=17)
Wed Jan 21 16:52:17 CST 2026 - Market closed (hour=17)
Wed Jan 21 16:57:17 CST 2026 - Market closed (hour=17)
Wed Jan 21 17:02:17 CST 2026 - Market closed (hour=18)
Wed Jan 21 17:07:17 CST 2026 - Market closed (hour=18)
Wed Jan 21 17:12:17 CST 2026 - Market closed (hour=18)
Wed Jan 21 18:04:07 CST 2026 - Market closed (hour=19)
Wed Jan 21 18:09:07 CST 2026 - Market closed (hour=19)
Wed Jan 21 18:14:07 CST 2026 - Market closed (hour=19)
Wed Jan 21 18:19:07 CST 2026 - Market closed (hour=19)
Wed Jan 21 18:24:07 CST 2026 - Market closed (hour=19)
Wed Jan 21 18:29:07 CST 2026 - Market closed (hour=19)
Wed Jan 21 18:37:56 CST 2026 - Market closed (hour=19)
Wed Jan 21 18:42:56 CST 2026 - Market closed (hour=19)
Wed Jan 21 18:47:56 CST 2026 - Market closed (hour=19)
Wed Jan 21 18:52:56 CST 2026 - Market closed (hour=19)
Wed Jan 21 19:48:37 CST 2026 - Market closed (hour=20)
Wed Jan 21 21:17:42 CST 2026 - Market closed (hour=22)
Wed Jan 21 21:22:42 CST 2026 - Market closed (hour=22)
Wed Jan 21 21:27:42 CST 2026 - Market closed (hour=22)
Wed Jan 21 21:32:42 CST 2026 - Market closed (hour=22)
Wed Jan 21 21:37:42 CST 2026 - Market closed (hour=22)
Wed Jan 21 21:42:42 CST 2026 - Market closed (hour=22)
Wed Jan 21 23:01:31 CST 2026 - Market closed (hour=00)
Thu Jan 22 07:41:13 CST 2026 - Market closed (hour=08)
Thu Jan 22 09:15:32 CST 2026 - Running auto trader...
2026-01-22 09:15:34 | INFO | 🔄 Daily reset: 2026-01-21 → 2026-01-22
2026-01-22 09:15:34 | INFO | 🔌 Circuit Breaker Status: tripped=False, daily_pnl=0.00%, trades_today=0
2026-01-22 09:15:34 | INFO | 📂 Loaded 8 trades from /Users/jakobmccleary/Desktop/Stock Predictor/.monitoring/performance_data.json
2026-01-22 09:15:34 | INFO | 📊 Performance Monitor: 8 historical trades loaded
2026-01-22 09:15:34 | INFO | 💰 Account: equity=$45,932.74, buying_power=$75,290.48, starting_capital=$50,000.00
2026-01-22 09:15:34 | INFO | 📋 Trade Log: 14 trades from /Users/jakobmccleary/Desktop/Stock Predictor/trade_log.json
2026-01-22 09:15:34 | INFO | 📊 Stats: 6 closed | Win Rate: 50.0% | Total P&L: $705.17
2026-01-22 09:15:34 | INFO | 📁 signals.json path: /Users/jakobmccleary/Desktop/Stock Predictor/signals.json
2026-01-22 09:15:34 | INFO | 📊 Loaded 1 signals
2026-01-22 09:15:34 | INFO | 📉 BKLC: FILTERED - Z-score 0.23 < 1.5
2026-01-22 09:15:34 | INFO | ==================================================
2026-01-22 09:15:34 | INFO | 📈 TRADING SESSION COMPLETE
2026-01-22 09:15:34 | INFO |    Signals processed: 1
2026-01-22 09:15:34 | INFO |    Trades executed: 0
2026-01-22 09:15:34 | INFO |    Trades skipped/filtered: 1
2026-01-22 09:15:34 | INFO |    Circuit breaker: ✅ OK
2026-01-22 09:15:34 | INFO |    Daily P&L: 0.00% | Weekly: -0.02%
2026-01-22 09:15:34 | INFO |    Consecutive losses: 0
2026-01-22 09:15:34 | INFO | --------------------------------------------------
2026-01-22 09:15:34 | INFO | 📊 PERFORMANCE MONITOR
2026-01-22 09:15:34 | CRITICAL | [CRITICAL] drawdown: Drawdown exceeds critical threshold: 8.1%
2026-01-22 09:15:34 | CRITICAL |    🚨 Drawdown exceeds critical threshold: 8.1%
2026-01-22 09:15:34 | INFO |    21d Sharpe: 0.00 | 63d Sharpe: 0.00
2026-01-22 09:15:34 | INFO |    Win Rate (20): 25.0% | Drawdown: 8.1%
2026-01-22 09:15:34 | INFO |    P&L Today: $+7.36 | Week: $-10.13 | Total: $-22.39
2026-01-22 09:15:34 | CRITICAL | [CRITICAL] drawdown: Drawdown exceeds critical threshold: 8.1%
2026-01-22 09:15:34 | INFO | 📊 Daily summary saved to /Users/jakobmccleary/Desktop/Stock Predictor/.monitoring/daily_summaries/summary_2026-01-22.json
2026-01-22 09:15:34 | INFO |    📄 Daily summary saved
2026-01-22 09:15:34 | INFO | ==================================================
AEE260220C00105000: Spread stop-loss close failed (trying individual legs): {"code":42210000,"message":"qty must be \u003e 0"}
AEE260220C00105000: stop-loss close failed: {"code":40310000,"message":"account not eligible to trade uncovered option contracts"}
AEE260220C00110000: Spread stop-loss close failed (trying individual legs): {"code":42210000,"message":"qty must be \u003e 0"}
AEE260220C00110000: stop-loss close failed: {"code":40010001,"message":"qty must be \u003e 0"}
Thu Jan 22 09:28:54 CST 2026 - Running auto trader...
2026-01-22 09:28:55 | INFO | 🔌 Circuit Breaker Status: tripped=False, daily_pnl=0.00%, trades_today=0
2026-01-22 09:28:55 | INFO | 📂 Loaded 8 trades from /Users/jakobmccleary/Desktop/Stock Predictor/.monitoring/performance_data.json
2026-01-22 09:28:55 | INFO | 📊 Performance Monitor: 8 historical trades loaded
2026-01-22 09:28:55 | INFO | 💰 Account: equity=$46,238.74, buying_power=$75,376.48, starting_capital=$50,000.00
2026-01-22 09:28:55 | INFO | 📋 Trade Log: 14 trades from /Users/jakobmccleary/Desktop/Stock Predictor/trade_log.json
2026-01-22 09:28:55 | INFO | 📊 Stats: 6 closed | Win Rate: 50.0% | Total P&L: $705.17
2026-01-22 09:28:56 | INFO | 📁 signals.json path: /Users/jakobmccleary/Desktop/Stock Predictor/signals.json
2026-01-22 09:28:56 | INFO | 📊 Loaded 1 signals
2026-01-22 09:28:56 | INFO | 📉 BKLC: FILTERED - Z-score 0.23 < 1.5
2026-01-22 09:28:56 | INFO | ==================================================
2026-01-22 09:28:56 | INFO | 📈 TRADING SESSION COMPLETE
2026-01-22 09:28:56 | INFO |    Signals processed: 1
2026-01-22 09:28:56 | INFO |    Trades executed: 0
2026-01-22 09:28:56 | INFO |    Trades skipped/filtered: 1
2026-01-22 09:28:56 | INFO |    Circuit breaker: ✅ OK
2026-01-22 09:28:56 | INFO |    Daily P&L: 0.00% | Weekly: -0.02%
2026-01-22 09:28:56 | INFO |    Consecutive losses: 0
2026-01-22 09:28:56 | INFO | --------------------------------------------------
2026-01-22 09:28:56 | INFO | 📊 PERFORMANCE MONITOR
2026-01-22 09:28:56 | WARNING | [WARNING] drawdown: Drawdown approaching critical: 7.5%
2026-01-22 09:28:56 | WARNING |    ⚠️ Drawdown approaching critical: 7.5%
2026-01-22 09:28:56 | INFO |    21d Sharpe: 0.00 | 63d Sharpe: 0.00
2026-01-22 09:28:56 | INFO |    Win Rate (20): 25.0% | Drawdown: 7.5%
2026-01-22 09:28:56 | INFO |    P&L Today: $+7.36 | Week: $-10.13 | Total: $-22.39
2026-01-22 09:28:56 | WARNING | [WARNING] drawdown: Drawdown approaching critical: 7.5%
2026-01-22 09:28:56 | INFO | 📊 Daily summary saved to /Users/jakobmccleary/Desktop/Stock Predictor/.monitoring/daily_summaries/summary_2026-01-22.json
2026-01-22 09:28:56 | INFO |    📄 Daily summary saved
2026-01-22 09:28:56 | INFO | ==================================================
AEE260220C00105000: Spread stop-loss close failed (trying individual legs): {"code":42210000,"message":"qty must be \u003e 0"}
AEE260220C00105000: stop-loss close failed: {"code":40310000,"message":"account not eligible to trade uncovered option contracts"}
AEE260220C00110000: Spread stop-loss close failed (trying individual legs): {"code":42210000,"message":"qty must be \u003e 0"}
AEE260220C00110000: stop-loss close failed: {"code":40010001,"message":"qty must be \u003e 0"}
Thu Jan 22 09:33:56 CST 2026 - Running auto trader...
2026-01-22 09:33:57 | INFO | 🔌 Circuit Breaker Status: tripped=False, daily_pnl=0.00%, trades_today=0
2026-01-22 09:33:57 | INFO | 📂 Loaded 8 trades from /Users/jakobmccleary/Desktop/Stock Predictor/.monitoring/performance_data.json
2026-01-22 09:33:57 | INFO | 📊 Performance Monitor: 8 historical trades loaded
2026-01-22 09:33:57 | INFO | 💰 Account: equity=$46,197.24, buying_power=$75,334.98, starting_capital=$50,000.00
2026-01-22 09:33:57 | INFO | 📋 Trade Log: 14 trades from /Users/jakobmccleary/Desktop/Stock Predictor/trade_log.json
2026-01-22 09:33:57 | INFO | 📊 Stats: 6 closed | Win Rate: 50.0% | Total P&L: $705.17
2026-01-22 09:33:57 | INFO | 📁 signals.json path: /Users/jakobmccleary/Desktop/Stock Predictor/signals.json
2026-01-22 09:33:57 | INFO | 📊 Loaded 1 signals
2026-01-22 09:33:57 | INFO | 📉 BKLC: FILTERED - Z-score 0.23 < 1.5
2026-01-22 09:33:57 | INFO | ==================================================
2026-01-22 09:33:57 | INFO | 📈 TRADING SESSION COMPLETE
2026-01-22 09:33:57 | INFO |    Signals processed: 1
2026-01-22 09:33:57 | INFO |    Trades executed: 0
2026-01-22 09:33:57 | INFO |    Trades skipped/filtered: 1
2026-01-22 09:33:57 | INFO |    Circuit breaker: ✅ OK
2026-01-22 09:33:57 | INFO |    Daily P&L: 0.00% | Weekly: -0.02%
2026-01-22 09:33:57 | INFO |    Consecutive losses: 0
2026-01-22 09:33:57 | INFO | --------------------------------------------------
2026-01-22 09:33:57 | INFO | 📊 PERFORMANCE MONITOR
2026-01-22 09:33:57 | WARNING | [WARNING] drawdown: Drawdown approaching critical: 7.6%
2026-01-22 09:33:57 | WARNING |    ⚠️ Drawdown approaching critical: 7.6%
2026-01-22 09:33:57 | INFO |    21d Sharpe: 0.00 | 63d Sharpe: 0.00
2026-01-22 09:33:57 | INFO |    Win Rate (20): 25.0% | Drawdown: 7.6%
2026-01-22 09:33:57 | INFO |    P&L Today: $+7.36 | Week: $-10.13 | Total: $-22.39
2026-01-22 09:33:57 | WARNING | [WARNING] drawdown: Drawdown approaching critical: 7.6%
2026-01-22 09:33:57 | INFO | 📊 Daily summary saved to /Users/jakobmccleary/Desktop/Stock Predictor/.monitoring/daily_summaries/summary_2026-01-22.json
2026-01-22 09:33:57 | INFO |    📄 Daily summary saved
2026-01-22 09:33:57 | INFO | ==================================================
AEE260220C00105000: Spread stop-loss close failed (trying individual legs): {"code":42210000,"message":"qty must be \u003e 0"}
AEE260220C00105000: stop-loss close failed: {"code":40310000,"message":"account not eligible to trade uncovered option contracts"}
AEE260220C00110000: Spread stop-loss close failed (trying individual legs): {"code":42210000,"message":"qty must be \u003e 0"}
AEE260220C00110000: stop-loss close failed: {"code":40010001,"message":"qty must be \u003e 0"}
Thu Jan 22 09:38:58 CST 2026 - Running auto trader...
2026-01-22 09:38:59 | INFO | 🔌 Circuit Breaker Status: tripped=False, daily_pnl=0.00%, trades_today=0
2026-01-22 09:38:59 | INFO | 📂 Loaded 8 trades from /Users/jakobmccleary/Desktop/Stock Predictor/.monitoring/performance_data.json
2026-01-22 09:38:59 | INFO | 📊 Performance Monitor: 8 historical trades loaded
2026-01-22 09:39:00 | INFO | 💰 Account: equity=$46,119.74, buying_power=$75,257.48, starting_capital=$50,000.00
2026-01-22 09:39:00 | INFO | 📋 Trade Log: 14 trades from /Users/jakobmccleary/Desktop/Stock Predictor/trade_log.json
2026-01-22 09:39:00 | INFO | 📊 Stats: 6 closed | Win Rate: 50.0% | Total P&L: $705.17
2026-01-22 09:39:00 | INFO | 📁 signals.json path: /Users/jakobmccleary/Desktop/Stock Predictor/signals.json
2026-01-22 09:39:00 | INFO | 📊 Loaded 1 signals
2026-01-22 09:39:00 | INFO | 📉 BKLC: FILTERED - Z-score 0.23 < 1.5
2026-01-22 09:39:00 | INFO | ==================================================
2026-01-22 09:39:00 | INFO | 📈 TRADING SESSION COMPLETE
2026-01-22 09:39:00 | INFO |    Signals processed: 1
2026-01-22 09:39:00 | INFO |    Trades executed: 0
2026-01-22 09:39:00 | INFO |    Trades skipped/filtered: 1
2026-01-22 09:39:00 | INFO |    Circuit breaker: ✅ OK
2026-01-22 09:39:00 | INFO |    Daily P&L: 0.00% | Weekly: -0.02%
2026-01-22 09:39:00 | INFO |    Consecutive losses: 0
2026-01-22 09:39:00 | INFO | --------------------------------------------------
2026-01-22 09:39:00 | INFO | 📊 PERFORMANCE MONITOR
2026-01-22 09:39:00 | WARNING | [WARNING] drawdown: Drawdown approaching critical: 7.8%
2026-01-22 09:39:00 | WARNING |    ⚠️ Drawdown approaching critical: 7.8%
2026-01-22 09:39:00 | INFO |    21d Sharpe: 0.00 | 63d Sharpe: 0.00
2026-01-22 09:39:00 | INFO |    Win Rate (20): 25.0% | Drawdown: 7.8%
2026-01-22 09:39:00 | INFO |    P&L Today: $+7.36 | Week: $-10.13 | Total: $-22.39
2026-01-22 09:39:00 | WARNING | [WARNING] drawdown: Drawdown approaching critical: 7.8%
2026-01-22 09:39:00 | INFO | 📊 Daily summary saved to /Users/jakobmccleary/Desktop/Stock Predictor/.monitoring/daily_summaries/summary_2026-01-22.json
2026-01-22 09:39:00 | INFO |    📄 Daily summary saved
2026-01-22 09:39:00 | INFO | ==================================================
AEE260220C00105000: Spread stop-loss close failed (trying individual legs): {"code":42210000,"message":"qty must be \u003e 0"}
AEE260220C00105000: stop-loss close failed: {"code":40310000,"message":"account not eligible to trade uncovered option contracts"}
AEE260220C00110000: Spread stop-loss close failed (trying individual legs): {"code":42210000,"message":"qty must be \u003e 0"}
AEE260220C00110000: stop-loss close failed: {"code":40010001,"message":"qty must be \u003e 0"}
Thu Jan 22 09:44:00 CST 2026 - Running auto trader...
2026-01-22 09:44:01 | INFO | 🔌 Circuit Breaker Status: tripped=False, daily_pnl=0.00%, trades_today=0
2026-01-22 09:44:01 | INFO | 📂 Loaded 8 trades from /Users/jakobmccleary/Desktop/Stock Predictor/.monitoring/performance_data.json
2026-01-22 09:44:01 | INFO | 📊 Performance Monitor: 8 historical trades loaded
2026-01-22 09:44:02 | INFO | 💰 Account: equity=$46,072.74, buying_power=$75,210.48, starting_capital=$50,000.00
2026-01-22 09:44:02 | INFO | 📋 Trade Log: 14 trades from /Users/jakobmccleary/Desktop/Stock Predictor/trade_log.json
2026-01-22 09:44:02 | INFO | 📊 Stats: 6 closed | Win Rate: 50.0% | Total P&L: $705.17
2026-01-22 09:44:02 | INFO | 📁 signals.json path: /Users/jakobmccleary/Desktop/Stock Predictor/signals.json
2026-01-22 09:44:02 | INFO | 📊 Loaded 1 signals
2026-01-22 09:44:02 | INFO | 📉 BKLC: FILTERED - Z-score 0.23 < 1.5
2026-01-22 09:44:02 | INFO | ==================================================
2026-01-22 09:44:02 | INFO | 📈 TRADING SESSION COMPLETE
2026-01-22 09:44:02 | INFO |    Signals processed: 1
2026-01-22 09:44:02 | INFO |    Trades executed: 0
2026-01-22 09:44:02 | INFO |    Trades skipped/filtered: 1
2026-01-22 09:44:02 | INFO |    Circuit breaker: ✅ OK
2026-01-22 09:44:02 | INFO |    Daily P&L: 0.00% | Weekly: -0.02%
2026-01-22 09:44:02 | INFO |    Consecutive losses: 0
2026-01-22 09:44:02 | INFO | --------------------------------------------------
2026-01-22 09:44:02 | INFO | 📊 PERFORMANCE MONITOR
2026-01-22 09:44:02 | WARNING | [WARNING] drawdown: Drawdown approaching critical: 7.9%
2026-01-22 09:44:02 | WARNING |    ⚠️ Drawdown approaching critical: 7.9%
2026-01-22 09:44:02 | INFO |    21d Sharpe: 0.00 | 63d Sharpe: 0.00
2026-01-22 09:44:02 | INFO |    Win Rate (20): 25.0% | Drawdown: 7.9%
2026-01-22 09:44:02 | INFO |    P&L Today: $+7.36 | Week: $-10.13 | Total: $-22.39
2026-01-22 09:44:02 | WARNING | [WARNING] drawdown: Drawdown approaching critical: 7.9%
2026-01-22 09:44:02 | INFO | 📊 Daily summary saved to /Users/jakobmccleary/Desktop/Stock Predictor/.monitoring/daily_summaries/summary_2026-01-22.json
2026-01-22 09:44:02 | INFO |    📄 Daily summary saved
2026-01-22 09:44:02 | INFO | ==================================================
AEE260220C00105000: Spread stop-loss close failed (trying individual legs): {"code":42210000,"message":"qty must be \u003e 0"}
AEE260220C00105000: stop-loss close failed: {"code":40310000,"message":"account not eligible to trade uncovered option contracts"}
AEE260220C00110000: Spread stop-loss close failed (trying individual legs): {"code":42210000,"message":"qty must be \u003e 0"}
AEE260220C00110000: stop-loss close failed: {"code":40010001,"message":"qty must be \u003e 0"}
Thu Jan 22 09:49:02 CST 2026 - Running auto trader...
2026-01-22 09:49:03 | INFO | 🔌 Circuit Breaker Status: tripped=False, daily_pnl=0.00%, trades_today=0
2026-01-22 09:49:03 | INFO | 📂 Loaded 8 trades from /Users/jakobmccleary/Desktop/Stock Predictor/.monitoring/performance_data.json
2026-01-22 09:49:03 | INFO | 📊 Performance Monitor: 8 historical trades loaded
2026-01-22 09:49:04 | INFO | 💰 Account: equity=$46,253.74, buying_power=$75,151.48, starting_capital=$50,000.00
2026-01-22 09:49:04 | INFO | 📋 Trade Log: 14 trades from /Users/jakobmccleary/Desktop/Stock Predictor/trade_log.json
2026-01-22 09:49:04 | INFO | 📊 Stats: 6 closed | Win Rate: 50.0% | Total P&L: $705.17
2026-01-22 09:49:04 | INFO | 📁 signals.json path: /Users/jakobmccleary/Desktop/Stock Predictor/signals.json
2026-01-22 09:49:04 | INFO | 📊 Loaded 1 signals
2026-01-22 09:49:04 | INFO | 📉 BKLC: FILTERED - Z-score 0.23 < 1.5
2026-01-22 09:49:04 | INFO | ==================================================
2026-01-22 09:49:04 | INFO | 📈 TRADING SESSION COMPLETE
2026-01-22 09:49:04 | INFO |    Signals processed: 1
2026-01-22 09:49:04 | INFO |    Trades executed: 0
2026-01-22 09:49:04 | INFO |    Trades skipped/filtered: 1
2026-01-22 09:49:04 | INFO |    Circuit breaker: ✅ OK
2026-01-22 09:49:04 | INFO |    Daily P&L: 0.00% | Weekly: -0.02%
2026-01-22 09:49:04 | INFO |    Consecutive losses: 0
2026-01-22 09:49:04 | INFO | --------------------------------------------------
2026-01-22 09:49:04 | INFO | 📊 PERFORMANCE MONITOR
2026-01-22 09:49:04 | WARNING | [WARNING] drawdown: Drawdown approaching critical: 7.5%
2026-01-22 09:49:04 | WARNING |    ⚠️ Drawdown approaching critical: 7.5%
2026-01-22 09:49:04 | INFO |    21d Sharpe: 0.00 | 63d Sharpe: 0.00
2026-01-22 09:49:04 | INFO |    Win Rate (20): 25.0% | Drawdown: 7.5%
2026-01-22 09:49:04 | INFO |    P&L Today: $+7.36 | Week: $-10.13 | Total: $-22.39
2026-01-22 09:49:04 | WARNING | [WARNING] drawdown: Drawdown approaching critical: 7.5%
2026-01-22 09:49:04 | INFO | 📊 Daily summary saved to /Users/jakobmccleary/Desktop/Stock Predictor/.monitoring/daily_summaries/summary_2026-01-22.json
2026-01-22 09:49:04 | INFO |    📄 Daily summary saved
2026-01-22 09:49:04 | INFO | ==================================================
AEE260220C00105000: Spread stop-loss close failed (trying individual legs): {"code":42210000,"message":"qty must be \u003e 0"}
AEE260220C00105000: stop-loss close failed: {"code":40310000,"message":"account not eligible to trade uncovered option contracts"}
AEE260220C00110000: Spread stop-loss close failed (trying individual legs): {"code":42210000,"message":"qty must be \u003e 0"}
AEE260220C00110000: stop-loss close failed: {"code":40010001,"message":"qty must be \u003e 0"}
Thu Jan 22 09:54:04 CST 2026 - Running auto trader...
2026-01-22 09:54:05 | INFO | 🔌 Circuit Breaker Status: tripped=False, daily_pnl=0.00%, trades_today=0
2026-01-22 09:54:05 | INFO | 📂 Loaded 8 trades from /Users/jakobmccleary/Desktop/Stock Predictor/.monitoring/performance_data.json
2026-01-22 09:54:05 | INFO | 📊 Performance Monitor: 8 historical trades loaded
2026-01-22 09:54:06 | INFO | 💰 Account: equity=$46,352.74, buying_power=$75,250.48, starting_capital=$50,000.00
2026-01-22 09:54:06 | INFO | 📋 Trade Log: 14 trades from /Users/jakobmccleary/Desktop/Stock Predictor/trade_log.json
2026-01-22 09:54:06 | INFO | 📊 Stats: 6 closed | Win Rate: 50.0% | Total P&L: $705.17
2026-01-22 09:54:06 | INFO | 📁 signals.json path: /Users/jakobmccleary/Desktop/Stock Predictor/signals.json
2026-01-22 09:54:06 | INFO | 📊 Loaded 1 signals
2026-01-22 09:54:06 | INFO | 📉 BKLC: FILTERED - Z-score 0.23 < 1.5
2026-01-22 09:54:06 | INFO | ==================================================
2026-01-22 09:54:06 | INFO | 📈 TRADING SESSION COMPLETE
2026-01-22 09:54:06 | INFO |    Signals processed: 1
2026-01-22 09:54:06 | INFO |    Trades executed: 0
2026-01-22 09:54:06 | INFO |    Trades skipped/filtered: 1
2026-01-22 09:54:06 | INFO |    Circuit breaker: ✅ OK
2026-01-22 09:54:06 | INFO |    Daily P&L: 0.00% | Weekly: -0.02%
2026-01-22 09:54:06 | INFO |    Consecutive losses: 0
2026-01-22 09:54:06 | INFO | --------------------------------------------------
2026-01-22 09:54:06 | INFO | 📊 PERFORMANCE MONITOR
2026-01-22 09:54:06 | WARNING | [WARNING] drawdown: Drawdown approaching critical: 7.3%
2026-01-22 09:54:06 | WARNING |    ⚠️ Drawdown approaching critical: 7.3%
2026-01-22 09:54:06 | INFO |    21d Sharpe: 0.00 | 63d Sharpe: 0.00
2026-01-22 09:54:06 | INFO |    Win Rate (20): 25.0% | Drawdown: 7.3%
2026-01-22 09:54:06 | INFO |    P&L Today: $+7.36 | Week: $-10.13 | Total: $-22.39
2026-01-22 09:54:06 | WARNING | [WARNING] drawdown: Drawdown approaching critical: 7.3%
2026-01-22 09:54:06 | INFO | 📊 Daily summary saved to /Users/jakobmccleary/Desktop/Stock Predictor/.monitoring/daily_summaries/summary_2026-01-22.json
2026-01-22 09:54:06 | INFO |    📄 Daily summary saved
2026-01-22 09:54:06 | INFO | ==================================================
AEE260220C00105000: Spread stop-loss close failed (trying individual legs): {"code":42210000,"message":"qty must be \u003e 0"}
AEE260220C00105000: stop-loss close failed: {"code":40310000,"message":"account not eligible to trade uncovered option contracts"}
AEE260220C00110000: Spread stop-loss close failed (trying individual legs): {"code":42210000,"message":"qty must be \u003e 0"}
AEE260220C00110000: stop-loss close failed: {"code":40010001,"message":"qty must be \u003e 0"}
Thu Jan 22 09:59:06 CST 2026 - Running auto trader...
2026-01-22 09:59:08 | INFO | 🔌 Circuit Breaker Status: tripped=False, daily_pnl=0.00%, trades_today=0
2026-01-22 09:59:08 | INFO | 📂 Loaded 8 trades from /Users/jakobmccleary/Desktop/Stock Predictor/.monitoring/performance_data.json
2026-01-22 09:59:08 | INFO | 📊 Performance Monitor: 8 historical trades loaded
2026-01-22 09:59:08 | INFO | 💰 Account: equity=$46,338.74, buying_power=$75,236.48, starting_capital=$50,000.00
2026-01-22 09:59:08 | INFO | 📋 Trade Log: 14 trades from /Users/jakobmccleary/Desktop/Stock Predictor/trade_log.json
2026-01-22 09:59:08 | INFO | 📊 Stats: 6 closed | Win Rate: 50.0% | Total P&L: $705.17
2026-01-22 09:59:08 | INFO | 📁 signals.json path: /Users/jakobmccleary/Desktop/Stock Predictor/signals.json
2026-01-22 09:59:08 | INFO | 📊 Loaded 1 signals
2026-01-22 09:59:08 | INFO | 📉 BKLC: FILTERED - Z-score 0.23 < 1.5
2026-01-22 09:59:08 | INFO | ==================================================
2026-01-22 09:59:08 | INFO | 📈 TRADING SESSION COMPLETE
2026-01-22 09:59:08 | INFO |    Signals processed: 1
2026-01-22 09:59:08 | INFO |    Trades executed: 0
2026-01-22 09:59:08 | INFO |    Trades skipped/filtered: 1
2026-01-22 09:59:08 | INFO |    Circuit breaker: ✅ OK
2026-01-22 09:59:08 | INFO |    Daily P&L: 0.00% | Weekly: -0.02%
2026-01-22 09:59:08 | INFO |    Consecutive losses: 0
2026-01-22 09:59:08 | INFO | --------------------------------------------------
2026-01-22 09:59:08 | INFO | 📊 PERFORMANCE MONITOR
2026-01-22 09:59:08 | WARNING | [WARNING] drawdown: Drawdown approaching critical: 7.3%
2026-01-22 09:59:08 | WARNING |    ⚠️ Drawdown approaching critical: 7.3%
2026-01-22 09:59:08 | INFO |    21d Sharpe: 0.00 | 63d Sharpe: 0.00
2026-01-22 09:59:08 | INFO |    Win Rate (20): 25.0% | Drawdown: 7.3%
2026-01-22 09:59:08 | INFO |    P&L Today: $+7.36 | Week: $-10.13 | Total: $-22.39
2026-01-22 09:59:08 | WARNING | [WARNING] drawdown: Drawdown approaching critical: 7.3%
2026-01-22 09:59:08 | INFO | 📊 Daily summary saved to /Users/jakobmccleary/Desktop/Stock Predictor/.monitoring/daily_summaries/summary_2026-01-22.json
2026-01-22 09:59:08 | INFO |    📄 Daily summary saved
2026-01-22 09:59:08 | INFO | ==================================================
AEE260220C00105000: Spread stop-loss close failed (trying individual legs): {"code":42210000,"message":"qty must be \u003e 0"}
AEE260220C00105000: stop-loss close failed: {"code":40310000,"message":"account not eligible to trade uncovered option contracts"}
AEE260220C00110000: Spread stop-loss close failed (trying individual legs): {"code":42210000,"message":"qty must be \u003e 0"}
AEE260220C00110000: stop-loss close failed: {"code":40010001,"message":"qty must be \u003e 0"}
Thu Jan 22 10:04:08 CST 2026 - Running auto trader...
2026-01-22 10:04:10 | INFO | 🔌 Circuit Breaker Status: tripped=False, daily_pnl=0.00%, trades_today=0
2026-01-22 10:04:10 | INFO | 📂 Loaded 8 trades from /Users/jakobmccleary/Desktop/Stock Predictor/.monitoring/performance_data.json
2026-01-22 10:04:10 | INFO | 📊 Performance Monitor: 8 historical trades loaded
2026-01-22 10:04:10 | INFO | 💰 Account: equity=$46,366.74, buying_power=$75,264.48, starting_capital=$50,000.00
2026-01-22 10:04:10 | INFO | 📋 Trade Log: 14 trades from /Users/jakobmccleary/Desktop/Stock Predictor/trade_log.json
2026-01-22 10:04:10 | INFO | 📊 Stats: 6 closed | Win Rate: 50.0% | Total P&L: $705.17
2026-01-22 10:04:10 | INFO | 📁 signals.json path: /Users/jakobmccleary/Desktop/Stock Predictor/signals.json
2026-01-22 10:04:10 | INFO | 📊 Loaded 1 signals
2026-01-22 10:04:10 | INFO | 📉 BKLC: FILTERED - Z-score 0.23 < 1.5
2026-01-22 10:04:10 | INFO | ==================================================
2026-01-22 10:04:10 | INFO | 📈 TRADING SESSION COMPLETE
2026-01-22 10:04:10 | INFO |    Signals processed: 1
2026-01-22 10:04:10 | INFO |    Trades executed: 0
2026-01-22 10:04:10 | INFO |    Trades skipped/filtered: 1
2026-01-22 10:04:10 | INFO |    Circuit breaker: ✅ OK
2026-01-22 10:04:10 | INFO |    Daily P&L: 0.00% | Weekly: -0.02%
2026-01-22 10:04:10 | INFO |    Consecutive losses: 0
2026-01-22 10:04:10 | INFO | --------------------------------------------------
2026-01-22 10:04:10 | INFO | 📊 PERFORMANCE MONITOR
2026-01-22 10:04:10 | WARNING | [WARNING] drawdown: Drawdown approaching critical: 7.3%
2026-01-22 10:04:10 | WARNING |    ⚠️ Drawdown approaching critical: 7.3%
2026-01-22 10:04:10 | INFO |    21d Sharpe: 0.00 | 63d Sharpe: 0.00
2026-01-22 10:04:10 | INFO |    Win Rate (20): 25.0% | Drawdown: 7.3%
2026-01-22 10:04:10 | INFO |    P&L Today: $+7.36 | Week: $-10.13 | Total: $-22.39
2026-01-22 10:04:10 | WARNING | [WARNING] drawdown: Drawdown approaching critical: 7.3%
2026-01-22 10:04:10 | INFO | 📊 Daily summary saved to /Users/jakobmccleary/Desktop/Stock Predictor/.monitoring/daily_summaries/summary_2026-01-22.json
2026-01-22 10:04:10 | INFO |    📄 Daily summary saved
2026-01-22 10:04:10 | INFO | ==================================================
AEE260220C00105000: Spread stop-loss close failed (trying individual legs): {"code":42210000,"message":"qty must be \u003e 0"}
AEE260220C00105000: stop-loss close failed: {"code":40310000,"message":"account not eligible to trade uncovered option contracts"}
AEE260220C00110000: Spread stop-loss close failed (trying individual legs): {"code":42210000,"message":"qty must be \u003e 0"}
AEE260220C00110000: stop-loss close failed: {"code":40010001,"message":"qty must be \u003e 0"}
Thu Jan 22 10:09:10 CST 2026 - Running auto trader...
2026-01-22 10:09:11 | INFO | 🔌 Circuit Breaker Status: tripped=False, daily_pnl=0.00%, trades_today=0
2026-01-22 10:09:11 | INFO | 📂 Loaded 8 trades from /Users/jakobmccleary/Desktop/Stock Predictor/.monitoring/performance_data.json
2026-01-22 10:09:11 | INFO | 📊 Performance Monitor: 8 historical trades loaded
2026-01-22 10:09:12 | INFO | 💰 Account: equity=$46,349.74, buying_power=$75,247.48, starting_capital=$50,000.00
2026-01-22 10:09:12 | INFO | 📋 Trade Log: 14 trades from /Users/jakobmccleary/Desktop/Stock Predictor/trade_log.json
2026-01-22 10:09:12 | INFO | 📊 Stats: 6 closed | Win Rate: 50.0% | Total P&L: $705.17
2026-01-22 10:09:12 | INFO | 📁 signals.json path: /Users/jakobmccleary/Desktop/Stock Predictor/signals.json
2026-01-22 10:09:12 | INFO | 📊 Loaded 1 signals
2026-01-22 10:09:12 | INFO | 📉 BKLC: FILTERED - Z-score 0.23 < 1.5
2026-01-22 10:09:12 | INFO | ==================================================
2026-01-22 10:09:12 | INFO | 📈 TRADING SESSION COMPLETE
2026-01-22 10:09:12 | INFO |    Signals processed: 1
2026-01-22 10:09:12 | INFO |    Trades executed: 0
2026-01-22 10:09:12 | INFO |    Trades skipped/filtered: 1
2026-01-22 10:09:12 | INFO |    Circuit breaker: ✅ OK
2026-01-22 10:09:12 | INFO |    Daily P&L: 0.00% | Weekly: -0.02%
2026-01-22 10:09:12 | INFO |    Consecutive losses: 0
2026-01-22 10:09:12 | INFO | --------------------------------------------------
2026-01-22 10:09:12 | INFO | 📊 PERFORMANCE MONITOR
2026-01-22 10:09:12 | WARNING | [WARNING] drawdown: Drawdown approaching critical: 7.3%
2026-01-22 10:09:12 | WARNING |    ⚠️ Drawdown approaching critical: 7.3%
2026-01-22 10:09:12 | INFO |    21d Sharpe: 0.00 | 63d Sharpe: 0.00
2026-01-22 10:09:12 | INFO |    Win Rate (20): 25.0% | Drawdown: 7.3%
2026-01-22 10:09:12 | INFO |    P&L Today: $+7.36 | Week: $-10.13 | Total: $-22.39
2026-01-22 10:09:12 | WARNING | [WARNING] drawdown: Drawdown approaching critical: 7.3%
2026-01-22 10:09:12 | INFO | 📊 Daily summary saved to /Users/jakobmccleary/Desktop/Stock Predictor/.monitoring/daily_summaries/summary_2026-01-22.json
2026-01-22 10:09:12 | INFO |    📄 Daily summary saved
2026-01-22 10:09:12 | INFO | ==================================================
AEE260220C00105000: Spread stop-loss close failed (trying individual legs): {"code":42210000,"message":"qty must be \u003e 0"}
AEE260220C00105000: stop-loss close failed: {"code":40310000,"message":"account not eligible to trade uncovered option contracts"}
AEE260220C00110000: Spread stop-loss close failed (trying individual legs): {"code":42210000,"message":"qty must be \u003e 0"}
AEE260220C00110000: stop-loss close failed: {"code":40010001,"message":"qty must be \u003e 0"}
Thu Jan 22 10:14:12 CST 2026 - Running auto trader...
2026-01-22 10:14:13 | INFO | 🔌 Circuit Breaker Status: tripped=False, daily_pnl=0.00%, trades_today=0
2026-01-22 10:14:13 | INFO | 📂 Loaded 8 trades from /Users/jakobmccleary/Desktop/Stock Predictor/.monitoring/performance_data.json
2026-01-22 10:14:13 | INFO | 📊 Performance Monitor: 8 historical trades loaded
2026-01-22 10:14:14 | INFO | 💰 Account: equity=$46,365.74, buying_power=$75,263.48, starting_capital=$50,000.00
2026-01-22 10:14:14 | INFO | 📋 Trade Log: 14 trades from /Users/jakobmccleary/Desktop/Stock Predictor/trade_log.json
2026-01-22 10:14:14 | INFO | 📊 Stats: 6 closed | Win Rate: 50.0% | Total P&L: $705.17
2026-01-22 10:14:14 | INFO | 📁 signals.json path: /Users/jakobmccleary/Desktop/Stock Predictor/signals.json
2026-01-22 10:14:14 | INFO | 📊 Loaded 1 signals
2026-01-22 10:14:14 | INFO | 📉 BKLC: FILTERED - Z-score 0.23 < 1.5
2026-01-22 10:14:14 | INFO | ==================================================
2026-01-22 10:14:14 | INFO | 📈 TRADING SESSION COMPLETE
2026-01-22 10:14:14 | INFO |    Signals processed: 1
2026-01-22 10:14:14 | INFO |    Trades executed: 0
2026-01-22 10:14:14 | INFO |    Trades skipped/filtered: 1
2026-01-22 10:14:14 | INFO |    Circuit breaker: ✅ OK
2026-01-22 10:14:14 | INFO |    Daily P&L: 0.00% | Weekly: -0.02%
2026-01-22 10:14:14 | INFO |    Consecutive losses: 0
2026-01-22 10:14:14 | INFO | --------------------------------------------------
2026-01-22 10:14:14 | INFO | 📊 PERFORMANCE MONITOR
2026-01-22 10:14:14 | WARNING | [WARNING] drawdown: Drawdown approaching critical: 7.3%
2026-01-22 10:14:14 | WARNING |    ⚠️ Drawdown approaching critical: 7.3%
2026-01-22 10:14:14 | INFO |    21d Sharpe: 0.00 | 63d Sharpe: 0.00
2026-01-22 10:14:14 | INFO |    Win Rate (20): 25.0% | Drawdown: 7.3%
2026-01-22 10:14:14 | INFO |    P&L Today: $+7.36 | Week: $-10.13 | Total: $-22.39
2026-01-22 10:14:14 | WARNING | [WARNING] drawdown: Drawdown approaching critical: 7.3%
2026-01-22 10:14:14 | INFO | 📊 Daily summary saved to /Users/jakobmccleary/Desktop/Stock Predictor/.monitoring/daily_summaries/summary_2026-01-22.json
2026-01-22 10:14:14 | INFO |    📄 Daily summary saved
2026-01-22 10:14:14 | INFO | ==================================================
AEE260220C00105000: Spread stop-loss close failed (trying individual legs): {"code":42210000,"message":"qty must be \u003e 0"}
AEE260220C00105000: stop-loss close failed: {"code":40310000,"message":"account not eligible to trade uncovered option contracts"}
AEE260220C00110000: Spread stop-loss close failed (trying individual legs): {"code":42210000,"message":"qty must be \u003e 0"}
AEE260220C00110000: stop-loss close failed: {"code":40010001,"message":"qty must be \u003e 0"}
Thu Jan 22 10:19:14 CST 2026 - Running auto trader...
2026-01-22 10:19:15 | INFO | 🔌 Circuit Breaker Status: tripped=False, daily_pnl=0.00%, trades_today=0
2026-01-22 10:19:15 | INFO | 📂 Loaded 8 trades from /Users/jakobmccleary/Desktop/Stock Predictor/.monitoring/performance_data.json
2026-01-22 10:19:15 | INFO | 📊 Performance Monitor: 8 historical trades loaded
2026-01-22 10:19:16 | INFO | 💰 Account: equity=$46,349.74, buying_power=$75,247.48, starting_capital=$50,000.00
2026-01-22 10:19:16 | INFO | 📋 Trade Log: 14 trades from /Users/jakobmccleary/Desktop/Stock Predictor/trade_log.json
2026-01-22 10:19:16 | INFO | 📊 Stats: 6 closed | Win Rate: 50.0% | Total P&L: $705.17
2026-01-22 10:19:16 | INFO | 📁 signals.json path: /Users/jakobmccleary/Desktop/Stock Predictor/signals.json
2026-01-22 10:19:16 | INFO | 📊 Loaded 1 signals
2026-01-22 10:19:16 | INFO | 📉 BKLC: FILTERED - Z-score 0.23 < 1.5
2026-01-22 10:19:16 | INFO | ==================================================
2026-01-22 10:19:16 | INFO | 📈 TRADING SESSION COMPLETE
2026-01-22 10:19:16 | INFO |    Signals processed: 1
2026-01-22 10:19:16 | INFO |    Trades executed: 0
2026-01-22 10:19:16 | INFO |    Trades skipped/filtered: 1
2026-01-22 10:19:16 | INFO |    Circuit breaker: ✅ OK
2026-01-22 10:19:16 | INFO |    Daily P&L: 0.00% | Weekly: -0.02%
2026-01-22 10:19:16 | INFO |    Consecutive losses: 0
2026-01-22 10:19:16 | INFO | --------------------------------------------------
2026-01-22 10:19:16 | INFO | 📊 PERFORMANCE MONITOR
2026-01-22 10:19:16 | WARNING | [WARNING] drawdown: Drawdown approaching critical: 7.3%
2026-01-22 10:19:16 | WARNING |    ⚠️ Drawdown approaching critical: 7.3%
2026-01-22 10:19:16 | INFO |    21d Sharpe: 0.00 | 63d Sharpe: 0.00
2026-01-22 10:19:16 | INFO |    Win Rate (20): 25.0% | Drawdown: 7.3%
2026-01-22 10:19:16 | INFO |    P&L Today: $+7.36 | Week: $-10.13 | Total: $-22.39
2026-01-22 10:19:16 | WARNING | [WARNING] drawdown: Drawdown approaching critical: 7.3%
2026-01-22 10:19:16 | INFO | 📊 Daily summary saved to /Users/jakobmccleary/Desktop/Stock Predictor/.monitoring/daily_summaries/summary_2026-01-22.json
2026-01-22 10:19:16 | INFO |    📄 Daily summary saved
2026-01-22 10:19:16 | INFO | ==================================================
AEE260220C00105000: Spread stop-loss close failed (trying individual legs): {"code":42210000,"message":"qty must be \u003e 0"}
AEE260220C00105000: stop-loss close failed: {"code":40310000,"message":"account not eligible to trade uncovered option contracts"}
AEE260220C00110000: Spread stop-loss close failed (trying individual legs): {"code":42210000,"message":"qty must be \u003e 0"}
AEE260220C00110000: stop-loss close failed: {"code":40010001,"message":"qty must be \u003e 0"}
Thu Jan 22 10:24:17 CST 2026 - Running auto trader...
2026-01-22 10:24:18 | INFO | 🔌 Circuit Breaker Status: tripped=False, daily_pnl=0.00%, trades_today=0
2026-01-22 10:24:18 | INFO | 📂 Loaded 8 trades from /Users/jakobmccleary/Desktop/Stock Predictor/.monitoring/performance_data.json
2026-01-22 10:24:18 | INFO | 📊 Performance Monitor: 8 historical trades loaded
2026-01-22 10:24:18 | INFO | 💰 Account: equity=$46,365.74, buying_power=$75,263.48, starting_capital=$50,000.00
2026-01-22 10:24:18 | INFO | 📋 Trade Log: 14 trades from /Users/jakobmccleary/Desktop/Stock Predictor/trade_log.json
2026-01-22 10:24:18 | INFO | 📊 Stats: 6 closed | Win Rate: 50.0% | Total P&L: $705.17
2026-01-22 10:24:18 | INFO | 📁 signals.json path: /Users/jakobmccleary/Desktop/Stock Predictor/signals.json
2026-01-22 10:24:18 | INFO | 📊 Loaded 1 signals
2026-01-22 10:24:18 | INFO | 📉 BKLC: FILTERED - Z-score 0.23 < 1.5
2026-01-22 10:24:18 | INFO | ==================================================
2026-01-22 10:24:18 | INFO | 📈 TRADING SESSION COMPLETE
2026-01-22 10:24:18 | INFO |    Signals processed: 1
2026-01-22 10:24:18 | INFO |    Trades executed: 0
2026-01-22 10:24:18 | INFO |    Trades skipped/filtered: 1
2026-01-22 10:24:18 | INFO |    Circuit breaker: ✅ OK
2026-01-22 10:24:18 | INFO |    Daily P&L: 0.00% | Weekly: -0.02%
2026-01-22 10:24:18 | INFO |    Consecutive losses: 0
2026-01-22 10:24:18 | INFO | --------------------------------------------------
2026-01-22 10:24:18 | INFO | 📊 PERFORMANCE MONITOR
2026-01-22 10:24:18 | WARNING | [WARNING] drawdown: Drawdown approaching critical: 7.3%
2026-01-22 10:24:18 | WARNING |    ⚠️ Drawdown approaching critical: 7.3%
2026-01-22 10:24:18 | INFO |    21d Sharpe: 0.00 | 63d Sharpe: 0.00
2026-01-22 10:24:18 | INFO |    Win Rate (20): 25.0% | Drawdown: 7.3%
2026-01-22 10:24:18 | INFO |    P&L Today: $+7.36 | Week: $-10.13 | Total: $-22.39
2026-01-22 10:24:18 | WARNING | [WARNING] drawdown: Drawdown approaching critical: 7.3%
2026-01-22 10:24:18 | INFO | 📊 Daily summary saved to /Users/jakobmccleary/Desktop/Stock Predictor/.monitoring/daily_summaries/summary_2026-01-22.json
2026-01-22 10:24:18 | INFO |    📄 Daily summary saved
2026-01-22 10:24:18 | INFO | ==================================================
AEE260220C00105000: Spread stop-loss close failed (trying individual legs): {"code":42210000,"message":"qty must be \u003e 0"}
AEE260220C00105000: stop-loss close failed: {"code":40310000,"message":"account not eligible to trade uncovered option contracts"}
AEE260220C00110000: Spread stop-loss close failed (trying individual legs): {"code":42210000,"message":"qty must be \u003e 0"}
AEE260220C00110000: stop-loss close failed: {"code":40010001,"message":"qty must be \u003e 0"}
Thu Jan 22 10:42:06 CST 2026 - Running auto trader...
2026-01-22 10:42:07 | INFO | 🔌 Circuit Breaker Status: tripped=False, daily_pnl=0.00%, trades_today=0
2026-01-22 10:42:07 | INFO | 📂 Loaded 8 trades from /Users/jakobmccleary/Desktop/Stock Predictor/.monitoring/performance_data.json
2026-01-22 10:42:07 | INFO | 📊 Performance Monitor: 8 historical trades loaded
2026-01-22 10:42:07 | WARNING | Could not fetch account info for sizing: HTTPSConnectionPool(host='paper-api.alpaca.markets', port=443): Max retries exceeded with url: /v2/account (Caused by NewConnectionError('<urllib3.connection.HTTPSConnection object at 0x11c0c7800>: Failed to establish a new connection: [Errno 8] nodename nor servname provided, or not known'))
2026-01-22 10:42:07 | INFO | 📋 Trade Log: 14 trades from /Users/jakobmccleary/Desktop/Stock Predictor/trade_log.json
2026-01-22 10:42:07 | INFO | 📊 Stats: 6 closed | Win Rate: 50.0% | Total P&L: $705.17
Traceback (most recent call last):
  File "/opt/homebrew/Caskroom/miniforge/base/lib/python3.12/site-packages/urllib3/connection.py", line 174, in _new_conn
    conn = connection.create_connection(
           ^^^^^^^^^^^^^^^^^^^^^^^^^^^^^
  File "/opt/homebrew/Caskroom/miniforge/base/lib/python3.12/site-packages/urllib3/util/connection.py", line 72, in create_connection
    for res in socket.getaddrinfo(host, port, family, socket.SOCK_STREAM):
               ^^^^^^^^^^^^^^^^^^^^^^^^^^^^^^^^^^^^^^^^^^^^^^^^^^^^^^^^^^
  File "/opt/homebrew/Caskroom/miniforge/base/lib/python3.12/socket.py", line 978, in getaddrinfo
    for res in _socket.getaddrinfo(host, port, family, type, proto, flags):
               ^^^^^^^^^^^^^^^^^^^^^^^^^^^^^^^^^^^^^^^^^^^^^^^^^^^^^^^^^^^
socket.gaierror: [Errno 8] nodename nor servname provided, or not known

During handling of the above exception, another exception occurred:

Traceback (most recent call last):
  File "/opt/homebrew/Caskroom/miniforge/base/lib/python3.12/site-packages/urllib3/connectionpool.py", line 716, in urlopen
    httplib_response = self._make_request(
                       ^^^^^^^^^^^^^^^^^^^
  File "/opt/homebrew/Caskroom/miniforge/base/lib/python3.12/site-packages/urllib3/connectionpool.py", line 404, in _make_request
    self._validate_conn(conn)
  File "/opt/homebrew/Caskroom/miniforge/base/lib/python3.12/site-packages/urllib3/connectionpool.py", line 1061, in _validate_conn
    conn.connect()
  File "/opt/homebrew/Caskroom/miniforge/base/lib/python3.12/site-packages/urllib3/connection.py", line 363, in connect
    self.sock = conn = self._new_conn()
                       ^^^^^^^^^^^^^^^^
  File "/opt/homebrew/Caskroom/miniforge/base/lib/python3.12/site-packages/urllib3/connection.py", line 186, in _new_conn
    raise NewConnectionError(
urllib3.exceptions.NewConnectionError: <urllib3.connection.HTTPSConnection object at 0x11c0f06e0>: Failed to establish a new connection: [Errno 8] nodename nor servname provided, or not known

During handling of the above exception, another exception occurred:

Traceback (most recent call last):
  File "/opt/homebrew/Caskroom/miniforge/base/lib/python3.12/site-packages/requests/adapters.py", line 644, in send
    resp = conn.urlopen(
           ^^^^^^^^^^^^^
  File "/opt/homebrew/Caskroom/miniforge/base/lib/python3.12/site-packages/urllib3/connectionpool.py", line 802, in urlopen
    retries = retries.increment(
              ^^^^^^^^^^^^^^^^^^
  File "/opt/homebrew/Caskroom/miniforge/base/lib/python3.12/site-packages/urllib3/util/retry.py", line 594, in increment
    raise MaxRetryError(_pool, url, error or ResponseError(cause))
urllib3.exceptions.MaxRetryError: HTTPSConnectionPool(host='paper-api.alpaca.markets', port=443): Max retries exceeded with url: /v2/positions (Caused by NewConnectionError('<urllib3.connection.HTTPSConnection object at 0x11c0f06e0>: Failed to establish a new connection: [Errno 8] nodename nor servname provided, or not known'))

During handling of the above exception, another exception occurred:

Traceback (most recent call last):
  File "/Users/jakobmccleary/Desktop/Stock Predictor/auto_paper_trade.py", line 2284, in <module>
    main()
  File "/Users/jakobmccleary/Desktop/Stock Predictor/auto_paper_trade.py", line 1555, in main
    positions = trade_client.get_all_positions()
                ^^^^^^^^^^^^^^^^^^^^^^^^^^^^^^^^
  File "/opt/homebrew/Caskroom/miniforge/base/lib/python3.12/site-packages/alpaca/trading/client.py", line 244, in get_all_positions
    response = self.get("/positions")
               ^^^^^^^^^^^^^^^^^^^^^^
  File "/opt/homebrew/Caskroom/miniforge/base/lib/python3.12/site-packages/alpaca/common/rest.py", line 225, in get
    return self._request("GET", path, data, **kwargs)
           ^^^^^^^^^^^^^^^^^^^^^^^^^^^^^^^^^^^^^^^^^^
  File "/opt/homebrew/Caskroom/miniforge/base/lib/python3.12/site-packages/alpaca/common/rest.py", line 131, in _request
    return self._one_request(method, url, opts, retry)
           ^^^^^^^^^^^^^^^^^^^^^^^^^^^^^^^^^^^^^^^^^^^
  File "/opt/homebrew/Caskroom/miniforge/base/lib/python3.12/site-packages/alpaca/common/rest.py", line 195, in _one_request
    response = self._session.request(method, url, **opts)
               ^^^^^^^^^^^^^^^^^^^^^^^^^^^^^^^^^^^^^^^^^^
  File "/opt/homebrew/Caskroom/miniforge/base/lib/python3.12/site-packages/requests/sessions.py", line 589, in request
    resp = self.send(prep, **send_kwargs)
           ^^^^^^^^^^^^^^^^^^^^^^^^^^^^^^
  File "/opt/homebrew/Caskroom/miniforge/base/lib/python3.12/site-packages/requests/sessions.py", line 703, in send
    r = adapter.send(request, **kwargs)
        ^^^^^^^^^^^^^^^^^^^^^^^^^^^^^^^
  File "/opt/homebrew/Caskroom/miniforge/base/lib/python3.12/site-packages/requests/adapters.py", line 677, in send
    raise ConnectionError(e, request=request)
requests.exceptions.ConnectionError: HTTPSConnectionPool(host='paper-api.alpaca.markets', port=443): Max retries exceeded with url: /v2/positions (Caused by NewConnectionError('<urllib3.connection.HTTPSConnection object at 0x11c0f06e0>: Failed to establish a new connection: [Errno 8] nodename nor servname provided, or not known'))
Thu Jan 22 11:06:36 CST 2026 - Running auto trader...
2026-01-22 11:06:37 | INFO | 🔌 Circuit Breaker Status: tripped=False, daily_pnl=0.00%, trades_today=0
2026-01-22 11:06:37 | INFO | 📂 Loaded 8 trades from /Users/jakobmccleary/Desktop/Stock Predictor/.monitoring/performance_data.json
2026-01-22 11:06:37 | INFO | 📊 Performance Monitor: 8 historical trades loaded
2026-01-22 11:06:38 | INFO | 💰 Account: equity=$46,370.74, buying_power=$75,228.48, starting_capital=$50,000.00
2026-01-22 11:06:38 | INFO | 📋 Trade Log: 14 trades from /Users/jakobmccleary/Desktop/Stock Predictor/trade_log.json
2026-01-22 11:06:38 | INFO | 📊 Stats: 6 closed | Win Rate: 50.0% | Total P&L: $705.17
2026-01-22 11:06:38 | INFO | 📁 signals.json path: /Users/jakobmccleary/Desktop/Stock Predictor/signals.json
2026-01-22 11:06:38 | INFO | 📊 Loaded 1 signals
2026-01-22 11:06:38 | INFO | 📉 BKLC: FILTERED - Z-score 0.23 < 1.5
2026-01-22 11:06:38 | INFO | ==================================================
2026-01-22 11:06:38 | INFO | 📈 TRADING SESSION COMPLETE
2026-01-22 11:06:38 | INFO |    Signals processed: 1
2026-01-22 11:06:38 | INFO |    Trades executed: 0
2026-01-22 11:06:38 | INFO |    Trades skipped/filtered: 1
2026-01-22 11:06:38 | INFO |    Circuit breaker: ✅ OK
2026-01-22 11:06:38 | INFO |    Daily P&L: 0.00% | Weekly: -0.02%
2026-01-22 11:06:38 | INFO |    Consecutive losses: 0
2026-01-22 11:06:38 | INFO | --------------------------------------------------
2026-01-22 11:06:38 | INFO | 📊 PERFORMANCE MONITOR
2026-01-22 11:06:38 | WARNING | [WARNING] drawdown: Drawdown approaching critical: 7.3%
2026-01-22 11:06:38 | WARNING |    ⚠️ Drawdown approaching critical: 7.3%
2026-01-22 11:06:38 | INFO |    21d Sharpe: 0.00 | 63d Sharpe: 0.00
2026-01-22 11:06:38 | INFO |    Win Rate (20): 25.0% | Drawdown: 7.3%
2026-01-22 11:06:38 | INFO |    P&L Today: $+7.36 | Week: $-10.13 | Total: $-22.39
2026-01-22 11:06:38 | WARNING | [WARNING] drawdown: Drawdown approaching critical: 7.3%
2026-01-22 11:06:38 | INFO | 📊 Daily summary saved to /Users/jakobmccleary/Desktop/Stock Predictor/.monitoring/daily_summaries/summary_2026-01-22.json
2026-01-22 11:06:38 | INFO |    📄 Daily summary saved
2026-01-22 11:06:38 | INFO | ==================================================
AEE260220C00105000: Spread stop-loss close failed (trying individual legs): {"code":42210000,"message":"qty must be \u003e 0"}
AEE260220C00105000: stop-loss close failed: {"code":40310000,"message":"account not eligible to trade uncovered option contracts"}
AEE260220C00110000: Spread stop-loss close failed (trying individual legs): {"code":42210000,"message":"qty must be \u003e 0"}
AEE260220C00110000: stop-loss close failed: {"code":40010001,"message":"qty must be \u003e 0"}
Thu Jan 22 11:11:38 CST 2026 - Running auto trader...
2026-01-22 11:11:39 | INFO | 🔌 Circuit Breaker Status: tripped=False, daily_pnl=0.00%, trades_today=0
2026-01-22 11:11:39 | INFO | 📂 Loaded 8 trades from /Users/jakobmccleary/Desktop/Stock Predictor/.monitoring/performance_data.json
2026-01-22 11:11:39 | INFO | 📊 Performance Monitor: 8 historical trades loaded
2026-01-22 11:11:39 | INFO | 💰 Account: equity=$46,656.24, buying_power=$75,233.98, starting_capital=$50,000.00
2026-01-22 11:11:39 | INFO | 📋 Trade Log: 14 trades from /Users/jakobmccleary/Desktop/Stock Predictor/trade_log.json
2026-01-22 11:11:39 | INFO | 📊 Stats: 6 closed | Win Rate: 50.0% | Total P&L: $705.17
2026-01-22 11:11:40 | INFO | 📁 signals.json path: /Users/jakobmccleary/Desktop/Stock Predictor/signals.json
2026-01-22 11:11:40 | INFO | 📊 Loaded 1 signals
2026-01-22 11:11:40 | INFO | 📉 BKLC: FILTERED - Z-score 0.23 < 1.5
2026-01-22 11:11:40 | INFO | ==================================================
2026-01-22 11:11:40 | INFO | 📈 TRADING SESSION COMPLETE
2026-01-22 11:11:40 | INFO |    Signals processed: 1
2026-01-22 11:11:40 | INFO |    Trades executed: 0
2026-01-22 11:11:40 | INFO |    Trades skipped/filtered: 1
2026-01-22 11:11:40 | INFO |    Circuit breaker: ✅ OK
2026-01-22 11:11:40 | INFO |    Daily P&L: 0.00% | Weekly: -0.02%
2026-01-22 11:11:40 | INFO |    Consecutive losses: 0
2026-01-22 11:11:40 | INFO | --------------------------------------------------
2026-01-22 11:11:40 | INFO | 📊 PERFORMANCE MONITOR
2026-01-22 11:11:40 | WARNING | [WARNING] drawdown: Drawdown approaching critical: 6.7%
2026-01-22 11:11:40 | WARNING |    ⚠️ Drawdown approaching critical: 6.7%
2026-01-22 11:11:40 | INFO |    21d Sharpe: 0.00 | 63d Sharpe: 0.00
2026-01-22 11:11:40 | INFO |    Win Rate (20): 25.0% | Drawdown: 6.7%
2026-01-22 11:11:40 | INFO |    P&L Today: $+7.36 | Week: $-10.13 | Total: $-22.39
2026-01-22 11:11:40 | WARNING | [WARNING] drawdown: Drawdown approaching critical: 6.7%
2026-01-22 11:11:40 | INFO | 📊 Daily summary saved to /Users/jakobmccleary/Desktop/Stock Predictor/.monitoring/daily_summaries/summary_2026-01-22.json
2026-01-22 11:11:40 | INFO |    📄 Daily summary saved
2026-01-22 11:11:40 | INFO | ==================================================
AEE260220C00105000: Spread stop-loss close failed (trying individual legs): {"code":42210000,"message":"qty must be \u003e 0"}
AEE260220C00105000: stop-loss close failed: {"code":40310000,"message":"account not eligible to trade uncovered option contracts"}
AEE260220C00110000: Spread stop-loss close failed (trying individual legs): {"code":42210000,"message":"qty must be \u003e 0"}
AEE260220C00110000: stop-loss close failed: {"code":40010001,"message":"qty must be \u003e 0"}
Thu Jan 22 11:16:40 CST 2026 - Running auto trader...
2026-01-22 11:16:41 | INFO | 🔌 Circuit Breaker Status: tripped=False, daily_pnl=0.00%, trades_today=0
2026-01-22 11:16:41 | INFO | 📂 Loaded 8 trades from /Users/jakobmccleary/Desktop/Stock Predictor/.monitoring/performance_data.json
2026-01-22 11:16:41 | INFO | 📊 Performance Monitor: 8 historical trades loaded
2026-01-22 11:16:41 | INFO | 💰 Account: equity=$46,674.74, buying_power=$75,252.48, starting_capital=$50,000.00
2026-01-22 11:16:41 | INFO | 📋 Trade Log: 14 trades from /Users/jakobmccleary/Desktop/Stock Predictor/trade_log.json
2026-01-22 11:16:41 | INFO | 📊 Stats: 6 closed | Win Rate: 50.0% | Total P&L: $705.17
2026-01-22 11:16:42 | INFO | 📁 signals.json path: /Users/jakobmccleary/Desktop/Stock Predictor/signals.json
2026-01-22 11:16:42 | INFO | 📊 Loaded 1 signals
2026-01-22 11:16:42 | INFO | 📉 BKLC: FILTERED - Z-score 0.23 < 1.5
2026-01-22 11:16:42 | INFO | ==================================================
2026-01-22 11:16:42 | INFO | 📈 TRADING SESSION COMPLETE
2026-01-22 11:16:42 | INFO |    Signals processed: 1
2026-01-22 11:16:42 | INFO |    Trades executed: 0
2026-01-22 11:16:42 | INFO |    Trades skipped/filtered: 1
2026-01-22 11:16:42 | INFO |    Circuit breaker: ✅ OK
2026-01-22 11:16:42 | INFO |    Daily P&L: 0.00% | Weekly: -0.02%
2026-01-22 11:16:42 | INFO |    Consecutive losses: 0
2026-01-22 11:16:42 | INFO | --------------------------------------------------
2026-01-22 11:16:42 | INFO | 📊 PERFORMANCE MONITOR
2026-01-22 11:16:42 | WARNING | [WARNING] drawdown: Drawdown approaching critical: 6.7%
2026-01-22 11:16:42 | WARNING |    ⚠️ Drawdown approaching critical: 6.7%
2026-01-22 11:16:42 | INFO |    21d Sharpe: 0.00 | 63d Sharpe: 0.00
2026-01-22 11:16:42 | INFO |    Win Rate (20): 25.0% | Drawdown: 6.7%
2026-01-22 11:16:42 | INFO |    P&L Today: $+7.36 | Week: $-10.13 | Total: $-22.39
2026-01-22 11:16:42 | WARNING | [WARNING] drawdown: Drawdown approaching critical: 6.7%
2026-01-22 11:16:42 | INFO | 📊 Daily summary saved to /Users/jakobmccleary/Desktop/Stock Predictor/.monitoring/daily_summaries/summary_2026-01-22.json
2026-01-22 11:16:42 | INFO |    📄 Daily summary saved
2026-01-22 11:16:42 | INFO | ==================================================
AEE260220C00105000: Spread stop-loss close failed (trying individual legs): {"code":42210000,"message":"qty must be \u003e 0"}
AEE260220C00105000: stop-loss close failed: {"code":40310000,"message":"account not eligible to trade uncovered option contracts"}
AEE260220C00110000: Spread stop-loss close failed (trying individual legs): {"code":42210000,"message":"qty must be \u003e 0"}
AEE260220C00110000: stop-loss close failed: {"code":40010001,"message":"qty must be \u003e 0"}
Thu Jan 22 11:21:42 CST 2026 - Running auto trader...
2026-01-22 11:21:43 | INFO | 🔌 Circuit Breaker Status: tripped=False, daily_pnl=0.00%, trades_today=0
2026-01-22 11:21:43 | INFO | 📂 Loaded 8 trades from /Users/jakobmccleary/Desktop/Stock Predictor/.monitoring/performance_data.json
2026-01-22 11:21:43 | INFO | 📊 Performance Monitor: 8 historical trades loaded
2026-01-22 11:21:43 | INFO | 💰 Account: equity=$46,655.24, buying_power=$75,252.98, starting_capital=$50,000.00
2026-01-22 11:21:43 | INFO | 📋 Trade Log: 14 trades from /Users/jakobmccleary/Desktop/Stock Predictor/trade_log.json
2026-01-22 11:21:43 | INFO | 📊 Stats: 6 closed | Win Rate: 50.0% | Total P&L: $705.17
2026-01-22 11:21:43 | INFO | 📁 signals.json path: /Users/jakobmccleary/Desktop/Stock Predictor/signals.json
2026-01-22 11:21:43 | INFO | 📊 Loaded 1 signals
2026-01-22 11:21:43 | INFO | 📉 BKLC: FILTERED - Z-score 0.23 < 1.5
2026-01-22 11:21:43 | INFO | ==================================================
2026-01-22 11:21:43 | INFO | 📈 TRADING SESSION COMPLETE
2026-01-22 11:21:43 | INFO |    Signals processed: 1
2026-01-22 11:21:43 | INFO |    Trades executed: 0
2026-01-22 11:21:43 | INFO |    Trades skipped/filtered: 1
2026-01-22 11:21:43 | INFO |    Circuit breaker: ✅ OK
2026-01-22 11:21:43 | INFO |    Daily P&L: 0.00% | Weekly: -0.02%
2026-01-22 11:21:43 | INFO |    Consecutive losses: 0
2026-01-22 11:21:43 | INFO | --------------------------------------------------
2026-01-22 11:21:43 | INFO | 📊 PERFORMANCE MONITOR
2026-01-22 11:21:43 | WARNING | [WARNING] drawdown: Drawdown approaching critical: 6.7%
2026-01-22 11:21:43 | WARNING |    ⚠️ Drawdown approaching critical: 6.7%
2026-01-22 11:21:43 | INFO |    21d Sharpe: 0.00 | 63d Sharpe: 0.00
2026-01-22 11:21:43 | INFO |    Win Rate (20): 25.0% | Drawdown: 6.7%
2026-01-22 11:21:43 | INFO |    P&L Today: $+7.36 | Week: $-10.13 | Total: $-22.39
2026-01-22 11:21:43 | WARNING | [WARNING] drawdown: Drawdown approaching critical: 6.7%
2026-01-22 11:21:43 | INFO | 📊 Daily summary saved to /Users/jakobmccleary/Desktop/Stock Predictor/.monitoring/daily_summaries/summary_2026-01-22.json
2026-01-22 11:21:43 | INFO |    📄 Daily summary saved
2026-01-22 11:21:43 | INFO | ==================================================
AEE260220C00105000: Spread stop-loss close failed (trying individual legs): {"code":42210000,"message":"qty must be \u003e 0"}
AEE260220C00105000: stop-loss close failed: {"code":40310000,"message":"account not eligible to trade uncovered option contracts"}
AEE260220C00110000: Spread stop-loss close failed (trying individual legs): {"code":42210000,"message":"qty must be \u003e 0"}
AEE260220C00110000: stop-loss close failed: {"code":40010001,"message":"qty must be \u003e 0"}
Thu Jan 22 11:26:44 CST 2026 - Running auto trader...
2026-01-22 11:26:45 | INFO | 🔌 Circuit Breaker Status: tripped=False, daily_pnl=0.00%, trades_today=0
2026-01-22 11:26:45 | INFO | 📂 Loaded 8 trades from /Users/jakobmccleary/Desktop/Stock Predictor/.monitoring/performance_data.json
2026-01-22 11:26:45 | INFO | 📊 Performance Monitor: 8 historical trades loaded
2026-01-22 11:26:45 | INFO | 💰 Account: equity=$46,657.24, buying_power=$75,254.98, starting_capital=$50,000.00
2026-01-22 11:26:45 | INFO | 📋 Trade Log: 14 trades from /Users/jakobmccleary/Desktop/Stock Predictor/trade_log.json
2026-01-22 11:26:45 | INFO | 📊 Stats: 6 closed | Win Rate: 50.0% | Total P&L: $705.17
2026-01-22 11:26:45 | INFO | 📁 signals.json path: /Users/jakobmccleary/Desktop/Stock Predictor/signals.json
2026-01-22 11:26:45 | INFO | 📊 Loaded 1 signals
2026-01-22 11:26:45 | INFO | 📉 BKLC: FILTERED - Z-score 0.23 < 1.5
2026-01-22 11:26:45 | INFO | ==================================================
2026-01-22 11:26:45 | INFO | 📈 TRADING SESSION COMPLETE
2026-01-22 11:26:45 | INFO |    Signals processed: 1
2026-01-22 11:26:45 | INFO |    Trades executed: 0
2026-01-22 11:26:45 | INFO |    Trades skipped/filtered: 1
2026-01-22 11:26:45 | INFO |    Circuit breaker: ✅ OK
2026-01-22 11:26:45 | INFO |    Daily P&L: 0.00% | Weekly: -0.02%
2026-01-22 11:26:45 | INFO |    Consecutive losses: 0
2026-01-22 11:26:45 | INFO | --------------------------------------------------
2026-01-22 11:26:45 | INFO | 📊 PERFORMANCE MONITOR
2026-01-22 11:26:45 | WARNING | [WARNING] drawdown: Drawdown approaching critical: 6.7%
2026-01-22 11:26:45 | WARNING |    ⚠️ Drawdown approaching critical: 6.7%
2026-01-22 11:26:45 | INFO |    21d Sharpe: 0.00 | 63d Sharpe: 0.00
2026-01-22 11:26:45 | INFO |    Win Rate (20): 25.0% | Drawdown: 6.7%
2026-01-22 11:26:45 | INFO |    P&L Today: $+7.36 | Week: $-10.13 | Total: $-22.39
2026-01-22 11:26:45 | WARNING | [WARNING] drawdown: Drawdown approaching critical: 6.7%
2026-01-22 11:26:45 | INFO | 📊 Daily summary saved to /Users/jakobmccleary/Desktop/Stock Predictor/.monitoring/daily_summaries/summary_2026-01-22.json
2026-01-22 11:26:45 | INFO |    📄 Daily summary saved
2026-01-22 11:26:45 | INFO | ==================================================
AEE260220C00105000: Spread stop-loss close failed (trying individual legs): {"code":42210000,"message":"qty must be \u003e 0"}
AEE260220C00105000: stop-loss close failed: {"code":40310000,"message":"account not eligible to trade uncovered option contracts"}
AEE260220C00110000: Spread stop-loss close failed (trying individual legs): {"code":42210000,"message":"qty must be \u003e 0"}
AEE260220C00110000: stop-loss close failed: {"code":40010001,"message":"qty must be \u003e 0"}
Thu Jan 22 12:04:09 CST 2026 - Running auto trader...
2026-01-22 12:04:14 | INFO | 🔌 Circuit Breaker Status: tripped=False, daily_pnl=0.00%, trades_today=0
2026-01-22 12:04:14 | INFO | 📂 Loaded 8 trades from /Users/jakobmccleary/Desktop/Stock Predictor/.monitoring/performance_data.json
2026-01-22 12:04:14 | INFO | 📊 Performance Monitor: 8 historical trades loaded
2026-01-22 12:04:15 | INFO | 💰 Account: equity=$46,604.74, buying_power=$75,162.48, starting_capital=$50,000.00
2026-01-22 12:04:15 | INFO | 📋 Trade Log: 14 trades from /Users/jakobmccleary/Desktop/Stock Predictor/trade_log.json
2026-01-22 12:04:15 | INFO | 📊 Stats: 6 closed | Win Rate: 50.0% | Total P&L: $705.17
2026-01-22 12:04:15 | INFO | 📁 signals.json path: /Users/jakobmccleary/Desktop/Stock Predictor/signals.json
2026-01-22 12:04:15 | INFO | 📊 Loaded 1 signals
2026-01-22 12:04:15 | INFO | 📉 BKLC: FILTERED - Z-score 0.23 < 1.5
2026-01-22 12:04:15 | INFO | ==================================================
2026-01-22 12:04:15 | INFO | 📈 TRADING SESSION COMPLETE
2026-01-22 12:04:15 | INFO |    Signals processed: 1
2026-01-22 12:04:15 | INFO |    Trades executed: 0
2026-01-22 12:04:15 | INFO |    Trades skipped/filtered: 1
2026-01-22 12:04:15 | INFO |    Circuit breaker: ✅ OK
2026-01-22 12:04:15 | INFO |    Daily P&L: 0.00% | Weekly: -0.02%
2026-01-22 12:04:15 | INFO |    Consecutive losses: 0
2026-01-22 12:04:15 | INFO | --------------------------------------------------
2026-01-22 12:04:15 | INFO | 📊 PERFORMANCE MONITOR
2026-01-22 12:04:15 | WARNING | [WARNING] drawdown: Drawdown approaching critical: 6.8%
2026-01-22 12:04:15 | WARNING |    ⚠️ Drawdown approaching critical: 6.8%
2026-01-22 12:04:15 | INFO |    21d Sharpe: 0.00 | 63d Sharpe: 0.00
2026-01-22 12:04:15 | INFO |    Win Rate (20): 25.0% | Drawdown: 6.8%
2026-01-22 12:04:15 | INFO |    P&L Today: $+7.36 | Week: $-10.13 | Total: $-22.39
2026-01-22 12:04:15 | WARNING | [WARNING] drawdown: Drawdown approaching critical: 6.8%
2026-01-22 12:04:15 | INFO | 📊 Daily summary saved to /Users/jakobmccleary/Desktop/Stock Predictor/.monitoring/daily_summaries/summary_2026-01-22.json
2026-01-22 12:04:15 | INFO |    📄 Daily summary saved
2026-01-22 12:04:15 | INFO | ==================================================
AEE260220C00105000: Spread stop-loss close failed (trying individual legs): {"code":42210000,"message":"qty must be \u003e 0"}
AEE260220C00105000: stop-loss close failed: {"code":40310000,"message":"account not eligible to trade uncovered option contracts"}
AEE260220C00110000: Spread stop-loss close failed (trying individual legs): {"code":42210000,"message":"qty must be \u003e 0"}
AEE260220C00110000: stop-loss close failed: {"code":40010001,"message":"qty must be \u003e 0"}
Thu Jan 22 12:25:46 CST 2026 - Running auto trader...
2026-01-22 12:25:47 | INFO | 🔌 Circuit Breaker Status: tripped=False, daily_pnl=0.00%, trades_today=0
2026-01-22 12:25:47 | INFO | 📂 Loaded 8 trades from /Users/jakobmccleary/Desktop/Stock Predictor/.monitoring/performance_data.json
2026-01-22 12:25:47 | INFO | 📊 Performance Monitor: 8 historical trades loaded
2026-01-22 12:25:47 | INFO | 💰 Account: equity=$46,624.74, buying_power=$75,182.48, starting_capital=$50,000.00
2026-01-22 12:25:47 | INFO | 📋 Trade Log: 14 trades from /Users/jakobmccleary/Desktop/Stock Predictor/trade_log.json
2026-01-22 12:25:47 | INFO | 📊 Stats: 6 closed | Win Rate: 50.0% | Total P&L: $705.17
2026-01-22 12:25:47 | INFO | 📁 signals.json path: /Users/jakobmccleary/Desktop/Stock Predictor/signals.json
2026-01-22 12:25:47 | INFO | 📊 Loaded 1 signals
2026-01-22 12:25:47 | INFO | 📉 BKLC: FILTERED - Z-score 0.23 < 1.5
2026-01-22 12:25:47 | INFO | ==================================================
2026-01-22 12:25:47 | INFO | 📈 TRADING SESSION COMPLETE
2026-01-22 12:25:47 | INFO |    Signals processed: 1
2026-01-22 12:25:47 | INFO |    Trades executed: 0
2026-01-22 12:25:47 | INFO |    Trades skipped/filtered: 1
2026-01-22 12:25:47 | INFO |    Circuit breaker: ✅ OK
2026-01-22 12:25:47 | INFO |    Daily P&L: 0.00% | Weekly: -0.02%
2026-01-22 12:25:47 | INFO |    Consecutive losses: 0
2026-01-22 12:25:47 | INFO | --------------------------------------------------
2026-01-22 12:25:47 | INFO | 📊 PERFORMANCE MONITOR
2026-01-22 12:25:47 | WARNING | [WARNING] drawdown: Drawdown approaching critical: 6.8%
2026-01-22 12:25:47 | WARNING |    ⚠️ Drawdown approaching critical: 6.8%
2026-01-22 12:25:47 | INFO |    21d Sharpe: 0.00 | 63d Sharpe: 0.00
2026-01-22 12:25:47 | INFO |    Win Rate (20): 25.0% | Drawdown: 6.8%
2026-01-22 12:25:47 | INFO |    P&L Today: $+7.36 | Week: $-10.13 | Total: $-22.39
2026-01-22 12:25:47 | WARNING | [WARNING] drawdown: Drawdown approaching critical: 6.8%
2026-01-22 12:25:47 | INFO | 📊 Daily summary saved to /Users/jakobmccleary/Desktop/Stock Predictor/.monitoring/daily_summaries/summary_2026-01-22.json
2026-01-22 12:25:47 | INFO |    📄 Daily summary saved
2026-01-22 12:25:47 | INFO | ==================================================
AEE260220C00105000: Spread stop-loss close failed (trying individual legs): {"code":42210000,"message":"qty must be \u003e 0"}
AEE260220C00105000: stop-loss close failed: {"code":40310000,"message":"account not eligible to trade uncovered option contracts"}
AEE260220C00110000: Spread stop-loss close failed (trying individual legs): {"code":42210000,"message":"qty must be \u003e 0"}
AEE260220C00110000: stop-loss close failed: {"code":40010001,"message":"qty must be \u003e 0"}
Thu Jan 22 12:30:48 CST 2026 - Running auto trader...
2026-01-22 12:30:49 | INFO | 🔌 Circuit Breaker Status: tripped=False, daily_pnl=0.00%, trades_today=0
2026-01-22 12:30:49 | INFO | 📂 Loaded 8 trades from /Users/jakobmccleary/Desktop/Stock Predictor/.monitoring/performance_data.json
2026-01-22 12:30:49 | INFO | 📊 Performance Monitor: 8 historical trades loaded
2026-01-22 12:30:49 | INFO | 💰 Account: equity=$46,702.74, buying_power=$75,180.48, starting_capital=$50,000.00
2026-01-22 12:30:49 | INFO | 📋 Trade Log: 14 trades from /Users/jakobmccleary/Desktop/Stock Predictor/trade_log.json
2026-01-22 12:30:49 | INFO | 📊 Stats: 6 closed | Win Rate: 50.0% | Total P&L: $705.17
2026-01-22 12:30:50 | INFO | 📁 signals.json path: /Users/jakobmccleary/Desktop/Stock Predictor/signals.json
2026-01-22 12:30:50 | INFO | 📊 Loaded 1 signals
2026-01-22 12:30:50 | INFO | 📉 BKLC: FILTERED - Z-score 0.23 < 1.5
2026-01-22 12:30:50 | INFO | ==================================================
2026-01-22 12:30:50 | INFO | 📈 TRADING SESSION COMPLETE
2026-01-22 12:30:50 | INFO |    Signals processed: 1
2026-01-22 12:30:50 | INFO |    Trades executed: 0
2026-01-22 12:30:50 | INFO |    Trades skipped/filtered: 1
2026-01-22 12:30:50 | INFO |    Circuit breaker: ✅ OK
2026-01-22 12:30:50 | INFO |    Daily P&L: 0.00% | Weekly: -0.02%
2026-01-22 12:30:50 | INFO |    Consecutive losses: 0
2026-01-22 12:30:50 | INFO | --------------------------------------------------
2026-01-22 12:30:50 | INFO | 📊 PERFORMANCE MONITOR
2026-01-22 12:30:50 | WARNING | [WARNING] drawdown: Drawdown approaching critical: 6.6%
2026-01-22 12:30:50 | WARNING |    ⚠️ Drawdown approaching critical: 6.6%
2026-01-22 12:30:50 | INFO |    21d Sharpe: 0.00 | 63d Sharpe: 0.00
2026-01-22 12:30:50 | INFO |    Win Rate (20): 25.0% | Drawdown: 6.6%
2026-01-22 12:30:50 | INFO |    P&L Today: $+7.36 | Week: $-10.13 | Total: $-22.39
2026-01-22 12:30:50 | WARNING | [WARNING] drawdown: Drawdown approaching critical: 6.6%
2026-01-22 12:30:50 | INFO | 📊 Daily summary saved to /Users/jakobmccleary/Desktop/Stock Predictor/.monitoring/daily_summaries/summary_2026-01-22.json
2026-01-22 12:30:50 | INFO |    📄 Daily summary saved
2026-01-22 12:30:50 | INFO | ==================================================
AEE260220C00105000: Spread stop-loss close failed (trying individual legs): {"code":42210000,"message":"qty must be \u003e 0"}
AEE260220C00105000: stop-loss close failed: {"code":40310000,"message":"account not eligible to trade uncovered option contracts"}
AEE260220C00110000: Spread stop-loss close failed (trying individual legs): {"code":42210000,"message":"qty must be \u003e 0"}
AEE260220C00110000: stop-loss close failed: {"code":40010001,"message":"qty must be \u003e 0"}
Thu Jan 22 12:35:50 CST 2026 - Running auto trader...
2026-01-22 12:35:51 | INFO | 🔌 Circuit Breaker Status: tripped=False, daily_pnl=0.00%, trades_today=0
2026-01-22 12:35:51 | INFO | 📂 Loaded 8 trades from /Users/jakobmccleary/Desktop/Stock Predictor/.monitoring/performance_data.json
2026-01-22 12:35:51 | INFO | 📊 Performance Monitor: 8 historical trades loaded
2026-01-22 12:35:51 | INFO | 💰 Account: equity=$46,677.74, buying_power=$75,195.48, starting_capital=$50,000.00
2026-01-22 12:35:51 | INFO | 📋 Trade Log: 14 trades from /Users/jakobmccleary/Desktop/Stock Predictor/trade_log.json
2026-01-22 12:35:51 | INFO | 📊 Stats: 6 closed | Win Rate: 50.0% | Total P&L: $705.17
2026-01-22 12:35:52 | INFO | 📁 signals.json path: /Users/jakobmccleary/Desktop/Stock Predictor/signals.json
2026-01-22 12:35:52 | INFO | 📊 Loaded 15 signals
2026-01-22 12:35:52 | ERROR | 
1 Failed download:
2026-01-22 12:35:52 | ERROR | ['OKLO']: JSONDecodeError('Expecting value: line 1 column 1 (char 0)')
2026-01-22 12:35:52 | INFO | 📉 LEU: FILTERED - Z-score 1.15 < 1.5
2026-01-22 12:35:52 | INFO | 📉 NNE: FILTERED - Z-score 1.11 < 1.5
2026-01-22 12:35:52 | INFO | 📉 CEG: FILTERED - Z-score 1.07 < 1.5
2026-01-22 12:35:52 | INFO | 📉 TLN: FILTERED - Z-score 1.01 < 1.5
2026-01-22 12:35:52 | INFO | 📉 UUUU: FILTERED - Z-score 0.96 < 1.5
2026-01-22 12:35:52 | INFO | 📉 CCJ: FILTERED - Z-score 0.96 < 1.5
2026-01-22 12:35:52 | INFO | 📉 NXE: FILTERED - Z-score 0.49 < 1.5
2026-01-22 12:35:52 | INFO | 📉 UROY: FILTERED - Z-score 0.49 < 1.5
2026-01-22 12:35:52 | INFO | 📉 BWXT: FILTERED - Z-score 0.49 < 1.5
2026-01-22 12:35:52 | INFO | 📉 PCG: FILTERED - Z-score 0.49 < 1.5
2026-01-22 12:35:52 | INFO | 📉 D: FILTERED - Z-score 0.49 < 1.5
2026-01-22 12:35:52 | INFO | 📉 DUK: FILTERED - Z-score 0.49 < 1.5
2026-01-22 12:35:52 | INFO | 📉 ETR: FILTERED - Z-score 0.49 < 1.5
2026-01-22 12:35:52 | INFO | 📉 XEL: FILTERED - Z-score 0.49 < 1.5
2026-01-22 12:35:52 | INFO | ==================================================
2026-01-22 12:35:52 | INFO | 📈 TRADING SESSION COMPLETE
2026-01-22 12:35:52 | INFO |    Signals processed: 15
2026-01-22 12:35:52 | INFO |    Trades executed: 0
2026-01-22 12:35:52 | INFO |    Trades skipped/filtered: 14
2026-01-22 12:35:52 | INFO |    Circuit breaker: ✅ OK
2026-01-22 12:35:52 | INFO |    Daily P&L: 0.00% | Weekly: -0.02%
2026-01-22 12:35:52 | INFO |    Consecutive losses: 0
2026-01-22 12:35:52 | INFO | --------------------------------------------------
2026-01-22 12:35:52 | INFO | 📊 PERFORMANCE MONITOR
2026-01-22 12:35:52 | WARNING | [WARNING] drawdown: Drawdown approaching critical: 6.6%
2026-01-22 12:35:52 | WARNING |    ⚠️ Drawdown approaching critical: 6.6%
2026-01-22 12:35:52 | INFO |    21d Sharpe: 0.00 | 63d Sharpe: 0.00
2026-01-22 12:35:52 | INFO |    Win Rate (20): 25.0% | Drawdown: 6.6%
2026-01-22 12:35:52 | INFO |    P&L Today: $+7.36 | Week: $-10.13 | Total: $-22.39
2026-01-22 12:35:52 | WARNING | [WARNING] drawdown: Drawdown approaching critical: 6.6%
2026-01-22 12:35:52 | INFO | 📊 Daily summary saved to /Users/jakobmccleary/Desktop/Stock Predictor/.monitoring/daily_summaries/summary_2026-01-22.json
2026-01-22 12:35:52 | INFO |    📄 Daily summary saved
2026-01-22 12:35:52 | INFO | ==================================================
AEE260220C00105000: Spread stop-loss close failed (trying individual legs): {"code":42210000,"message":"qty must be \u003e 0"}
AEE260220C00105000: stop-loss close failed: {"code":40310000,"message":"account not eligible to trade uncovered option contracts"}
AEE260220C00110000: Spread stop-loss close failed (trying individual legs): {"code":42210000,"message":"qty must be \u003e 0"}
AEE260220C00110000: stop-loss close failed: {"code":40010001,"message":"qty must be \u003e 0"}
OKLO: Confidence 0.018085 ✓ (threshold 0.001)
OKLO: Z-Score -2.35 (very_strong) ✅ (threshold 1.0)
OKLO: Rank #1 by zscore (2.3479) | Limit: 1/period
OKLO: Regime override - High conviction override (|z|=2.35)
OKLO: SHORT skipped (no position to close)
Thu Jan 22 12:40:53 CST 2026 - Running auto trader...
2026-01-22 12:40:54 | INFO | 🔌 Circuit Breaker Status: tripped=False, daily_pnl=0.00%, trades_today=0
2026-01-22 12:40:54 | INFO | 📂 Loaded 8 trades from /Users/jakobmccleary/Desktop/Stock Predictor/.monitoring/performance_data.json
2026-01-22 12:40:54 | INFO | 📊 Performance Monitor: 8 historical trades loaded
2026-01-22 12:40:54 | INFO | 💰 Account: equity=$46,470.62, buying_power=$72,819.24, starting_capital=$50,000.00
2026-01-22 12:40:54 | INFO | 📋 Trade Log: 16 trades from /Users/jakobmccleary/Desktop/Stock Predictor/trade_log.json
2026-01-22 12:40:54 | INFO | 📊 Stats: 6 closed | Win Rate: 50.0% | Total P&L: $705.17
2026-01-22 12:40:54 | WARNING | 🚫 Max open positions reached (10/10). No new trades.
AEE260220C00105000: Spread stop-loss close failed (trying individual legs): {"code":42210000,"message":"qty must be \u003e 0"}
AEE260220C00105000: stop-loss close failed: {"code":40310000,"message":"account not eligible to trade uncovered option contracts"}
AEE260220C00110000: Spread stop-loss close failed (trying individual legs): {"code":42210000,"message":"qty must be \u003e 0"}
AEE260220C00110000: stop-loss close failed: {"code":40010001,"message":"qty must be \u003e 0"}
OKLO260130C00097000: Spread stop-loss close failed (trying individual legs): {"code":42210000,"message":"qty must be \u003e 0"}
OKLO260130C00097000: stop-loss close failed: {"code":40010001,"message":"qty must be \u003e 0"}
Thu Jan 22 12:45:55 CST 2026 - Running auto trader...
2026-01-22 12:45:56 | INFO | 🔌 Circuit Breaker Status: tripped=False, daily_pnl=0.00%, trades_today=0
2026-01-22 12:45:56 | INFO | 📂 Loaded 8 trades from /Users/jakobmccleary/Desktop/Stock Predictor/.monitoring/performance_data.json
2026-01-22 12:45:56 | INFO | 📊 Performance Monitor: 8 historical trades loaded
2026-01-22 12:45:56 | INFO | 💰 Account: equity=$46,489.62, buying_power=$72,798.24, starting_capital=$50,000.00
2026-01-22 12:45:56 | INFO | 📋 Trade Log: 16 trades from /Users/jakobmccleary/Desktop/Stock Predictor/trade_log.json
2026-01-22 12:45:56 | INFO | 📊 Stats: 6 closed | Win Rate: 50.0% | Total P&L: $705.17
2026-01-22 12:45:56 | WARNING | 🚫 Max open positions reached (10/10). No new trades.
AEE260220C00105000: Spread stop-loss close failed (trying individual legs): {"code":42210000,"message":"qty must be \u003e 0"}
AEE260220C00105000: stop-loss close failed: {"code":40310000,"message":"account not eligible to trade uncovered option contracts"}
AEE260220C00110000: Spread stop-loss close failed (trying individual legs): {"code":42210000,"message":"qty must be \u003e 0"}
AEE260220C00110000: stop-loss close failed: {"code":40010001,"message":"qty must be \u003e 0"}
OKLO260130C00097000: Spread stop-loss close failed (trying individual legs): {"code":42210000,"message":"qty must be \u003e 0"}
OKLO260130C00097000: stop-loss close failed: {"code":40010001,"message":"qty must be \u003e 0"}
Thu Jan 22 12:55:22 CST 2026 - Running auto trader...
2026-01-22 12:55:24 | INFO | 🔌 Circuit Breaker Status: tripped=False, daily_pnl=0.00%, trades_today=0
2026-01-22 12:55:24 | INFO | 📂 Loaded 8 trades from /Users/jakobmccleary/Desktop/Stock Predictor/.monitoring/performance_data.json
2026-01-22 12:55:24 | INFO | 📊 Performance Monitor: 8 historical trades loaded
2026-01-22 12:55:24 | INFO | 💰 Account: equity=$46,352.46, buying_power=$72,834.92, starting_capital=$50,000.00
2026-01-22 12:55:24 | INFO | 📋 Trade Log: 16 trades from /Users/jakobmccleary/Desktop/Stock Predictor/trade_log.json
2026-01-22 12:55:24 | INFO | 📊 Stats: 6 closed | Win Rate: 50.0% | Total P&L: $705.17
2026-01-22 12:55:26 | WARNING | 🚫 Max open positions reached (10/10). No new trades.
AEE260220C00105000: Spread stop-loss close failed (trying individual legs): {"code":42210000,"message":"qty must be \u003e 0"}
AEE260220C00105000: stop-loss close failed: {"code":40310000,"message":"account not eligible to trade uncovered option contracts"}
AEE260220C00110000: Spread stop-loss close failed (trying individual legs): {"code":42210000,"message":"qty must be \u003e 0"}
AEE260220C00110000: stop-loss close failed: {"code":40010001,"message":"qty must be \u003e 0"}
DUK260220C00120000: Spread stop-loss close failed (trying individual legs): {"code":42210000,"message":"qty must be \u003e 0"}
DUK260220C00120000: stop-loss close failed: {"code":40310000,"message":"account not eligible to trade uncovered option contracts"}
DUK260220C00125000: Spread stop-loss close failed (trying individual legs): {"code":42210000,"message":"qty must be \u003e 0"}
DUK260220C00125000: stop-loss close failed: {"code":40010001,"message":"qty must be \u003e 0"}
OKLO260130C00092000: Spread stop-loss close failed (trying individual legs): {"code":42210000,"message":"qty must be \u003e 0"}
OKLO260130C00092000: stop-loss close failed: {"code":40310000,"message":"account not eligible to trade uncovered option contracts"}
OKLO260130C00097000: Spread stop-loss close failed (trying individual legs): {"code":42210000,"message":"qty must be \u003e 0"}
OKLO260130C00097000: stop-loss close failed: {"code":40010001,"message":"qty must be \u003e 0"}
Thu Jan 22 13:00:26 CST 2026 - Running auto trader...
2026-01-22 13:00:29 | INFO | 🔌 Circuit Breaker Status: tripped=False, daily_pnl=0.00%, trades_today=0
2026-01-22 13:00:29 | INFO | 📂 Loaded 8 trades from /Users/jakobmccleary/Desktop/Stock Predictor/.monitoring/performance_data.json
2026-01-22 13:00:29 | INFO | 📊 Performance Monitor: 8 historical trades loaded
2026-01-22 13:00:29 | INFO | 💰 Account: equity=$46,478.46, buying_power=$72,825.92, starting_capital=$50,000.00
2026-01-22 13:00:29 | INFO | 📋 Trade Log: 16 trades from /Users/jakobmccleary/Desktop/Stock Predictor/trade_log.json
2026-01-22 13:00:29 | INFO | 📊 Stats: 6 closed | Win Rate: 50.0% | Total P&L: $705.17
2026-01-22 13:00:30 | WARNING | 🚫 Max open positions reached (10/10). No new trades.
AEE260220C00105000: Spread stop-loss close failed (trying individual legs): {"code":42210000,"message":"qty must be \u003e 0"}
AEE260220C00105000: stop-loss close failed: {"code":40310000,"message":"account not eligible to trade uncovered option contracts"}
AEE260220C00110000: Spread stop-loss close failed (trying individual legs): {"code":42210000,"message":"qty must be \u003e 0"}
AEE260220C00110000: stop-loss close failed: {"code":40010001,"message":"qty must be \u003e 0"}
DUK260220C00120000: Spread stop-loss close failed (trying individual legs): {"code":42210000,"message":"qty must be \u003e 0"}
DUK260220C00120000: stop-loss close failed: {"code":40310000,"message":"account not eligible to trade uncovered option contracts"}
DUK260220C00125000: Spread stop-loss close failed (trying individual legs): {"code":42210000,"message":"qty must be \u003e 0"}
DUK260220C00125000: stop-loss close failed: {"code":40010001,"message":"qty must be \u003e 0"}
OKLO260130C00097000: Spread stop-loss close failed (trying individual legs): {"code":42210000,"message":"qty must be \u003e 0"}
OKLO260130C00097000: stop-loss close failed: {"code":40010001,"message":"qty must be \u003e 0"}
Thu Jan 22 13:05:30 CST 2026 - Running auto trader...
2026-01-22 13:05:31 | INFO | 🔌 Circuit Breaker Status: tripped=False, daily_pnl=0.00%, trades_today=0
2026-01-22 13:05:31 | INFO | 📂 Loaded 8 trades from /Users/jakobmccleary/Desktop/Stock Predictor/.monitoring/performance_data.json
2026-01-22 13:05:31 | INFO | 📊 Performance Monitor: 8 historical trades loaded
2026-01-22 13:05:32 | INFO | 💰 Account: equity=$46,480.96, buying_power=$72,823.42, starting_capital=$50,000.00
2026-01-22 13:05:32 | INFO | 📋 Trade Log: 16 trades from /Users/jakobmccleary/Desktop/Stock Predictor/trade_log.json
2026-01-22 13:05:32 | INFO | 📊 Stats: 6 closed | Win Rate: 50.0% | Total P&L: $705.17
2026-01-22 13:05:32 | WARNING | 🚫 Max open positions reached (10/10). No new trades.
AEE260220C00105000: Spread stop-loss close failed (trying individual legs): {"code":42210000,"message":"qty must be \u003e 0"}
AEE260220C00105000: stop-loss close failed: {"code":40310000,"message":"account not eligible to trade uncovered option contracts"}
AEE260220C00110000: Spread stop-loss close failed (trying individual legs): {"code":42210000,"message":"qty must be \u003e 0"}
AEE260220C00110000: stop-loss close failed: {"code":40010001,"message":"qty must be \u003e 0"}
DUK260220C00120000: Spread stop-loss close failed (trying individual legs): {"code":42210000,"message":"qty must be \u003e 0"}
DUK260220C00120000: stop-loss close failed: {"code":40310000,"message":"account not eligible to trade uncovered option contracts"}
DUK260220C00125000: Spread stop-loss close failed (trying individual legs): {"code":42210000,"message":"qty must be \u003e 0"}
DUK260220C00125000: stop-loss close failed: {"code":40010001,"message":"qty must be \u003e 0"}
OKLO260130C00097000: Spread stop-loss close failed (trying individual legs): {"code":42210000,"message":"qty must be \u003e 0"}
OKLO260130C00097000: stop-loss close failed: {"code":40010001,"message":"qty must be \u003e 0"}
Thu Jan 22 13:10:33 CST 2026 - Running auto trader...
2026-01-22 13:10:34 | INFO | 🔌 Circuit Breaker Status: tripped=False, daily_pnl=0.00%, trades_today=0
2026-01-22 13:10:34 | INFO | 📂 Loaded 8 trades from /Users/jakobmccleary/Desktop/Stock Predictor/.monitoring/performance_data.json
2026-01-22 13:10:34 | INFO | 📊 Performance Monitor: 8 historical trades loaded
2026-01-22 13:10:34 | INFO | 💰 Account: equity=$46,471.96, buying_power=$72,819.42, starting_capital=$50,000.00
2026-01-22 13:10:34 | INFO | 📋 Trade Log: 16 trades from /Users/jakobmccleary/Desktop/Stock Predictor/trade_log.json
2026-01-22 13:10:34 | INFO | 📊 Stats: 6 closed | Win Rate: 50.0% | Total P&L: $705.17
2026-01-22 13:10:35 | WARNING | 🚫 Max open positions reached (10/10). No new trades.
AEE260220C00105000: Spread stop-loss close failed (trying individual legs): {"code":42210000,"message":"qty must be \u003e 0"}
AEE260220C00105000: stop-loss close failed: {"code":40310000,"message":"account not eligible to trade uncovered option contracts"}
AEE260220C00110000: Spread stop-loss close failed (trying individual legs): {"code":42210000,"message":"qty must be \u003e 0"}
AEE260220C00110000: stop-loss close failed: {"code":40010001,"message":"qty must be \u003e 0"}
DUK260220C00125000: Spread stop-loss close failed (trying individual legs): {"code":42210000,"message":"qty must be \u003e 0"}
DUK260220C00125000: stop-loss close failed: {"code":40010001,"message":"qty must be \u003e 0"}
OKLO260130C00092000: Spread stop-loss close failed (trying individual legs): {"code":42210000,"message":"qty must be \u003e 0"}
OKLO260130C00092000: stop-loss close failed: {"code":40310000,"message":"account not eligible to trade uncovered option contracts"}
OKLO260130C00097000: Spread stop-loss close failed (trying individual legs): {"code":42210000,"message":"qty must be \u003e 0"}
OKLO260130C00097000: stop-loss close failed: {"code":40010001,"message":"qty must be \u003e 0"}
Thu Jan 22 13:15:35 CST 2026 - Running auto trader...
2026-01-22 13:15:36 | INFO | 🔌 Circuit Breaker Status: tripped=False, daily_pnl=0.00%, trades_today=0
2026-01-22 13:15:36 | INFO | 📂 Loaded 8 trades from /Users/jakobmccleary/Desktop/Stock Predictor/.monitoring/performance_data.json
2026-01-22 13:15:36 | INFO | 📊 Performance Monitor: 8 historical trades loaded
2026-01-22 13:15:36 | INFO | 💰 Account: equity=$46,457.46, buying_power=$72,784.92, starting_capital=$50,000.00
2026-01-22 13:15:36 | INFO | 📋 Trade Log: 16 trades from /Users/jakobmccleary/Desktop/Stock Predictor/trade_log.json
2026-01-22 13:15:36 | INFO | 📊 Stats: 6 closed | Win Rate: 50.0% | Total P&L: $705.17
2026-01-22 13:15:36 | WARNING | 🚫 Max open positions reached (10/10). No new trades.
AEE260220C00105000: Spread stop-loss close failed (trying individual legs): {"code":42210000,"message":"qty must be \u003e 0"}
AEE260220C00105000: stop-loss close failed: {"code":40310000,"message":"account not eligible to trade uncovered option contracts"}
AEE260220C00110000: Spread stop-loss close failed (trying individual legs): {"code":42210000,"message":"qty must be \u003e 0"}
AEE260220C00110000: stop-loss close failed: {"code":40010001,"message":"qty must be \u003e 0"}
DUK260220C00125000: Spread stop-loss close failed (trying individual legs): {"code":42210000,"message":"qty must be \u003e 0"}
DUK260220C00125000: stop-loss close failed: {"code":40010001,"message":"qty must be \u003e 0"}
OKLO260130C00092000: Spread stop-loss close failed (trying individual legs): {"code":42210000,"message":"qty must be \u003e 0"}
OKLO260130C00092000: stop-loss close failed: {"code":40310000,"message":"account not eligible to trade uncovered option contracts"}
OKLO260130C00097000: Spread stop-loss close failed (trying individual legs): {"code":42210000,"message":"qty must be \u003e 0"}
OKLO260130C00097000: stop-loss close failed: {"code":40010001,"message":"qty must be \u003e 0"}
Thu Jan 22 13:20:37 CST 2026 - Running auto trader...
2026-01-22 13:20:38 | INFO | 🔌 Circuit Breaker Status: tripped=False, daily_pnl=0.00%, trades_today=0
2026-01-22 13:20:38 | INFO | 📂 Loaded 8 trades from /Users/jakobmccleary/Desktop/Stock Predictor/.monitoring/performance_data.json
2026-01-22 13:20:38 | INFO | 📊 Performance Monitor: 8 historical trades loaded
2026-01-22 13:20:38 | INFO | 💰 Account: equity=$46,375.46, buying_power=$72,747.92, starting_capital=$50,000.00
2026-01-22 13:20:38 | INFO | 📋 Trade Log: 16 trades from /Users/jakobmccleary/Desktop/Stock Predictor/trade_log.json
2026-01-22 13:20:38 | INFO | 📊 Stats: 6 closed | Win Rate: 50.0% | Total P&L: $705.17
2026-01-22 13:20:38 | WARNING | 🚫 Max open positions reached (10/10). No new trades.
AEE260220C00105000: Spread stop-loss close failed (trying individual legs): {"code":42210000,"message":"qty must be \u003e 0"}
AEE260220C00105000: stop-loss close failed: {"code":40310000,"message":"account not eligible to trade uncovered option contracts"}
AEE260220C00110000: Spread stop-loss close failed (trying individual legs): {"code":42210000,"message":"qty must be \u003e 0"}
AEE260220C00110000: stop-loss close failed: {"code":40010001,"message":"qty must be \u003e 0"}
DUK260220C00120000: Spread stop-loss close failed (trying individual legs): {"code":42210000,"message":"qty must be \u003e 0"}
DUK260220C00120000: stop-loss close failed: {"code":40310000,"message":"account not eligible to trade uncovered option contracts"}
DUK260220C00125000: Spread stop-loss close failed (trying individual legs): {"code":42210000,"message":"qty must be \u003e 0"}
DUK260220C00125000: stop-loss close failed: {"code":40010001,"message":"qty must be \u003e 0"}
OKLO260130C00092000: Spread stop-loss close failed (trying individual legs): {"code":42210000,"message":"qty must be \u003e 0"}
OKLO260130C00092000: stop-loss close failed: {"code":40310000,"message":"account not eligible to trade uncovered option contracts"}
OKLO260130C00097000: Spread stop-loss close failed (trying individual legs): {"code":42210000,"message":"qty must be \u003e 0"}
OKLO260130C00097000: stop-loss close failed: {"code":40010001,"message":"qty must be \u003e 0"}
Thu Jan 22 13:25:39 CST 2026 - Running auto trader...
2026-01-22 13:25:40 | INFO | 🔌 Circuit Breaker Status: tripped=False, daily_pnl=0.00%, trades_today=0
2026-01-22 13:25:40 | INFO | 📂 Loaded 8 trades from /Users/jakobmccleary/Desktop/Stock Predictor/.monitoring/performance_data.json
2026-01-22 13:25:40 | INFO | 📊 Performance Monitor: 8 historical trades loaded
2026-01-22 13:25:40 | INFO | 💰 Account: equity=$46,408.46, buying_power=$72,725.92, starting_capital=$50,000.00
2026-01-22 13:25:40 | INFO | 📋 Trade Log: 16 trades from /Users/jakobmccleary/Desktop/Stock Predictor/trade_log.json
2026-01-22 13:25:40 | INFO | 📊 Stats: 6 closed | Win Rate: 50.0% | Total P&L: $705.17
2026-01-22 13:25:41 | WARNING | 🚫 Max open positions reached (10/10). No new trades.
AEE260220C00105000: Spread stop-loss close failed (trying individual legs): {"code":42210000,"message":"qty must be \u003e 0"}
AEE260220C00105000: stop-loss close failed: {"code":40310000,"message":"account not eligible to trade uncovered option contracts"}
AEE260220C00110000: Spread stop-loss close failed (trying individual legs): {"code":42210000,"message":"qty must be \u003e 0"}
AEE260220C00110000: stop-loss close failed: {"code":40010001,"message":"qty must be \u003e 0"}
DUK260220C00125000: Spread stop-loss close failed (trying individual legs): {"code":42210000,"message":"qty must be \u003e 0"}
DUK260220C00125000: stop-loss close failed: {"code":40010001,"message":"qty must be \u003e 0"}
OKLO260130C00097000: Spread stop-loss close failed (trying individual legs): {"code":42210000,"message":"qty must be \u003e 0"}
OKLO260130C00097000: stop-loss close failed: {"code":40010001,"message":"qty must be \u003e 0"}
Thu Jan 22 13:30:41 CST 2026 - Running auto trader...
2026-01-22 13:30:42 | INFO | 🔌 Circuit Breaker Status: tripped=False, daily_pnl=0.00%, trades_today=0
2026-01-22 13:30:42 | INFO | 📂 Loaded 8 trades from /Users/jakobmccleary/Desktop/Stock Predictor/.monitoring/performance_data.json
2026-01-22 13:30:42 | INFO | 📊 Performance Monitor: 8 historical trades loaded
2026-01-22 13:30:42 | INFO | 💰 Account: equity=$46,405.46, buying_power=$72,767.92, starting_capital=$50,000.00
2026-01-22 13:30:42 | INFO | 📋 Trade Log: 16 trades from /Users/jakobmccleary/Desktop/Stock Predictor/trade_log.json
2026-01-22 13:30:42 | INFO | 📊 Stats: 6 closed | Win Rate: 50.0% | Total P&L: $705.17
2026-01-22 13:30:42 | WARNING | 🚫 Max open positions reached (10/10). No new trades.
AEE260220C00105000: Spread stop-loss close failed (trying individual legs): {"code":42210000,"message":"qty must be \u003e 0"}
AEE260220C00105000: stop-loss close failed: {"code":40310000,"message":"account not eligible to trade uncovered option contracts"}
AEE260220C00110000: Spread stop-loss close failed (trying individual legs): {"code":42210000,"message":"qty must be \u003e 0"}
AEE260220C00110000: stop-loss close failed: {"code":40010001,"message":"qty must be \u003e 0"}
DUK260220C00125000: Spread stop-loss close failed (trying individual legs): {"code":42210000,"message":"qty must be \u003e 0"}
DUK260220C00125000: stop-loss close failed: {"code":40010001,"message":"qty must be \u003e 0"}
OKLO260130C00097000: Spread stop-loss close failed (trying individual legs): {"code":42210000,"message":"qty must be \u003e 0"}
OKLO260130C00097000: stop-loss close failed: {"code":40010001,"message":"qty must be \u003e 0"}
Thu Jan 22 13:35:43 CST 2026 - Running auto trader...
2026-01-22 13:35:44 | INFO | 🔌 Circuit Breaker Status: tripped=False, daily_pnl=0.00%, trades_today=0
2026-01-22 13:35:44 | INFO | 📂 Loaded 8 trades from /Users/jakobmccleary/Desktop/Stock Predictor/.monitoring/performance_data.json
2026-01-22 13:35:44 | INFO | 📊 Performance Monitor: 8 historical trades loaded
2026-01-22 13:35:44 | INFO | 💰 Account: equity=$46,302.46, buying_power=$72,779.92, starting_capital=$50,000.00
2026-01-22 13:35:44 | INFO | 📋 Trade Log: 16 trades from /Users/jakobmccleary/Desktop/Stock Predictor/trade_log.json
2026-01-22 13:35:44 | INFO | 📊 Stats: 6 closed | Win Rate: 50.0% | Total P&L: $705.17
2026-01-22 13:35:45 | WARNING | 🚫 Max open positions reached (10/10). No new trades.
AEE260220C00105000: Spread stop-loss close failed (trying individual legs): {"code":42210000,"message":"qty must be \u003e 0"}
AEE260220C00105000: stop-loss close failed: {"code":40310000,"message":"account not eligible to trade uncovered option contracts"}
AEE260220C00110000: Spread stop-loss close failed (trying individual legs): {"code":42210000,"message":"qty must be \u003e 0"}
AEE260220C00110000: stop-loss close failed: {"code":40010001,"message":"qty must be \u003e 0"}
DUK260220C00120000: Spread stop-loss close failed (trying individual legs): {"code":42210000,"message":"qty must be \u003e 0"}
DUK260220C00120000: stop-loss close failed: {"code":40310000,"message":"account not eligible to trade uncovered option contracts"}
DUK260220C00125000: Spread stop-loss close failed (trying individual legs): {"code":42210000,"message":"qty must be \u003e 0"}
DUK260220C00125000: stop-loss close failed: {"code":40010001,"message":"qty must be \u003e 0"}
OKLO260130C00092000: Spread stop-loss close failed (trying individual legs): {"code":42210000,"message":"qty must be \u003e 0"}
OKLO260130C00092000: stop-loss close failed: {"code":40310000,"message":"account not eligible to trade uncovered option contracts"}
OKLO260130C00097000: Spread stop-loss close failed (trying individual legs): {"code":42210000,"message":"qty must be \u003e 0"}
OKLO260130C00097000: stop-loss close failed: {"code":40010001,"message":"qty must be \u003e 0"}
Thu Jan 22 13:40:45 CST 2026 - Running auto trader...
2026-01-22 13:40:46 | INFO | 🔌 Circuit Breaker Status: tripped=False, daily_pnl=0.00%, trades_today=0
2026-01-22 13:40:46 | INFO | 📂 Loaded 8 trades from /Users/jakobmccleary/Desktop/Stock Predictor/.monitoring/performance_data.json
2026-01-22 13:40:46 | INFO | 📊 Performance Monitor: 8 historical trades loaded
2026-01-22 13:40:46 | INFO | 💰 Account: equity=$46,286.46, buying_power=$72,788.92, starting_capital=$50,000.00
2026-01-22 13:40:46 | INFO | 📋 Trade Log: 16 trades from /Users/jakobmccleary/Desktop/Stock Predictor/trade_log.json
2026-01-22 13:40:46 | INFO | 📊 Stats: 6 closed | Win Rate: 50.0% | Total P&L: $705.17
2026-01-22 13:40:47 | WARNING | 🚫 Max open positions reached (10/10). No new trades.
AEE260220C00105000: Spread stop-loss close failed (trying individual legs): {"code":42210000,"message":"qty must be \u003e 0"}
AEE260220C00105000: stop-loss close failed: {"code":40310000,"message":"account not eligible to trade uncovered option contracts"}
AEE260220C00110000: Spread stop-loss close failed (trying individual legs): {"code":42210000,"message":"qty must be \u003e 0"}
AEE260220C00110000: stop-loss close failed: {"code":40010001,"message":"qty must be \u003e 0"}
DUK260220C00120000: Spread stop-loss close failed (trying individual legs): {"code":42210000,"message":"qty must be \u003e 0"}
DUK260220C00120000: stop-loss close failed: {"code":40310000,"message":"account not eligible to trade uncovered option contracts"}
DUK260220C00125000: Spread stop-loss close failed (trying individual legs): {"code":42210000,"message":"qty must be \u003e 0"}
DUK260220C00125000: stop-loss close failed: {"code":40010001,"message":"qty must be \u003e 0"}
OKLO260130C00092000: Spread stop-loss close failed (trying individual legs): {"code":42210000,"message":"qty must be \u003e 0"}
OKLO260130C00092000: stop-loss close failed: {"code":40310000,"message":"account not eligible to trade uncovered option contracts"}
OKLO260130C00097000: Spread stop-loss close failed (trying individual legs): {"code":42210000,"message":"qty must be \u003e 0"}
OKLO260130C00097000: stop-loss close failed: {"code":40010001,"message":"qty must be \u003e 0"}
Thu Jan 22 13:45:47 CST 2026 - Running auto trader...
2026-01-22 13:45:49 | INFO | 🔌 Circuit Breaker Status: tripped=False, daily_pnl=0.00%, trades_today=0
2026-01-22 13:45:49 | INFO | 📂 Loaded 8 trades from /Users/jakobmccleary/Desktop/Stock Predictor/.monitoring/performance_data.json
2026-01-22 13:45:49 | INFO | 📊 Performance Monitor: 8 historical trades loaded
2026-01-22 13:45:49 | INFO | 💰 Account: equity=$46,329.96, buying_power=$72,772.42, starting_capital=$50,000.00
2026-01-22 13:45:49 | INFO | 📋 Trade Log: 16 trades from /Users/jakobmccleary/Desktop/Stock Predictor/trade_log.json
2026-01-22 13:45:49 | INFO | 📊 Stats: 6 closed | Win Rate: 50.0% | Total P&L: $705.17
2026-01-22 13:45:49 | WARNING | 🚫 Max open positions reached (10/10). No new trades.
AEE260220C00105000: Spread stop-loss close failed (trying individual legs): {"code":42210000,"message":"qty must be \u003e 0"}
AEE260220C00105000: stop-loss close failed: {"code":40310000,"message":"account not eligible to trade uncovered option contracts"}
AEE260220C00110000: Spread stop-loss close failed (trying individual legs): {"code":42210000,"message":"qty must be \u003e 0"}
AEE260220C00110000: stop-loss close failed: {"code":40010001,"message":"qty must be \u003e 0"}
DUK260220C00120000: Spread stop-loss close failed (trying individual legs): {"code":42210000,"message":"qty must be \u003e 0"}
DUK260220C00120000: stop-loss close failed: {"code":40310000,"message":"account not eligible to trade uncovered option contracts"}
DUK260220C00125000: Spread stop-loss close failed (trying individual legs): {"code":42210000,"message":"qty must be \u003e 0"}
DUK260220C00125000: stop-loss close failed: {"code":40010001,"message":"qty must be \u003e 0"}
OKLO260130C00092000: Spread stop-loss close failed (trying individual legs): {"code":42210000,"message":"qty must be \u003e 0"}
OKLO260130C00092000: stop-loss close failed: {"code":40310000,"message":"account not eligible to trade uncovered option contracts"}
OKLO260130C00097000: Spread stop-loss close failed (trying individual legs): {"code":42210000,"message":"qty must be \u003e 0"}
OKLO260130C00097000: stop-loss close failed: {"code":40010001,"message":"qty must be \u003e 0"}
Thu Jan 22 13:50:49 CST 2026 - Running auto trader...
2026-01-22 13:50:51 | INFO | 🔌 Circuit Breaker Status: tripped=False, daily_pnl=0.00%, trades_today=0
2026-01-22 13:50:51 | INFO | 📂 Loaded 8 trades from /Users/jakobmccleary/Desktop/Stock Predictor/.monitoring/performance_data.json
2026-01-22 13:50:51 | INFO | 📊 Performance Monitor: 8 historical trades loaded
2026-01-22 13:50:51 | INFO | 💰 Account: equity=$46,348.46, buying_power=$72,780.92, starting_capital=$50,000.00
2026-01-22 13:50:51 | INFO | 📋 Trade Log: 16 trades from /Users/jakobmccleary/Desktop/Stock Predictor/trade_log.json
2026-01-22 13:50:51 | INFO | 📊 Stats: 6 closed | Win Rate: 50.0% | Total P&L: $705.17
2026-01-22 13:50:51 | WARNING | 🚫 Max open positions reached (10/10). No new trades.
AEE260220C00105000: Spread stop-loss close failed (trying individual legs): {"code":42210000,"message":"qty must be \u003e 0"}
AEE260220C00105000: stop-loss close failed: {"code":40310000,"message":"account not eligible to trade uncovered option contracts"}
AEE260220C00110000: Spread stop-loss close failed (trying individual legs): {"code":42210000,"message":"qty must be \u003e 0"}
AEE260220C00110000: stop-loss close failed: {"code":40010001,"message":"qty must be \u003e 0"}
DUK260220C00120000: Spread stop-loss close failed (trying individual legs): {"code":42210000,"message":"qty must be \u003e 0"}
DUK260220C00120000: stop-loss close failed: {"code":40310000,"message":"account not eligible to trade uncovered option contracts"}
DUK260220C00125000: Spread stop-loss close failed (trying individual legs): {"code":42210000,"message":"qty must be \u003e 0"}
DUK260220C00125000: stop-loss close failed: {"code":40010001,"message":"qty must be \u003e 0"}
OKLO260130C00097000: Spread stop-loss close failed (trying individual legs): {"code":42210000,"message":"qty must be \u003e 0"}
OKLO260130C00097000: stop-loss close failed: {"code":40010001,"message":"qty must be \u003e 0"}
Thu Jan 22 13:55:52 CST 2026 - Running auto trader...
2026-01-22 13:55:53 | INFO | 🔌 Circuit Breaker Status: tripped=False, daily_pnl=0.00%, trades_today=0
2026-01-22 13:55:53 | INFO | 📂 Loaded 8 trades from /Users/jakobmccleary/Desktop/Stock Predictor/.monitoring/performance_data.json
2026-01-22 13:55:53 | INFO | 📊 Performance Monitor: 8 historical trades loaded
2026-01-22 13:55:53 | INFO | 💰 Account: equity=$46,341.96, buying_power=$72,774.42, starting_capital=$50,000.00
2026-01-22 13:55:53 | INFO | 📋 Trade Log: 16 trades from /Users/jakobmccleary/Desktop/Stock Predictor/trade_log.json
2026-01-22 13:55:53 | INFO | 📊 Stats: 6 closed | Win Rate: 50.0% | Total P&L: $705.17
2026-01-22 13:55:54 | WARNING | 🚫 Max open positions reached (10/10). No new trades.
AEE260220C00105000: Spread stop-loss close failed (trying individual legs): {"code":42210000,"message":"qty must be \u003e 0"}
AEE260220C00105000: stop-loss close failed: {"code":40310000,"message":"account not eligible to trade uncovered option contracts"}
AEE260220C00110000: Spread stop-loss close failed (trying individual legs): {"code":42210000,"message":"qty must be \u003e 0"}
AEE260220C00110000: stop-loss close failed: {"code":40010001,"message":"qty must be \u003e 0"}
DUK260220C00120000: Spread stop-loss close failed (trying individual legs): {"code":42210000,"message":"qty must be \u003e 0"}
DUK260220C00120000: stop-loss close failed: {"code":40310000,"message":"account not eligible to trade uncovered option contracts"}
DUK260220C00125000: Spread stop-loss close failed (trying individual legs): {"code":42210000,"message":"qty must be \u003e 0"}
DUK260220C00125000: stop-loss close failed: {"code":40010001,"message":"qty must be \u003e 0"}
OKLO260130C00092000: Spread stop-loss close failed (trying individual legs): {"code":42210000,"message":"qty must be \u003e 0"}
OKLO260130C00092000: stop-loss close failed: {"code":40310000,"message":"account not eligible to trade uncovered option contracts"}
OKLO260130C00097000: Spread stop-loss close failed (trying individual legs): {"code":42210000,"message":"qty must be \u003e 0"}
OKLO260130C00097000: stop-loss close failed: {"code":40010001,"message":"qty must be \u003e 0"}
Thu Jan 22 14:00:54 CST 2026 - Running auto trader...
2026-01-22 14:00:55 | INFO | 🔌 Circuit Breaker Status: tripped=False, daily_pnl=0.00%, trades_today=0
2026-01-22 14:00:55 | INFO | 📂 Loaded 8 trades from /Users/jakobmccleary/Desktop/Stock Predictor/.monitoring/performance_data.json
2026-01-22 14:00:55 | INFO | 📊 Performance Monitor: 8 historical trades loaded
2026-01-22 14:00:55 | INFO | 💰 Account: equity=$46,264.46, buying_power=$72,766.92, starting_capital=$50,000.00
2026-01-22 14:00:55 | INFO | 📋 Trade Log: 16 trades from /Users/jakobmccleary/Desktop/Stock Predictor/trade_log.json
2026-01-22 14:00:55 | INFO | 📊 Stats: 6 closed | Win Rate: 50.0% | Total P&L: $705.17
2026-01-22 14:00:56 | WARNING | 🚫 Max open positions reached (10/10). No new trades.
AEE260220C00105000: Spread stop-loss close failed (trying individual legs): {"code":42210000,"message":"qty must be \u003e 0"}
AEE260220C00105000: stop-loss close failed: {"code":40310000,"message":"account not eligible to trade uncovered option contracts"}
AEE260220C00110000: Spread stop-loss close failed (trying individual legs): {"code":42210000,"message":"qty must be \u003e 0"}
AEE260220C00110000: stop-loss close failed: {"code":40010001,"message":"qty must be \u003e 0"}
DUK260220C00120000: Spread stop-loss close failed (trying individual legs): {"code":42210000,"message":"qty must be \u003e 0"}
DUK260220C00120000: stop-loss close failed: {"code":40310000,"message":"account not eligible to trade uncovered option contracts"}
DUK260220C00125000: Spread stop-loss close failed (trying individual legs): {"code":42210000,"message":"qty must be \u003e 0"}
DUK260220C00125000: stop-loss close failed: {"code":40010001,"message":"qty must be \u003e 0"}
OKLO260130C00092000: Spread stop-loss close failed (trying individual legs): {"code":42210000,"message":"qty must be \u003e 0"}
OKLO260130C00092000: stop-loss close failed: {"code":40310000,"message":"account not eligible to trade uncovered option contracts"}
OKLO260130C00097000: Spread stop-loss close failed (trying individual legs): {"code":42210000,"message":"qty must be \u003e 0"}
OKLO260130C00097000: stop-loss close failed: {"code":40010001,"message":"qty must be \u003e 0"}
Thu Jan 22 14:05:56 CST 2026 - Running auto trader...
2026-01-22 14:05:58 | INFO | 🔌 Circuit Breaker Status: tripped=False, daily_pnl=0.00%, trades_today=0
2026-01-22 14:05:58 | INFO | 📂 Loaded 8 trades from /Users/jakobmccleary/Desktop/Stock Predictor/.monitoring/performance_data.json
2026-01-22 14:05:58 | INFO | 📊 Performance Monitor: 8 historical trades loaded
2026-01-22 14:05:58 | INFO | 💰 Account: equity=$46,323.46, buying_power=$72,775.92, starting_capital=$50,000.00
2026-01-22 14:05:58 | INFO | 📋 Trade Log: 16 trades from /Users/jakobmccleary/Desktop/Stock Predictor/trade_log.json
2026-01-22 14:05:58 | INFO | 📊 Stats: 6 closed | Win Rate: 50.0% | Total P&L: $705.17
2026-01-22 14:05:58 | WARNING | 🚫 Max open positions reached (10/10). No new trades.
AEE260220C00105000: Spread stop-loss close failed (trying individual legs): {"code":42210000,"message":"qty must be \u003e 0"}
AEE260220C00105000: stop-loss close failed: {"code":40310000,"message":"account not eligible to trade uncovered option contracts"}
AEE260220C00110000: Spread stop-loss close failed (trying individual legs): {"code":42210000,"message":"qty must be \u003e 0"}
AEE260220C00110000: stop-loss close failed: {"code":40010001,"message":"qty must be \u003e 0"}
DUK260220C00120000: Spread stop-loss close failed (trying individual legs): {"code":42210000,"message":"qty must be \u003e 0"}
DUK260220C00120000: stop-loss close failed: {"code":40310000,"message":"account not eligible to trade uncovered option contracts"}
DUK260220C00125000: Spread stop-loss close failed (trying individual legs): {"code":42210000,"message":"qty must be \u003e 0"}
DUK260220C00125000: stop-loss close failed: {"code":40010001,"message":"qty must be \u003e 0"}
OKLO260130C00092000: Spread stop-loss close failed (trying individual legs): {"code":42210000,"message":"qty must be \u003e 0"}
OKLO260130C00092000: stop-loss close failed: {"code":40310000,"message":"account not eligible to trade uncovered option contracts"}
OKLO260130C00097000: Spread stop-loss close failed (trying individual legs): {"code":42210000,"message":"qty must be \u003e 0"}
OKLO260130C00097000: stop-loss close failed: {"code":40010001,"message":"qty must be \u003e 0"}
Thu Jan 22 14:10:59 CST 2026 - Running auto trader...
2026-01-22 14:11:00 | INFO | 🔌 Circuit Breaker Status: tripped=False, daily_pnl=0.00%, trades_today=0
2026-01-22 14:11:00 | INFO | 📂 Loaded 8 trades from /Users/jakobmccleary/Desktop/Stock Predictor/.monitoring/performance_data.json
2026-01-22 14:11:00 | INFO | 📊 Performance Monitor: 8 historical trades loaded
2026-01-22 14:11:00 | INFO | 💰 Account: equity=$46,309.96, buying_power=$72,757.42, starting_capital=$50,000.00
2026-01-22 14:11:00 | INFO | 📋 Trade Log: 16 trades from /Users/jakobmccleary/Desktop/Stock Predictor/trade_log.json
2026-01-22 14:11:00 | INFO | 📊 Stats: 6 closed | Win Rate: 50.0% | Total P&L: $705.17
2026-01-22 14:11:01 | WARNING | 🚫 Max open positions reached (10/10). No new trades.
AEE260220C00105000: Spread stop-loss close failed (trying individual legs): {"code":42210000,"message":"qty must be \u003e 0"}
AEE260220C00105000: stop-loss close failed: {"code":40310000,"message":"account not eligible to trade uncovered option contracts"}
AEE260220C00110000: Spread stop-loss close failed (trying individual legs): {"code":42210000,"message":"qty must be \u003e 0"}
AEE260220C00110000: stop-loss close failed: {"code":40010001,"message":"qty must be \u003e 0"}
DUK260220C00120000: Spread stop-loss close failed (trying individual legs): {"code":42210000,"message":"qty must be \u003e 0"}
DUK260220C00120000: stop-loss close failed: {"code":40310000,"message":"account not eligible to trade uncovered option contracts"}
DUK260220C00125000: Spread stop-loss close failed (trying individual legs): {"code":42210000,"message":"qty must be \u003e 0"}
DUK260220C00125000: stop-loss close failed: {"code":40010001,"message":"qty must be \u003e 0"}
OKLO260130C00092000: Spread stop-loss close failed (trying individual legs): {"code":42210000,"message":"qty must be \u003e 0"}
OKLO260130C00092000: stop-loss close failed: {"code":40310000,"message":"account not eligible to trade uncovered option contracts"}
OKLO260130C00097000: Spread stop-loss close failed (trying individual legs): {"code":42210000,"message":"qty must be \u003e 0"}
OKLO260130C00097000: stop-loss close failed: {"code":40010001,"message":"qty must be \u003e 0"}
Thu Jan 22 14:45:50 CST 2026 - Running auto trader...
2026-01-22 14:45:52 | INFO | 🔌 Circuit Breaker Status: tripped=False, daily_pnl=0.00%, trades_today=0
2026-01-22 14:45:52 | INFO | 📂 Loaded 8 trades from /Users/jakobmccleary/Desktop/Stock Predictor/.monitoring/performance_data.json
2026-01-22 14:45:52 | INFO | 📊 Performance Monitor: 8 historical trades loaded
2026-01-22 14:45:52 | INFO | 💰 Account: equity=$46,152.96, buying_power=$72,780.42, starting_capital=$50,000.00
2026-01-22 14:45:52 | INFO | 📋 Trade Log: 16 trades from /Users/jakobmccleary/Desktop/Stock Predictor/trade_log.json
2026-01-22 14:45:52 | INFO | 📊 Stats: 6 closed | Win Rate: 50.0% | Total P&L: $705.17
2026-01-22 14:45:53 | WARNING | 🚫 Max open positions reached (10/10). No new trades.
AEE260220C00105000: Spread stop-loss close failed (trying individual legs): {"code":42210000,"message":"qty must be \u003e 0"}
AEE260220C00105000: stop-loss close failed: {"code":40310000,"message":"account not eligible to trade uncovered option contracts"}
AEE260220C00110000: Spread stop-loss close failed (trying individual legs): {"code":42210000,"message":"qty must be \u003e 0"}
AEE260220C00110000: stop-loss close failed: {"code":40010001,"message":"qty must be \u003e 0"}
DUK260220C00120000: Spread stop-loss close failed (trying individual legs): {"code":42210000,"message":"qty must be \u003e 0"}
DUK260220C00120000: stop-loss close failed: {"code":40310000,"message":"account not eligible to trade uncovered option contracts"}
DUK260220C00125000: Spread stop-loss close failed (trying individual legs): {"code":42210000,"message":"qty must be \u003e 0"}
DUK260220C00125000: stop-loss close failed: {"code":40010001,"message":"qty must be \u003e 0"}
OKLO260130C00092000: Spread stop-loss close failed (trying individual legs): {"code":42210000,"message":"qty must be \u003e 0"}
OKLO260130C00092000: stop-loss close failed: {"code":40310000,"message":"account not eligible to trade uncovered option contracts"}
Thu Jan 22 14:50:53 CST 2026 - Running auto trader...
2026-01-22 14:50:55 | INFO | 🔌 Circuit Breaker Status: tripped=False, daily_pnl=0.00%, trades_today=0
2026-01-22 14:50:55 | INFO | 📂 Loaded 8 trades from /Users/jakobmccleary/Desktop/Stock Predictor/.monitoring/performance_data.json
2026-01-22 14:50:55 | INFO | 📊 Performance Monitor: 8 historical trades loaded
2026-01-22 14:50:55 | INFO | 💰 Account: equity=$46,109.46, buying_power=$72,821.92, starting_capital=$50,000.00
2026-01-22 14:50:55 | INFO | 📋 Trade Log: 16 trades from /Users/jakobmccleary/Desktop/Stock Predictor/trade_log.json
2026-01-22 14:50:55 | INFO | 📊 Stats: 6 closed | Win Rate: 50.0% | Total P&L: $705.17
2026-01-22 14:50:57 | WARNING | 🚫 Max open positions reached (10/10). No new trades.
AEE260220C00105000: Spread stop-loss close failed (trying individual legs): {"code":42210000,"message":"qty must be \u003e 0"}
AEE260220C00105000: stop-loss close failed: {"code":40310000,"message":"account not eligible to trade uncovered option contracts"}
AEE260220C00110000: Spread stop-loss close failed (trying individual legs): {"code":42210000,"message":"qty must be \u003e 0"}
AEE260220C00110000: stop-loss close failed: {"code":40010001,"message":"qty must be \u003e 0"}
DUK260220C00120000: Spread stop-loss close failed (trying individual legs): {"code":42210000,"message":"qty must be \u003e 0"}
DUK260220C00120000: stop-loss close failed: {"code":40310000,"message":"account not eligible to trade uncovered option contracts"}
DUK260220C00125000: Spread stop-loss close failed (trying individual legs): {"code":42210000,"message":"qty must be \u003e 0"}
DUK260220C00125000: stop-loss close failed: {"code":40010001,"message":"qty must be \u003e 0"}
OKLO260130C00092000: Spread stop-loss close failed (trying individual legs): {"code":42210000,"message":"qty must be \u003e 0"}
OKLO260130C00092000: stop-loss close failed: {"code":40310000,"message":"account not eligible to trade uncovered option contracts"}
OKLO260130C00097000: Spread stop-loss close failed (trying individual legs): {"code":42210000,"message":"qty must be \u003e 0"}
OKLO260130C00097000: stop-loss close failed: {"code":40010001,"message":"qty must be \u003e 0"}
Thu Jan 22 14:55:57 CST 2026 - Running auto trader...
2026-01-22 14:55:58 | INFO | 🔌 Circuit Breaker Status: tripped=False, daily_pnl=0.00%, trades_today=0
2026-01-22 14:55:58 | INFO | 📂 Loaded 8 trades from /Users/jakobmccleary/Desktop/Stock Predictor/.monitoring/performance_data.json
2026-01-22 14:55:58 | INFO | 📊 Performance Monitor: 8 historical trades loaded
2026-01-22 14:55:59 | INFO | 💰 Account: equity=$46,206.71, buying_power=$72,839.17, starting_capital=$50,000.00
2026-01-22 14:55:59 | INFO | 📋 Trade Log: 16 trades from /Users/jakobmccleary/Desktop/Stock Predictor/trade_log.json
2026-01-22 14:55:59 | INFO | 📊 Stats: 6 closed | Win Rate: 50.0% | Total P&L: $705.17
2026-01-22 14:56:00 | WARNING | 🚫 Max open positions reached (10/10). No new trades.
AEE260220C00105000: Spread stop-loss close failed (trying individual legs): {"code":42210000,"message":"qty must be \u003e 0"}
AEE260220C00105000: stop-loss close failed: {"code":40310000,"message":"account not eligible to trade uncovered option contracts"}
AEE260220C00110000: Spread stop-loss close failed (trying individual legs): {"code":42210000,"message":"qty must be \u003e 0"}
AEE260220C00110000: stop-loss close failed: {"code":40010001,"message":"qty must be \u003e 0"}
DUK260220C00120000: Spread stop-loss close failed (trying individual legs): {"code":42210000,"message":"qty must be \u003e 0"}
DUK260220C00120000: stop-loss close failed: {"code":40310000,"message":"account not eligible to trade uncovered option contracts"}
DUK260220C00125000: Spread stop-loss close failed (trying individual legs): {"code":42210000,"message":"qty must be \u003e 0"}
DUK260220C00125000: stop-loss close failed: {"code":40010001,"message":"qty must be \u003e 0"}
OKLO260130C00092000: Spread stop-loss close failed (trying individual legs): {"code":42210000,"message":"qty must be \u003e 0"}
OKLO260130C00092000: stop-loss close failed: {"code":40310000,"message":"account not eligible to trade uncovered option contracts"}
OKLO260130C00097000: Spread stop-loss close failed (trying individual legs): {"code":42210000,"message":"qty must be \u003e 0"}
OKLO260130C00097000: stop-loss close failed: {"code":40010001,"message":"qty must be \u003e 0"}
Thu Jan 22 15:01:00 CST 2026 - Market closed (hour=16)
Thu Jan 22 15:06:00 CST 2026 - Market closed (hour=16)
Thu Jan 22 15:11:00 CST 2026 - Market closed (hour=16)
Thu Jan 22 15:44:48 CST 2026 - Market closed (hour=16)
Thu Jan 22 16:13:29 CST 2026 - Market closed (hour=17)
Thu Jan 22 17:24:35 CST 2026 - Market closed (hour=18)
Thu Jan 22 17:48:05 CST 2026 - Market closed (hour=18)
Fri Jan 23 00:31:11 CST 2026 - Market closed (hour=01)
Fri Jan 23 07:54:22 CST 2026 - Market closed (hour=08)
Fri Jan 23 09:24:04 CST 2026 - Running auto trader...
2026-01-23 09:24:05 | INFO | 🔄 Daily reset: 2026-01-22 → 2026-01-23
2026-01-23 09:24:05 | INFO | 🔌 Circuit Breaker Status: tripped=False, daily_pnl=0.00%, trades_today=0
2026-01-23 09:24:05 | INFO | 📂 Loaded 8 trades from /Users/jakobmccleary/Desktop/Stock Predictor/.monitoring/performance_data.json
2026-01-23 09:24:05 | INFO | 📊 Performance Monitor: 8 historical trades loaded
2026-01-23 09:24:05 | INFO | 💰 Account: equity=$45,576.02, buying_power=$73,198.04, starting_capital=$50,000.00
2026-01-23 09:24:05 | INFO | 📋 Trade Log: 16 trades from /Users/jakobmccleary/Desktop/Stock Predictor/trade_log.json
2026-01-23 09:24:05 | INFO | 📊 Stats: 6 closed | Win Rate: 50.0% | Total P&L: $705.17
2026-01-23 09:24:06 | WARNING | 🚫 Max open positions reached (10/10). No new trades.
AEE260220C00105000: Spread stop-loss close failed (trying individual legs): {"code":42210000,"message":"qty must be \u003e 0"}
AEE260220C00105000: stop-loss close failed: {"code":40310000,"message":"account not eligible to trade uncovered option contracts"}
AEE260220C00110000: Spread stop-loss close failed (trying individual legs): {"code":42210000,"message":"qty must be \u003e 0"}
AEE260220C00110000: stop-loss close failed: {"code":40010001,"message":"qty must be \u003e 0"}
DUK260220C00120000: Spread stop-loss close failed (trying individual legs): {"code":42210000,"message":"qty must be \u003e 0"}
DUK260220C00120000: stop-loss close failed: {"code":40310000,"message":"account not eligible to trade uncovered option contracts"}
DUK260220C00125000: Spread take-profit close failed (trying individual legs): {"code":42210000,"message":"qty must be \u003e 0"}
DUK260220C00125000: take-profit close failed: {"code":40010001,"message":"qty must be \u003e 0"}
OKLO260130C00092000: Spread stop-loss close failed (trying individual legs): {"code":42210000,"message":"qty must be \u003e 0"}
OKLO260130C00092000: stop-loss close failed: {"code":40310000,"message":"account not eligible to trade uncovered option contracts"}
OKLO260130C00097000: Spread take-profit close failed (trying individual legs): {"code":42210000,"message":"qty must be \u003e 0"}
OKLO260130C00097000: take-profit close failed: {"code":40010001,"message":"qty must be \u003e 0"}
Fri Jan 23 09:29:07 CST 2026 - Running auto trader...
2026-01-23 09:29:08 | INFO | 🔌 Circuit Breaker Status: tripped=False, daily_pnl=0.00%, trades_today=0
2026-01-23 09:29:08 | INFO | 📂 Loaded 8 trades from /Users/jakobmccleary/Desktop/Stock Predictor/.monitoring/performance_data.json
2026-01-23 09:29:08 | INFO | 📊 Performance Monitor: 8 historical trades loaded
2026-01-23 09:29:08 | INFO | 💰 Account: equity=$45,627.02, buying_power=$73,133.04, starting_capital=$50,000.00
2026-01-23 09:29:08 | INFO | 📋 Trade Log: 16 trades from /Users/jakobmccleary/Desktop/Stock Predictor/trade_log.json
2026-01-23 09:29:08 | INFO | 📊 Stats: 6 closed | Win Rate: 50.0% | Total P&L: $705.17
2026-01-23 09:29:09 | WARNING | 🚫 Max open positions reached (10/10). No new trades.
AEE260220C00105000: Spread stop-loss close failed (trying individual legs): {"code":42210000,"message":"qty must be \u003e 0"}
AEE260220C00105000: stop-loss close failed: {"code":40310000,"message":"account not eligible to trade uncovered option contracts"}
AEE260220C00110000: Spread stop-loss close failed (trying individual legs): {"code":42210000,"message":"qty must be \u003e 0"}
AEE260220C00110000: stop-loss close failed: {"code":40010001,"message":"qty must be \u003e 0"}
DUK260220C00120000: Spread stop-loss close failed (trying individual legs): {"code":42210000,"message":"qty must be \u003e 0"}
DUK260220C00120000: stop-loss close failed: {"code":40310000,"message":"account not eligible to trade uncovered option contracts"}
DUK260220C00125000: Spread take-profit close failed (trying individual legs): {"code":42210000,"message":"qty must be \u003e 0"}
DUK260220C00125000: take-profit close failed: {"code":40010001,"message":"qty must be \u003e 0"}
OKLO260130C00092000: Spread stop-loss close failed (trying individual legs): {"code":42210000,"message":"qty must be \u003e 0"}
OKLO260130C00092000: stop-loss close failed: {"code":40310000,"message":"account not eligible to trade uncovered option contracts"}
OKLO260130C00097000: Spread take-profit close failed (trying individual legs): {"code":42210000,"message":"qty must be \u003e 0"}
OKLO260130C00097000: take-profit close failed: {"code":40010001,"message":"qty must be \u003e 0"}
Fri Jan 23 09:34:09 CST 2026 - Running auto trader...
2026-01-23 09:34:10 | INFO | 🔌 Circuit Breaker Status: tripped=False, daily_pnl=0.00%, trades_today=0
2026-01-23 09:34:10 | INFO | 📂 Loaded 8 trades from /Users/jakobmccleary/Desktop/Stock Predictor/.monitoring/performance_data.json
2026-01-23 09:34:10 | INFO | 📊 Performance Monitor: 8 historical trades loaded
2026-01-23 09:34:10 | INFO | 💰 Account: equity=$45,498.77, buying_power=$72,995.79, starting_capital=$50,000.00
2026-01-23 09:34:10 | INFO | 📋 Trade Log: 16 trades from /Users/jakobmccleary/Desktop/Stock Predictor/trade_log.json
2026-01-23 09:34:10 | INFO | 📊 Stats: 6 closed | Win Rate: 50.0% | Total P&L: $705.17
2026-01-23 09:34:11 | WARNING | 🚫 Max open positions reached (10/10). No new trades.
AEE260220C00105000: Spread stop-loss close failed (trying individual legs): {"code":42210000,"message":"qty must be \u003e 0"}
AEE260220C00105000: stop-loss close failed: {"code":40310000,"message":"account not eligible to trade uncovered option contracts"}
AEE260220C00110000: Spread stop-loss close failed (trying individual legs): {"code":42210000,"message":"qty must be \u003e 0"}
AEE260220C00110000: stop-loss close failed: {"code":40010001,"message":"qty must be \u003e 0"}
DUK260220C00120000: Spread stop-loss close failed (trying individual legs): {"code":42210000,"message":"qty must be \u003e 0"}
DUK260220C00120000: stop-loss close failed: {"code":40310000,"message":"account not eligible to trade uncovered option contracts"}
DUK260220C00125000: Spread take-profit close failed (trying individual legs): {"code":42210000,"message":"qty must be \u003e 0"}
DUK260220C00125000: take-profit close failed: {"code":40010001,"message":"qty must be \u003e 0"}
OKLO260130C00092000: Spread stop-loss close failed (trying individual legs): {"code":42210000,"message":"qty must be \u003e 0"}
OKLO260130C00092000: stop-loss close failed: {"code":40310000,"message":"account not eligible to trade uncovered option contracts"}
OKLO260130C00097000: Spread take-profit close failed (trying individual legs): {"code":42210000,"message":"qty must be \u003e 0"}
OKLO260130C00097000: take-profit close failed: {"code":40010001,"message":"qty must be \u003e 0"}
Fri Jan 23 09:39:12 CST 2026 - Running auto trader...
2026-01-23 09:39:13 | INFO | 🔌 Circuit Breaker Status: tripped=False, daily_pnl=0.00%, trades_today=0
2026-01-23 09:39:13 | INFO | 📂 Loaded 8 trades from /Users/jakobmccleary/Desktop/Stock Predictor/.monitoring/performance_data.json
2026-01-23 09:39:13 | INFO | 📊 Performance Monitor: 8 historical trades loaded
2026-01-23 09:39:14 | INFO | 💰 Account: equity=$45,759.02, buying_power=$73,000.04, starting_capital=$50,000.00
2026-01-23 09:39:14 | INFO | 📋 Trade Log: 16 trades from /Users/jakobmccleary/Desktop/Stock Predictor/trade_log.json
2026-01-23 09:39:14 | INFO | 📊 Stats: 6 closed | Win Rate: 50.0% | Total P&L: $705.17
2026-01-23 09:39:15 | WARNING | 🚫 Max open positions reached (10/10). No new trades.
AEE260220C00105000: Spread stop-loss close failed (trying individual legs): {"code":42210000,"message":"qty must be \u003e 0"}
AEE260220C00105000: stop-loss close failed: {"code":40310000,"message":"account not eligible to trade uncovered option contracts"}
AEE260220C00110000: Spread stop-loss close failed (trying individual legs): {"code":42210000,"message":"qty must be \u003e 0"}
AEE260220C00110000: stop-loss close failed: {"code":40010001,"message":"qty must be \u003e 0"}
DUK260220C00120000: Spread stop-loss close failed (trying individual legs): {"code":42210000,"message":"qty must be \u003e 0"}
DUK260220C00120000: stop-loss close failed: {"code":40310000,"message":"account not eligible to trade uncovered option contracts"}
DUK260220C00125000: Spread take-profit close failed (trying individual legs): {"code":42210000,"message":"qty must be \u003e 0"}
DUK260220C00125000: take-profit close failed: {"code":40010001,"message":"qty must be \u003e 0"}
OKLO260130C00092000: Spread stop-loss close failed (trying individual legs): {"code":42210000,"message":"qty must be \u003e 0"}
OKLO260130C00092000: stop-loss close failed: {"code":40310000,"message":"account not eligible to trade uncovered option contracts"}
OKLO260130C00097000: Spread take-profit close failed (trying individual legs): {"code":42210000,"message":"qty must be \u003e 0"}
OKLO260130C00097000: take-profit close failed: {"code":40010001,"message":"qty must be \u003e 0"}
Fri Jan 23 09:44:15 CST 2026 - Running auto trader...
2026-01-23 09:44:16 | INFO | 🔌 Circuit Breaker Status: tripped=False, daily_pnl=0.00%, trades_today=0
2026-01-23 09:44:16 | INFO | 📂 Loaded 8 trades from /Users/jakobmccleary/Desktop/Stock Predictor/.monitoring/performance_data.json
2026-01-23 09:44:16 | INFO | 📊 Performance Monitor: 8 historical trades loaded
2026-01-23 09:44:17 | INFO | 💰 Account: equity=$45,756.02, buying_power=$73,009.04, starting_capital=$50,000.00
2026-01-23 09:44:17 | INFO | 📋 Trade Log: 16 trades from /Users/jakobmccleary/Desktop/Stock Predictor/trade_log.json
2026-01-23 09:44:17 | INFO | 📊 Stats: 6 closed | Win Rate: 50.0% | Total P&L: $705.17
2026-01-23 09:44:18 | WARNING | 🚫 Max open positions reached (10/10). No new trades.
AEE260220C00105000: Spread stop-loss close failed (trying individual legs): {"code":42210000,"message":"qty must be \u003e 0"}
AEE260220C00105000: stop-loss close failed: {"code":40310000,"message":"account not eligible to trade uncovered option contracts"}
AEE260220C00110000: Spread stop-loss close failed (trying individual legs): {"code":42210000,"message":"qty must be \u003e 0"}
AEE260220C00110000: stop-loss close failed: {"code":40010001,"message":"qty must be \u003e 0"}
DUK260220C00120000: Spread stop-loss close failed (trying individual legs): {"code":42210000,"message":"qty must be \u003e 0"}
DUK260220C00120000: stop-loss close failed: {"code":40310000,"message":"account not eligible to trade uncovered option contracts"}
DUK260220C00125000: Spread take-profit close failed (trying individual legs): {"code":42210000,"message":"qty must be \u003e 0"}
DUK260220C00125000: take-profit close failed: {"code":40010001,"message":"qty must be \u003e 0"}
OKLO260130C00092000: Spread stop-loss close failed (trying individual legs): {"code":42210000,"message":"qty must be \u003e 0"}
OKLO260130C00092000: stop-loss close failed: {"code":40310000,"message":"account not eligible to trade uncovered option contracts"}
OKLO260130C00097000: Spread take-profit close failed (trying individual legs): {"code":42210000,"message":"qty must be \u003e 0"}
OKLO260130C00097000: take-profit close failed: {"code":40010001,"message":"qty must be \u003e 0"}
Fri Jan 23 09:49:18 CST 2026 - Running auto trader...
2026-01-23 09:49:19 | INFO | 🔌 Circuit Breaker Status: tripped=False, daily_pnl=0.00%, trades_today=0
2026-01-23 09:49:19 | INFO | 📂 Loaded 8 trades from /Users/jakobmccleary/Desktop/Stock Predictor/.monitoring/performance_data.json
2026-01-23 09:49:19 | INFO | 📊 Performance Monitor: 8 historical trades loaded
2026-01-23 09:49:20 | INFO | 💰 Account: equity=$45,638.02, buying_power=$72,912.04, starting_capital=$50,000.00
2026-01-23 09:49:20 | INFO | 📋 Trade Log: 16 trades from /Users/jakobmccleary/Desktop/Stock Predictor/trade_log.json
2026-01-23 09:49:20 | INFO | 📊 Stats: 6 closed | Win Rate: 50.0% | Total P&L: $705.17
2026-01-23 09:49:21 | WARNING | 🚫 Max open positions reached (10/10). No new trades.
AEE260220C00105000: Spread stop-loss close failed (trying individual legs): {"code":42210000,"message":"qty must be \u003e 0"}
AEE260220C00105000: stop-loss close failed: {"code":40310000,"message":"account not eligible to trade uncovered option contracts"}
AEE260220C00110000: Spread stop-loss close failed (trying individual legs): {"code":42210000,"message":"qty must be \u003e 0"}
AEE260220C00110000: stop-loss close failed: {"code":40010001,"message":"qty must be \u003e 0"}
DUK260220C00120000: Spread stop-loss close failed (trying individual legs): {"code":42210000,"message":"qty must be \u003e 0"}
DUK260220C00120000: stop-loss close failed: {"code":40310000,"message":"account not eligible to trade uncovered option contracts"}
DUK260220C00125000: Spread take-profit close failed (trying individual legs): {"code":42210000,"message":"qty must be \u003e 0"}
DUK260220C00125000: take-profit close failed: {"code":40010001,"message":"qty must be \u003e 0"}
OKLO260130C00092000: Spread stop-loss close failed (trying individual legs): {"code":42210000,"message":"qty must be \u003e 0"}
OKLO260130C00092000: stop-loss close failed: {"code":40310000,"message":"account not eligible to trade uncovered option contracts"}
OKLO260130C00097000: Spread take-profit close failed (trying individual legs): {"code":42210000,"message":"qty must be \u003e 0"}
OKLO260130C00097000: take-profit close failed: {"code":40010001,"message":"qty must be \u003e 0"}
Fri Jan 23 09:54:21 CST 2026 - Running auto trader...
2026-01-23 09:54:22 | INFO | 🔌 Circuit Breaker Status: tripped=False, daily_pnl=0.00%, trades_today=0
2026-01-23 09:54:22 | INFO | 📂 Loaded 8 trades from /Users/jakobmccleary/Desktop/Stock Predictor/.monitoring/performance_data.json
2026-01-23 09:54:22 | INFO | 📊 Performance Monitor: 8 historical trades loaded
2026-01-23 09:54:22 | INFO | 💰 Account: equity=$45,591.52, buying_power=$72,879.54, starting_capital=$50,000.00
2026-01-23 09:54:22 | INFO | 📋 Trade Log: 16 trades from /Users/jakobmccleary/Desktop/Stock Predictor/trade_log.json
2026-01-23 09:54:22 | INFO | 📊 Stats: 6 closed | Win Rate: 50.0% | Total P&L: $705.17
2026-01-23 09:54:24 | WARNING | 🚫 Max open positions reached (10/10). No new trades.
AEE260220C00105000: Spread stop-loss close failed (trying individual legs): {"code":42210000,"message":"qty must be \u003e 0"}
AEE260220C00105000: stop-loss close failed: {"code":40310000,"message":"account not eligible to trade uncovered option contracts"}
AEE260220C00110000: Spread stop-loss close failed (trying individual legs): {"code":42210000,"message":"qty must be \u003e 0"}
AEE260220C00110000: stop-loss close failed: {"code":40010001,"message":"qty must be \u003e 0"}
DUK260220C00120000: Spread stop-loss close failed (trying individual legs): {"code":42210000,"message":"qty must be \u003e 0"}
DUK260220C00120000: stop-loss close failed: {"code":40310000,"message":"account not eligible to trade uncovered option contracts"}
DUK260220C00125000: Spread take-profit close failed (trying individual legs): {"code":42210000,"message":"qty must be \u003e 0"}
DUK260220C00125000: take-profit close failed: {"code":40010001,"message":"qty must be \u003e 0"}
OKLO260130C00092000: Spread stop-loss close failed (trying individual legs): {"code":42210000,"message":"qty must be \u003e 0"}
OKLO260130C00092000: stop-loss close failed: {"code":40310000,"message":"account not eligible to trade uncovered option contracts"}
OKLO260130C00097000: Spread take-profit close failed (trying individual legs): {"code":42210000,"message":"qty must be \u003e 0"}
OKLO260130C00097000: take-profit close failed: {"code":40010001,"message":"qty must be \u003e 0"}
Fri Jan 23 09:59:24 CST 2026 - Running auto trader...
2026-01-23 09:59:25 | INFO | 🔌 Circuit Breaker Status: tripped=False, daily_pnl=0.00%, trades_today=0
2026-01-23 09:59:25 | INFO | 📂 Loaded 8 trades from /Users/jakobmccleary/Desktop/Stock Predictor/.monitoring/performance_data.json
2026-01-23 09:59:25 | INFO | 📊 Performance Monitor: 8 historical trades loaded
2026-01-23 09:59:25 | INFO | 💰 Account: equity=$45,534.02, buying_power=$72,850.04, starting_capital=$50,000.00
2026-01-23 09:59:25 | INFO | 📋 Trade Log: 16 trades from /Users/jakobmccleary/Desktop/Stock Predictor/trade_log.json
2026-01-23 09:59:25 | INFO | 📊 Stats: 6 closed | Win Rate: 50.0% | Total P&L: $705.17
2026-01-23 09:59:27 | WARNING | 🚫 Max open positions reached (10/10). No new trades.
AEE260220C00105000: Spread stop-loss close failed (trying individual legs): {"code":42210000,"message":"qty must be \u003e 0"}
AEE260220C00105000: stop-loss close failed: {"code":40310000,"message":"account not eligible to trade uncovered option contracts"}
AEE260220C00110000: Spread stop-loss close failed (trying individual legs): {"code":42210000,"message":"qty must be \u003e 0"}
AEE260220C00110000: stop-loss close failed: {"code":40010001,"message":"qty must be \u003e 0"}
DUK260220C00120000: Spread stop-loss close failed (trying individual legs): {"code":42210000,"message":"qty must be \u003e 0"}
DUK260220C00120000: stop-loss close failed: {"code":40310000,"message":"account not eligible to trade uncovered option contracts"}
DUK260220C00125000: Spread take-profit close failed (trying individual legs): {"code":42210000,"message":"qty must be \u003e 0"}
DUK260220C00125000: take-profit close failed: {"code":40010001,"message":"qty must be \u003e 0"}
OKLO260130C00092000: Spread stop-loss close failed (trying individual legs): {"code":42210000,"message":"qty must be \u003e 0"}
OKLO260130C00092000: stop-loss close failed: {"code":40310000,"message":"account not eligible to trade uncovered option contracts"}
OKLO260130C00097000: Spread take-profit close failed (trying individual legs): {"code":42210000,"message":"qty must be \u003e 0"}
OKLO260130C00097000: take-profit close failed: {"code":40010001,"message":"qty must be \u003e 0"}
Fri Jan 23 10:04:27 CST 2026 - Running auto trader...
2026-01-23 10:04:28 | INFO | 🔌 Circuit Breaker Status: tripped=False, daily_pnl=0.00%, trades_today=0
2026-01-23 10:04:28 | INFO | 📂 Loaded 8 trades from /Users/jakobmccleary/Desktop/Stock Predictor/.monitoring/performance_data.json
2026-01-23 10:04:28 | INFO | 📊 Performance Monitor: 8 historical trades loaded
2026-01-23 10:04:28 | INFO | 💰 Account: equity=$45,255.02, buying_power=$72,778.04, starting_capital=$50,000.00
2026-01-23 10:04:28 | INFO | 📋 Trade Log: 16 trades from /Users/jakobmccleary/Desktop/Stock Predictor/trade_log.json
2026-01-23 10:04:28 | INFO | 📊 Stats: 6 closed | Win Rate: 50.0% | Total P&L: $705.17
2026-01-23 10:04:29 | WARNING | 🚫 Max open positions reached (10/10). No new trades.
AEE260220C00105000: Spread stop-loss close failed (trying individual legs): {"code":42210000,"message":"qty must be \u003e 0"}
AEE260220C00105000: stop-loss close failed: {"code":40310000,"message":"account not eligible to trade uncovered option contracts"}
AEE260220C00110000: Spread stop-loss close failed (trying individual legs): {"code":42210000,"message":"qty must be \u003e 0"}
AEE260220C00110000: stop-loss close failed: {"code":40010001,"message":"qty must be \u003e 0"}
DUK260220C00120000: Spread stop-loss close failed (trying individual legs): {"code":42210000,"message":"qty must be \u003e 0"}
DUK260220C00120000: stop-loss close failed: {"code":40310000,"message":"account not eligible to trade uncovered option contracts"}
DUK260220C00125000: Spread take-profit close failed (trying individual legs): {"code":42210000,"message":"qty must be \u003e 0"}
DUK260220C00125000: take-profit close failed: {"code":40010001,"message":"qty must be \u003e 0"}
OKLO260130C00092000: Spread stop-loss close failed (trying individual legs): {"code":42210000,"message":"qty must be \u003e 0"}
OKLO260130C00092000: stop-loss close failed: {"code":40310000,"message":"account not eligible to trade uncovered option contracts"}
OKLO260130C00097000: Spread take-profit close failed (trying individual legs): {"code":42210000,"message":"qty must be \u003e 0"}
OKLO260130C00097000: take-profit close failed: {"code":40010001,"message":"qty must be \u003e 0"}
Fri Jan 23 10:09:30 CST 2026 - Running auto trader...
2026-01-23 10:09:31 | INFO | 🔌 Circuit Breaker Status: tripped=False, daily_pnl=0.00%, trades_today=0
2026-01-23 10:09:31 | INFO | 📂 Loaded 8 trades from /Users/jakobmccleary/Desktop/Stock Predictor/.monitoring/performance_data.json
2026-01-23 10:09:31 | INFO | 📊 Performance Monitor: 8 historical trades loaded
2026-01-23 10:09:32 | INFO | 💰 Account: equity=$45,388.02, buying_power=$72,840.04, starting_capital=$50,000.00
2026-01-23 10:09:32 | INFO | 📋 Trade Log: 16 trades from /Users/jakobmccleary/Desktop/Stock Predictor/trade_log.json
2026-01-23 10:09:32 | INFO | 📊 Stats: 6 closed | Win Rate: 50.0% | Total P&L: $705.17
2026-01-23 10:09:32 | WARNING | 🚫 Max open positions reached (10/10). No new trades.
AEE260220C00105000: Spread stop-loss close failed (trying individual legs): {"code":42210000,"message":"qty must be \u003e 0"}
AEE260220C00105000: stop-loss close failed: {"code":40310000,"message":"account not eligible to trade uncovered option contracts"}
AEE260220C00110000: Spread stop-loss close failed (trying individual legs): {"code":42210000,"message":"qty must be \u003e 0"}
AEE260220C00110000: stop-loss close failed: {"code":40010001,"message":"qty must be \u003e 0"}
DUK260220C00120000: Spread stop-loss close failed (trying individual legs): {"code":42210000,"message":"qty must be \u003e 0"}
DUK260220C00120000: stop-loss close failed: {"code":40310000,"message":"account not eligible to trade uncovered option contracts"}
DUK260220C00125000: Spread take-profit close failed (trying individual legs): {"code":42210000,"message":"qty must be \u003e 0"}
DUK260220C00125000: take-profit close failed: {"code":40010001,"message":"qty must be \u003e 0"}
OKLO260130C00092000: Spread stop-loss close failed (trying individual legs): {"code":42210000,"message":"qty must be \u003e 0"}
OKLO260130C00092000: stop-loss close failed: {"code":40310000,"message":"account not eligible to trade uncovered option contracts"}
OKLO260130C00097000: Spread take-profit close failed (trying individual legs): {"code":42210000,"message":"qty must be \u003e 0"}
OKLO260130C00097000: take-profit close failed: {"code":40010001,"message":"qty must be \u003e 0"}
Fri Jan 23 10:14:33 CST 2026 - Running auto trader...
2026-01-23 10:14:34 | INFO | 🔌 Circuit Breaker Status: tripped=False, daily_pnl=0.00%, trades_today=0
2026-01-23 10:14:34 | INFO | 📂 Loaded 8 trades from /Users/jakobmccleary/Desktop/Stock Predictor/.monitoring/performance_data.json
2026-01-23 10:14:34 | INFO | 📊 Performance Monitor: 8 historical trades loaded
2026-01-23 10:14:34 | INFO | 💰 Account: equity=$45,412.02, buying_power=$72,834.04, starting_capital=$50,000.00
2026-01-23 10:14:34 | INFO | 📋 Trade Log: 16 trades from /Users/jakobmccleary/Desktop/Stock Predictor/trade_log.json
2026-01-23 10:14:34 | INFO | 📊 Stats: 6 closed | Win Rate: 50.0% | Total P&L: $705.17
2026-01-23 10:14:35 | WARNING | 🚫 Max open positions reached (10/10). No new trades.
AEE260220C00105000: Spread stop-loss close failed (trying individual legs): {"code":42210000,"message":"qty must be \u003e 0"}
AEE260220C00105000: stop-loss close failed: {"code":40310000,"message":"account not eligible to trade uncovered option contracts"}
AEE260220C00110000: Spread stop-loss close failed (trying individual legs): {"code":42210000,"message":"qty must be \u003e 0"}
AEE260220C00110000: stop-loss close failed: {"code":40010001,"message":"qty must be \u003e 0"}
DUK260220C00120000: Spread stop-loss close failed (trying individual legs): {"code":42210000,"message":"qty must be \u003e 0"}
DUK260220C00120000: stop-loss close failed: {"code":40310000,"message":"account not eligible to trade uncovered option contracts"}
DUK260220C00125000: Spread take-profit close failed (trying individual legs): {"code":42210000,"message":"qty must be \u003e 0"}
DUK260220C00125000: take-profit close failed: {"code":40010001,"message":"qty must be \u003e 0"}
OKLO260130C00092000: Spread stop-loss close failed (trying individual legs): {"code":42210000,"message":"qty must be \u003e 0"}
OKLO260130C00092000: stop-loss close failed: {"code":40310000,"message":"account not eligible to trade uncovered option contracts"}
OKLO260130C00097000: Spread take-profit close failed (trying individual legs): {"code":42210000,"message":"qty must be \u003e 0"}
OKLO260130C00097000: take-profit close failed: {"code":40010001,"message":"qty must be \u003e 0"}
Fri Jan 23 10:19:35 CST 2026 - Running auto trader...
2026-01-23 10:19:36 | INFO | 🔌 Circuit Breaker Status: tripped=False, daily_pnl=0.00%, trades_today=0
2026-01-23 10:19:36 | INFO | 📂 Loaded 8 trades from /Users/jakobmccleary/Desktop/Stock Predictor/.monitoring/performance_data.json
2026-01-23 10:19:36 | INFO | 📊 Performance Monitor: 8 historical trades loaded
2026-01-23 10:19:37 | INFO | 💰 Account: equity=$45,411.02, buying_power=$72,848.04, starting_capital=$50,000.00
2026-01-23 10:19:37 | INFO | 📋 Trade Log: 16 trades from /Users/jakobmccleary/Desktop/Stock Predictor/trade_log.json
2026-01-23 10:19:37 | INFO | 📊 Stats: 6 closed | Win Rate: 50.0% | Total P&L: $705.17
2026-01-23 10:19:37 | WARNING | 🚫 Max open positions reached (10/10). No new trades.
AEE260220C00105000: Spread stop-loss close failed (trying individual legs): {"code":42210000,"message":"qty must be \u003e 0"}
AEE260220C00105000: stop-loss close failed: {"code":40310000,"message":"account not eligible to trade uncovered option contracts"}
AEE260220C00110000: Spread stop-loss close failed (trying individual legs): {"code":42210000,"message":"qty must be \u003e 0"}
AEE260220C00110000: stop-loss close failed: {"code":40010001,"message":"qty must be \u003e 0"}
DUK260220C00120000: Spread stop-loss close failed (trying individual legs): {"code":42210000,"message":"qty must be \u003e 0"}
DUK260220C00120000: stop-loss close failed: {"code":40310000,"message":"account not eligible to trade uncovered option contracts"}
DUK260220C00125000: Spread take-profit close failed (trying individual legs): {"code":42210000,"message":"qty must be \u003e 0"}
DUK260220C00125000: take-profit close failed: {"code":40010001,"message":"qty must be \u003e 0"}
OKLO260130C00092000: Spread stop-loss close failed (trying individual legs): {"code":42210000,"message":"qty must be \u003e 0"}
OKLO260130C00092000: stop-loss close failed: {"code":40310000,"message":"account not eligible to trade uncovered option contracts"}
OKLO260130C00097000: Spread take-profit close failed (trying individual legs): {"code":42210000,"message":"qty must be \u003e 0"}
OKLO260130C00097000: take-profit close failed: {"code":40010001,"message":"qty must be \u003e 0"}
Fri Jan 23 10:24:38 CST 2026 - Running auto trader...
2026-01-23 10:24:39 | INFO | 🔌 Circuit Breaker Status: tripped=False, daily_pnl=0.00%, trades_today=0
2026-01-23 10:24:39 | INFO | 📂 Loaded 8 trades from /Users/jakobmccleary/Desktop/Stock Predictor/.monitoring/performance_data.json
2026-01-23 10:24:39 | INFO | 📊 Performance Monitor: 8 historical trades loaded
2026-01-23 10:24:39 | INFO | 💰 Account: equity=$45,352.02, buying_power=$72,818.04, starting_capital=$50,000.00
2026-01-23 10:24:39 | INFO | 📋 Trade Log: 16 trades from /Users/jakobmccleary/Desktop/Stock Predictor/trade_log.json
2026-01-23 10:24:39 | INFO | 📊 Stats: 6 closed | Win Rate: 50.0% | Total P&L: $705.17
2026-01-23 10:24:41 | WARNING | 🚫 Max open positions reached (10/10). No new trades.
AEE260220C00105000: Spread stop-loss close failed (trying individual legs): {"code":42210000,"message":"qty must be \u003e 0"}
AEE260220C00105000: stop-loss close failed: {"code":40310000,"message":"account not eligible to trade uncovered option contracts"}
AEE260220C00110000: Spread stop-loss close failed (trying individual legs): {"code":42210000,"message":"qty must be \u003e 0"}
AEE260220C00110000: stop-loss close failed: {"code":40010001,"message":"qty must be \u003e 0"}
DUK260220C00120000: Spread stop-loss close failed (trying individual legs): {"code":42210000,"message":"qty must be \u003e 0"}
DUK260220C00120000: stop-loss close failed: {"code":40310000,"message":"account not eligible to trade uncovered option contracts"}
DUK260220C00125000: Spread take-profit close failed (trying individual legs): {"code":42210000,"message":"qty must be \u003e 0"}
DUK260220C00125000: take-profit close failed: {"code":40010001,"message":"qty must be \u003e 0"}
OKLO260130C00092000: Spread stop-loss close failed (trying individual legs): {"code":42210000,"message":"qty must be \u003e 0"}
OKLO260130C00092000: stop-loss close failed: {"code":40310000,"message":"account not eligible to trade uncovered option contracts"}
OKLO260130C00097000: Spread take-profit close failed (trying individual legs): {"code":42210000,"message":"qty must be \u003e 0"}
OKLO260130C00097000: take-profit close failed: {"code":40010001,"message":"qty must be \u003e 0"}
Fri Jan 23 10:29:41 CST 2026 - Running auto trader...
2026-01-23 10:29:42 | INFO | 🔌 Circuit Breaker Status: tripped=False, daily_pnl=0.00%, trades_today=0
2026-01-23 10:29:42 | INFO | 📂 Loaded 8 trades from /Users/jakobmccleary/Desktop/Stock Predictor/.monitoring/performance_data.json
2026-01-23 10:29:42 | INFO | 📊 Performance Monitor: 8 historical trades loaded
2026-01-23 10:29:42 | INFO | 💰 Account: equity=$45,388.02, buying_power=$72,848.04, starting_capital=$50,000.00
2026-01-23 10:29:42 | INFO | 📋 Trade Log: 16 trades from /Users/jakobmccleary/Desktop/Stock Predictor/trade_log.json
2026-01-23 10:29:42 | INFO | 📊 Stats: 6 closed | Win Rate: 50.0% | Total P&L: $705.17
2026-01-23 10:29:43 | WARNING | 🚫 Max open positions reached (10/10). No new trades.
AEE260220C00105000: Spread stop-loss close failed (trying individual legs): {"code":42210000,"message":"qty must be \u003e 0"}
AEE260220C00105000: stop-loss close failed: {"code":40310000,"message":"account not eligible to trade uncovered option contracts"}
AEE260220C00110000: Spread stop-loss close failed (trying individual legs): {"code":42210000,"message":"qty must be \u003e 0"}
AEE260220C00110000: stop-loss close failed: {"code":40010001,"message":"qty must be \u003e 0"}
DUK260220C00120000: Spread stop-loss close failed (trying individual legs): {"code":42210000,"message":"qty must be \u003e 0"}
DUK260220C00120000: stop-loss close failed: {"code":40310000,"message":"account not eligible to trade uncovered option contracts"}
DUK260220C00125000: Spread take-profit close failed (trying individual legs): {"code":42210000,"message":"qty must be \u003e 0"}
DUK260220C00125000: take-profit close failed: {"code":40010001,"message":"qty must be \u003e 0"}
OKLO260130C00092000: Spread stop-loss close failed (trying individual legs): {"code":42210000,"message":"qty must be \u003e 0"}
OKLO260130C00092000: stop-loss close failed: {"code":40310000,"message":"account not eligible to trade uncovered option contracts"}
OKLO260130C00097000: Spread take-profit close failed (trying individual legs): {"code":42210000,"message":"qty must be \u003e 0"}
OKLO260130C00097000: take-profit close failed: {"code":40010001,"message":"qty must be \u003e 0"}
Fri Jan 23 11:40:14 CST 2026 - Running auto trader...
2026-01-23 11:40:15 | INFO | 🔌 Circuit Breaker Status: tripped=False, daily_pnl=0.00%, trades_today=0
2026-01-23 11:40:15 | INFO | 📂 Loaded 8 trades from /Users/jakobmccleary/Desktop/Stock Predictor/.monitoring/performance_data.json
2026-01-23 11:40:15 | INFO | 📊 Performance Monitor: 8 historical trades loaded
2026-01-23 11:40:19 | INFO | 💰 Account: equity=$45,547.02, buying_power=$72,932.04, starting_capital=$50,000.00
2026-01-23 11:40:19 | INFO | 📋 Trade Log: 16 trades from /Users/jakobmccleary/Desktop/Stock Predictor/trade_log.json
2026-01-23 11:40:19 | INFO | 📊 Stats: 6 closed | Win Rate: 50.0% | Total P&L: $705.17
2026-01-23 11:40:40 | WARNING | 🚫 Max open positions reached (10/10). No new trades.
AEE260220C00105000: Spread stop-loss close failed (trying individual legs): {"code":42210000,"message":"qty must be \u003e 0"}
AEE260220C00105000: stop-loss close failed: {"code":40310000,"message":"account not eligible to trade uncovered option contracts"}
AEE260220C00110000: Spread stop-loss close failed (trying individual legs): {"code":42210000,"message":"qty must be \u003e 0"}
AEE260220C00110000: stop-loss close failed: {"code":40010001,"message":"qty must be \u003e 0"}
DUK260220C00120000: Spread stop-loss close failed (trying individual legs): {"code":42210000,"message":"qty must be \u003e 0"}
DUK260220C00120000: stop-loss close failed: {"code":40310000,"message":"account not eligible to trade uncovered option contracts"}
DUK260220C00125000: Spread take-profit close failed (trying individual legs): {"code":42210000,"message":"qty must be \u003e 0"}
DUK260220C00125000: take-profit close failed: {"code":40010001,"message":"qty must be \u003e 0"}
OKLO260130C00092000: Spread stop-loss close failed (trying individual legs): {"code":42210000,"message":"qty must be \u003e 0"}
OKLO260130C00092000: stop-loss close failed: {"code":40310000,"message":"account not eligible to trade uncovered option contracts"}
OKLO260130C00097000: Spread take-profit close failed (trying individual legs): {"code":42210000,"message":"qty must be \u003e 0"}
OKLO260130C00097000: take-profit close failed: {"code":40010001,"message":"qty must be \u003e 0"}
Fri Jan 23 12:02:22 CST 2026 - Running auto trader...
2026-01-23 12:02:23 | INFO | 🔌 Circuit Breaker Status: tripped=False, daily_pnl=0.00%, trades_today=0
2026-01-23 12:02:23 | INFO | 📂 Loaded 8 trades from /Users/jakobmccleary/Desktop/Stock Predictor/.monitoring/performance_data.json
2026-01-23 12:02:23 | INFO | 📊 Performance Monitor: 8 historical trades loaded
2026-01-23 12:02:23 | INFO | 💰 Account: equity=$45,585.52, buying_power=$72,903.54, starting_capital=$50,000.00
2026-01-23 12:02:23 | INFO | 📋 Trade Log: 16 trades from /Users/jakobmccleary/Desktop/Stock Predictor/trade_log.json
2026-01-23 12:02:23 | INFO | 📊 Stats: 6 closed | Win Rate: 50.0% | Total P&L: $705.17
2026-01-23 12:02:24 | WARNING | 🚫 Max open positions reached (10/10). No new trades.
AEE260220C00105000: Spread stop-loss close failed (trying individual legs): {"code":42210000,"message":"qty must be \u003e 0"}
AEE260220C00105000: stop-loss close failed: {"code":40310000,"message":"account not eligible to trade uncovered option contracts"}
AEE260220C00110000: Spread stop-loss close failed (trying individual legs): {"code":42210000,"message":"qty must be \u003e 0"}
AEE260220C00110000: stop-loss close failed: {"code":40010001,"message":"qty must be \u003e 0"}
DUK260220C00120000: Spread stop-loss close failed (trying individual legs): {"code":42210000,"message":"qty must be \u003e 0"}
DUK260220C00120000: stop-loss close failed: {"code":40310000,"message":"account not eligible to trade uncovered option contracts"}
DUK260220C00125000: Spread take-profit close failed (trying individual legs): {"code":42210000,"message":"qty must be \u003e 0"}
DUK260220C00125000: take-profit close failed: {"code":40010001,"message":"qty must be \u003e 0"}
OKLO260130C00092000: Spread stop-loss close failed (trying individual legs): {"code":42210000,"message":"qty must be \u003e 0"}
OKLO260130C00092000: stop-loss close failed: {"code":40310000,"message":"account not eligible to trade uncovered option contracts"}
OKLO260130C00097000: Spread take-profit close failed (trying individual legs): {"code":42210000,"message":"qty must be \u003e 0"}
OKLO260130C00097000: take-profit close failed: {"code":40010001,"message":"qty must be \u003e 0"}
Fri Jan 23 12:07:24 CST 2026 - Running auto trader...
2026-01-23 12:07:25 | INFO | 🔌 Circuit Breaker Status: tripped=False, daily_pnl=0.00%, trades_today=0
2026-01-23 12:07:25 | INFO | 📂 Loaded 8 trades from /Users/jakobmccleary/Desktop/Stock Predictor/.monitoring/performance_data.json
2026-01-23 12:07:25 | INFO | 📊 Performance Monitor: 8 historical trades loaded
2026-01-23 12:07:26 | INFO | 💰 Account: equity=$45,540.52, buying_power=$72,883.54, starting_capital=$50,000.00
2026-01-23 12:07:26 | INFO | 📋 Trade Log: 16 trades from /Users/jakobmccleary/Desktop/Stock Predictor/trade_log.json
2026-01-23 12:07:26 | INFO | 📊 Stats: 6 closed | Win Rate: 50.0% | Total P&L: $705.17
2026-01-23 12:07:27 | WARNING | 🚫 Max open positions reached (10/10). No new trades.
AEE260220C00105000: Spread stop-loss close failed (trying individual legs): {"code":42210000,"message":"qty must be \u003e 0"}
AEE260220C00105000: stop-loss close failed: {"code":40310000,"message":"account not eligible to trade uncovered option contracts"}
AEE260220C00110000: Spread stop-loss close failed (trying individual legs): {"code":42210000,"message":"qty must be \u003e 0"}
AEE260220C00110000: stop-loss close failed: {"code":40010001,"message":"qty must be \u003e 0"}
DUK260220C00120000: Spread stop-loss close failed (trying individual legs): {"code":42210000,"message":"qty must be \u003e 0"}
DUK260220C00120000: stop-loss close failed: {"code":40310000,"message":"account not eligible to trade uncovered option contracts"}
DUK260220C00125000: Spread take-profit close failed (trying individual legs): {"code":42210000,"message":"qty must be \u003e 0"}
DUK260220C00125000: take-profit close failed: {"code":40010001,"message":"qty must be \u003e 0"}
OKLO260130C00092000: Spread stop-loss close failed (trying individual legs): {"code":42210000,"message":"qty must be \u003e 0"}
OKLO260130C00092000: stop-loss close failed: {"code":40310000,"message":"account not eligible to trade uncovered option contracts"}
OKLO260130C00097000: Spread take-profit close failed (trying individual legs): {"code":42210000,"message":"qty must be \u003e 0"}
OKLO260130C00097000: take-profit close failed: {"code":40010001,"message":"qty must be \u003e 0"}
Fri Jan 23 12:12:27 CST 2026 - Running auto trader...
2026-01-23 12:12:28 | INFO | 🔌 Circuit Breaker Status: tripped=False, daily_pnl=0.00%, trades_today=0
2026-01-23 12:12:28 | INFO | 📂 Loaded 8 trades from /Users/jakobmccleary/Desktop/Stock Predictor/.monitoring/performance_data.json
2026-01-23 12:12:28 | INFO | 📊 Performance Monitor: 8 historical trades loaded
2026-01-23 12:12:29 | INFO | 💰 Account: equity=$45,562.52, buying_power=$72,873.54, starting_capital=$50,000.00
2026-01-23 12:12:29 | INFO | 📋 Trade Log: 16 trades from /Users/jakobmccleary/Desktop/Stock Predictor/trade_log.json
2026-01-23 12:12:29 | INFO | 📊 Stats: 6 closed | Win Rate: 50.0% | Total P&L: $705.17
2026-01-23 12:12:30 | WARNING | 🚫 Max open positions reached (10/10). No new trades.
AEE260220C00105000: Spread stop-loss close failed (trying individual legs): {"code":42210000,"message":"qty must be \u003e 0"}
AEE260220C00105000: stop-loss close failed: {"code":40310000,"message":"account not eligible to trade uncovered option contracts"}
AEE260220C00110000: Spread stop-loss close failed (trying individual legs): {"code":42210000,"message":"qty must be \u003e 0"}
AEE260220C00110000: stop-loss close failed: {"code":40010001,"message":"qty must be \u003e 0"}
DUK260220C00120000: Spread stop-loss close failed (trying individual legs): {"code":42210000,"message":"qty must be \u003e 0"}
DUK260220C00120000: stop-loss close failed: {"code":40310000,"message":"account not eligible to trade uncovered option contracts"}
DUK260220C00125000: Spread take-profit close failed (trying individual legs): {"code":42210000,"message":"qty must be \u003e 0"}
DUK260220C00125000: take-profit close failed: {"code":40010001,"message":"qty must be \u003e 0"}
OKLO260130C00092000: Spread stop-loss close failed (trying individual legs): {"code":42210000,"message":"qty must be \u003e 0"}
OKLO260130C00092000: stop-loss close failed: {"code":40310000,"message":"account not eligible to trade uncovered option contracts"}
OKLO260130C00097000: Spread take-profit close failed (trying individual legs): {"code":42210000,"message":"qty must be \u003e 0"}
OKLO260130C00097000: take-profit close failed: {"code":40010001,"message":"qty must be \u003e 0"}
Fri Jan 23 12:17:31 CST 2026 - Running auto trader...
2026-01-23 12:17:32 | INFO | 🔌 Circuit Breaker Status: tripped=False, daily_pnl=0.00%, trades_today=0
2026-01-23 12:17:32 | INFO | 📂 Loaded 8 trades from /Users/jakobmccleary/Desktop/Stock Predictor/.monitoring/performance_data.json
2026-01-23 12:17:32 | INFO | 📊 Performance Monitor: 8 historical trades loaded
2026-01-23 12:17:32 | INFO | 💰 Account: equity=$45,572.02, buying_power=$72,888.04, starting_capital=$50,000.00
2026-01-23 12:17:32 | INFO | 📋 Trade Log: 16 trades from /Users/jakobmccleary/Desktop/Stock Predictor/trade_log.json
2026-01-23 12:17:32 | INFO | 📊 Stats: 6 closed | Win Rate: 50.0% | Total P&L: $705.17
2026-01-23 12:17:33 | WARNING | 🚫 Max open positions reached (10/10). No new trades.
AEE260220C00105000: Spread stop-loss close failed (trying individual legs): {"code":42210000,"message":"qty must be \u003e 0"}
AEE260220C00105000: stop-loss close failed: {"code":40310000,"message":"account not eligible to trade uncovered option contracts"}
AEE260220C00110000: Spread stop-loss close failed (trying individual legs): {"code":42210000,"message":"qty must be \u003e 0"}
AEE260220C00110000: stop-loss close failed: {"code":40010001,"message":"qty must be \u003e 0"}
DUK260220C00120000: Spread stop-loss close failed (trying individual legs): {"code":42210000,"message":"qty must be \u003e 0"}
DUK260220C00120000: stop-loss close failed: {"code":40310000,"message":"account not eligible to trade uncovered option contracts"}
DUK260220C00125000: Spread take-profit close failed (trying individual legs): {"code":42210000,"message":"qty must be \u003e 0"}
DUK260220C00125000: take-profit close failed: {"code":40010001,"message":"qty must be \u003e 0"}
OKLO260130C00092000: Spread stop-loss close failed (trying individual legs): {"code":42210000,"message":"qty must be \u003e 0"}
OKLO260130C00092000: stop-loss close failed: {"code":40310000,"message":"account not eligible to trade uncovered option contracts"}
OKLO260130C00097000: Spread take-profit close failed (trying individual legs): {"code":42210000,"message":"qty must be \u003e 0"}
OKLO260130C00097000: take-profit close failed: {"code":40010001,"message":"qty must be \u003e 0"}
Fri Jan 23 12:22:33 CST 2026 - Running auto trader...
2026-01-23 12:22:34 | INFO | 🔌 Circuit Breaker Status: tripped=False, daily_pnl=0.00%, trades_today=0
2026-01-23 12:22:34 | INFO | 📂 Loaded 8 trades from /Users/jakobmccleary/Desktop/Stock Predictor/.monitoring/performance_data.json
2026-01-23 12:22:34 | INFO | 📊 Performance Monitor: 8 historical trades loaded
2026-01-23 12:22:34 | INFO | 💰 Account: equity=$45,603.02, buying_power=$72,893.04, starting_capital=$50,000.00
2026-01-23 12:22:34 | INFO | 📋 Trade Log: 16 trades from /Users/jakobmccleary/Desktop/Stock Predictor/trade_log.json
2026-01-23 12:22:34 | INFO | 📊 Stats: 6 closed | Win Rate: 50.0% | Total P&L: $705.17
2026-01-23 12:22:35 | WARNING | 🚫 Max open positions reached (10/10). No new trades.
AEE260220C00105000: Spread stop-loss close failed (trying individual legs): {"code":42210000,"message":"qty must be \u003e 0"}
AEE260220C00105000: stop-loss close failed: {"code":40310000,"message":"account not eligible to trade uncovered option contracts"}
AEE260220C00110000: Spread stop-loss close failed (trying individual legs): {"code":42210000,"message":"qty must be \u003e 0"}
AEE260220C00110000: stop-loss close failed: {"code":40010001,"message":"qty must be \u003e 0"}
DUK260220C00120000: Spread stop-loss close failed (trying individual legs): {"code":42210000,"message":"qty must be \u003e 0"}
DUK260220C00120000: stop-loss close failed: {"code":40310000,"message":"account not eligible to trade uncovered option contracts"}
DUK260220C00125000: Spread take-profit close failed (trying individual legs): {"code":42210000,"message":"qty must be \u003e 0"}
DUK260220C00125000: take-profit close failed: {"code":40010001,"message":"qty must be \u003e 0"}
OKLO260130C00092000: Spread stop-loss close failed (trying individual legs): {"code":42210000,"message":"qty must be \u003e 0"}
OKLO260130C00092000: stop-loss close failed: {"code":40310000,"message":"account not eligible to trade uncovered option contracts"}
OKLO260130C00097000: Spread take-profit close failed (trying individual legs): {"code":42210000,"message":"qty must be \u003e 0"}
OKLO260130C00097000: take-profit close failed: {"code":40010001,"message":"qty must be \u003e 0"}
Fri Jan 23 12:27:35 CST 2026 - Running auto trader...
2026-01-23 12:27:36 | INFO | 🔌 Circuit Breaker Status: tripped=False, daily_pnl=0.00%, trades_today=0
2026-01-23 12:27:36 | INFO | 📂 Loaded 8 trades from /Users/jakobmccleary/Desktop/Stock Predictor/.monitoring/performance_data.json
2026-01-23 12:27:36 | INFO | 📊 Performance Monitor: 8 historical trades loaded
2026-01-23 12:27:37 | INFO | 💰 Account: equity=$45,715.02, buying_power=$72,867.04, starting_capital=$50,000.00
2026-01-23 12:27:37 | INFO | 📋 Trade Log: 16 trades from /Users/jakobmccleary/Desktop/Stock Predictor/trade_log.json
2026-01-23 12:27:37 | INFO | 📊 Stats: 6 closed | Win Rate: 50.0% | Total P&L: $705.17
2026-01-23 12:27:37 | WARNING | 🚫 Max open positions reached (10/10). No new trades.
AEE260220C00105000: Spread stop-loss close failed (trying individual legs): {"code":42210000,"message":"qty must be \u003e 0"}
AEE260220C00105000: stop-loss close failed: {"code":40310000,"message":"account not eligible to trade uncovered option contracts"}
AEE260220C00110000: Spread stop-loss close failed (trying individual legs): {"code":42210000,"message":"qty must be \u003e 0"}
AEE260220C00110000: stop-loss close failed: {"code":40010001,"message":"qty must be \u003e 0"}
DUK260220C00120000: Spread stop-loss close failed (trying individual legs): {"code":42210000,"message":"qty must be \u003e 0"}
DUK260220C00120000: stop-loss close failed: {"code":40310000,"message":"account not eligible to trade uncovered option contracts"}
DUK260220C00125000: Spread take-profit close failed (trying individual legs): {"code":42210000,"message":"qty must be \u003e 0"}
DUK260220C00125000: take-profit close failed: {"code":40010001,"message":"qty must be \u003e 0"}
OKLO260130C00092000: Spread stop-loss close failed (trying individual legs): {"code":42210000,"message":"qty must be \u003e 0"}
OKLO260130C00092000: stop-loss close failed: {"code":40310000,"message":"account not eligible to trade uncovered option contracts"}
OKLO260130C00097000: Spread take-profit close failed (trying individual legs): {"code":42210000,"message":"qty must be \u003e 0"}
OKLO260130C00097000: take-profit close failed: {"code":40010001,"message":"qty must be \u003e 0"}
Fri Jan 23 12:32:38 CST 2026 - Running auto trader...
2026-01-23 12:32:39 | INFO | 🔌 Circuit Breaker Status: tripped=False, daily_pnl=0.00%, trades_today=0
2026-01-23 12:32:39 | INFO | 📂 Loaded 8 trades from /Users/jakobmccleary/Desktop/Stock Predictor/.monitoring/performance_data.json
2026-01-23 12:32:39 | INFO | 📊 Performance Monitor: 8 historical trades loaded
2026-01-23 12:32:39 | INFO | 💰 Account: equity=$45,702.02, buying_power=$72,878.04, starting_capital=$50,000.00
2026-01-23 12:32:39 | INFO | 📋 Trade Log: 16 trades from /Users/jakobmccleary/Desktop/Stock Predictor/trade_log.json
2026-01-23 12:32:39 | INFO | 📊 Stats: 6 closed | Win Rate: 50.0% | Total P&L: $705.17
2026-01-23 12:32:40 | WARNING | 🚫 Max open positions reached (10/10). No new trades.
AEE260220C00105000: Spread stop-loss close failed (trying individual legs): {"code":42210000,"message":"qty must be \u003e 0"}
AEE260220C00105000: stop-loss close failed: {"code":40310000,"message":"account not eligible to trade uncovered option contracts"}
AEE260220C00110000: Spread stop-loss close failed (trying individual legs): {"code":42210000,"message":"qty must be \u003e 0"}
AEE260220C00110000: stop-loss close failed: {"code":40010001,"message":"qty must be \u003e 0"}
DUK260220C00120000: Spread stop-loss close failed (trying individual legs): {"code":42210000,"message":"qty must be \u003e 0"}
DUK260220C00120000: stop-loss close failed: {"code":40310000,"message":"account not eligible to trade uncovered option contracts"}
DUK260220C00125000: Spread take-profit close failed (trying individual legs): {"code":42210000,"message":"qty must be \u003e 0"}
DUK260220C00125000: take-profit close failed: {"code":40010001,"message":"qty must be \u003e 0"}
OKLO260130C00092000: Spread stop-loss close failed (trying individual legs): {"code":42210000,"message":"qty must be \u003e 0"}
OKLO260130C00092000: stop-loss close failed: {"code":40310000,"message":"account not eligible to trade uncovered option contracts"}
OKLO260130C00097000: Spread take-profit close failed (trying individual legs): {"code":42210000,"message":"qty must be \u003e 0"}
OKLO260130C00097000: take-profit close failed: {"code":40010001,"message":"qty must be \u003e 0"}
Fri Jan 23 12:37:40 CST 2026 - Running auto trader...
2026-01-23 12:37:41 | INFO | 🔌 Circuit Breaker Status: tripped=False, daily_pnl=0.00%, trades_today=0
2026-01-23 12:37:41 | INFO | 📂 Loaded 8 trades from /Users/jakobmccleary/Desktop/Stock Predictor/.monitoring/performance_data.json
2026-01-23 12:37:41 | INFO | 📊 Performance Monitor: 8 historical trades loaded
2026-01-23 12:37:41 | INFO | 💰 Account: equity=$45,674.02, buying_power=$72,863.04, starting_capital=$50,000.00
2026-01-23 12:37:41 | INFO | 📋 Trade Log: 16 trades from /Users/jakobmccleary/Desktop/Stock Predictor/trade_log.json
2026-01-23 12:37:41 | INFO | 📊 Stats: 6 closed | Win Rate: 50.0% | Total P&L: $705.17
2026-01-23 12:37:42 | WARNING | 🚫 Max open positions reached (10/10). No new trades.
AEE260220C00105000: Spread stop-loss close failed (trying individual legs): {"code":42210000,"message":"qty must be \u003e 0"}
AEE260220C00105000: stop-loss close failed: {"code":40310000,"message":"account not eligible to trade uncovered option contracts"}
AEE260220C00110000: Spread stop-loss close failed (trying individual legs): {"code":42210000,"message":"qty must be \u003e 0"}
AEE260220C00110000: stop-loss close failed: {"code":40010001,"message":"qty must be \u003e 0"}
DUK260220C00120000: Spread stop-loss close failed (trying individual legs): {"code":42210000,"message":"qty must be \u003e 0"}
DUK260220C00120000: stop-loss close failed: {"code":40310000,"message":"account not eligible to trade uncovered option contracts"}
DUK260220C00125000: Spread take-profit close failed (trying individual legs): {"code":42210000,"message":"qty must be \u003e 0"}
DUK260220C00125000: take-profit close failed: {"code":40010001,"message":"qty must be \u003e 0"}
OKLO260130C00092000: Spread stop-loss close failed (trying individual legs): {"code":42210000,"message":"qty must be \u003e 0"}
OKLO260130C00092000: stop-loss close failed: {"code":40310000,"message":"account not eligible to trade uncovered option contracts"}
OKLO260130C00097000: Spread take-profit close failed (trying individual legs): {"code":42210000,"message":"qty must be \u003e 0"}
OKLO260130C00097000: take-profit close failed: {"code":40010001,"message":"qty must be \u003e 0"}
Fri Jan 23 12:42:43 CST 2026 - Running auto trader...
2026-01-23 12:42:44 | INFO | 🔌 Circuit Breaker Status: tripped=False, daily_pnl=0.00%, trades_today=0
2026-01-23 12:42:44 | INFO | 📂 Loaded 8 trades from /Users/jakobmccleary/Desktop/Stock Predictor/.monitoring/performance_data.json
2026-01-23 12:42:44 | INFO | 📊 Performance Monitor: 8 historical trades loaded
2026-01-23 12:42:45 | INFO | 💰 Account: equity=$45,662.52, buying_power=$72,846.54, starting_capital=$50,000.00
2026-01-23 12:42:45 | INFO | 📋 Trade Log: 16 trades from /Users/jakobmccleary/Desktop/Stock Predictor/trade_log.json
2026-01-23 12:42:45 | INFO | 📊 Stats: 6 closed | Win Rate: 50.0% | Total P&L: $705.17
2026-01-23 12:42:47 | WARNING | 🚫 Max open positions reached (10/10). No new trades.
AEE260220C00105000: Spread stop-loss close failed (trying individual legs): {"code":42210000,"message":"qty must be \u003e 0"}
AEE260220C00105000: stop-loss close failed: {"code":40310000,"message":"account not eligible to trade uncovered option contracts"}
AEE260220C00110000: Spread stop-loss close failed (trying individual legs): {"code":42210000,"message":"qty must be \u003e 0"}
AEE260220C00110000: stop-loss close failed: {"code":40010001,"message":"qty must be \u003e 0"}
DUK260220C00120000: Spread stop-loss close failed (trying individual legs): {"code":42210000,"message":"qty must be \u003e 0"}
DUK260220C00120000: stop-loss close failed: {"code":40310000,"message":"account not eligible to trade uncovered option contracts"}
DUK260220C00125000: Spread take-profit close failed (trying individual legs): {"code":42210000,"message":"qty must be \u003e 0"}
DUK260220C00125000: take-profit close failed: {"code":40010001,"message":"qty must be \u003e 0"}
OKLO260130C00092000: Spread stop-loss close failed (trying individual legs): {"code":42210000,"message":"qty must be \u003e 0"}
OKLO260130C00092000: stop-loss close failed: {"code":40310000,"message":"account not eligible to trade uncovered option contracts"}
OKLO260130C00097000: Spread take-profit close failed (trying individual legs): {"code":42210000,"message":"qty must be \u003e 0"}
OKLO260130C00097000: take-profit close failed: {"code":40010001,"message":"qty must be \u003e 0"}
Fri Jan 23 12:47:47 CST 2026 - Running auto trader...
2026-01-23 12:47:49 | INFO | 🔌 Circuit Breaker Status: tripped=False, daily_pnl=0.00%, trades_today=0
2026-01-23 12:47:49 | INFO | 📂 Loaded 8 trades from /Users/jakobmccleary/Desktop/Stock Predictor/.monitoring/performance_data.json
2026-01-23 12:47:49 | INFO | 📊 Performance Monitor: 8 historical trades loaded
2026-01-23 12:47:49 | INFO | 💰 Account: equity=$45,629.02, buying_power=$72,833.04, starting_capital=$50,000.00
2026-01-23 12:47:49 | INFO | 📋 Trade Log: 16 trades from /Users/jakobmccleary/Desktop/Stock Predictor/trade_log.json
2026-01-23 12:47:49 | INFO | 📊 Stats: 6 closed | Win Rate: 50.0% | Total P&L: $705.17
2026-01-23 12:47:50 | WARNING | 🚫 Max open positions reached (10/10). No new trades.
AEE260220C00105000: Spread stop-loss close failed (trying individual legs): {"code":42210000,"message":"qty must be \u003e 0"}
AEE260220C00105000: stop-loss close failed: {"code":40310000,"message":"account not eligible to trade uncovered option contracts"}
AEE260220C00110000: Spread stop-loss close failed (trying individual legs): {"code":42210000,"message":"qty must be \u003e 0"}
AEE260220C00110000: stop-loss close failed: {"code":40010001,"message":"qty must be \u003e 0"}
DUK260220C00120000: Spread stop-loss close failed (trying individual legs): {"code":42210000,"message":"qty must be \u003e 0"}
DUK260220C00120000: stop-loss close failed: {"code":40310000,"message":"account not eligible to trade uncovered option contracts"}
DUK260220C00125000: Spread take-profit close failed (trying individual legs): {"code":42210000,"message":"qty must be \u003e 0"}
DUK260220C00125000: take-profit close failed: {"code":40010001,"message":"qty must be \u003e 0"}
OKLO260130C00092000: Spread stop-loss close failed (trying individual legs): {"code":42210000,"message":"qty must be \u003e 0"}
OKLO260130C00092000: stop-loss close failed: {"code":40310000,"message":"account not eligible to trade uncovered option contracts"}
OKLO260130C00097000: Spread take-profit close failed (trying individual legs): {"code":42210000,"message":"qty must be \u003e 0"}
OKLO260130C00097000: take-profit close failed: {"code":40010001,"message":"qty must be \u003e 0"}
Fri Jan 23 12:52:50 CST 2026 - Running auto trader...
2026-01-23 12:52:51 | INFO | 🔌 Circuit Breaker Status: tripped=False, daily_pnl=0.00%, trades_today=0
2026-01-23 12:52:51 | INFO | 📂 Loaded 8 trades from /Users/jakobmccleary/Desktop/Stock Predictor/.monitoring/performance_data.json
2026-01-23 12:52:51 | INFO | 📊 Performance Monitor: 8 historical trades loaded
2026-01-23 12:52:51 | INFO | 💰 Account: equity=$45,649.02, buying_power=$72,853.04, starting_capital=$50,000.00
2026-01-23 12:52:51 | INFO | 📋 Trade Log: 16 trades from /Users/jakobmccleary/Desktop/Stock Predictor/trade_log.json
2026-01-23 12:52:51 | INFO | 📊 Stats: 6 closed | Win Rate: 50.0% | Total P&L: $705.17
2026-01-23 12:52:52 | WARNING | 🚫 Max open positions reached (10/10). No new trades.
AEE260220C00105000: Spread stop-loss close failed (trying individual legs): {"code":42210000,"message":"qty must be \u003e 0"}
AEE260220C00105000: stop-loss close failed: {"code":40310000,"message":"account not eligible to trade uncovered option contracts"}
AEE260220C00110000: Spread stop-loss close failed (trying individual legs): {"code":42210000,"message":"qty must be \u003e 0"}
AEE260220C00110000: stop-loss close failed: {"code":40010001,"message":"qty must be \u003e 0"}
DUK260220C00120000: Spread stop-loss close failed (trying individual legs): {"code":42210000,"message":"qty must be \u003e 0"}
DUK260220C00120000: stop-loss close failed: {"code":40310000,"message":"account not eligible to trade uncovered option contracts"}
DUK260220C00125000: Spread take-profit close failed (trying individual legs): {"code":42210000,"message":"qty must be \u003e 0"}
DUK260220C00125000: take-profit close failed: {"code":40010001,"message":"qty must be \u003e 0"}
OKLO260130C00092000: Spread stop-loss close failed (trying individual legs): {"code":42210000,"message":"qty must be \u003e 0"}
OKLO260130C00092000: stop-loss close failed: {"code":40310000,"message":"account not eligible to trade uncovered option contracts"}
OKLO260130C00097000: Spread take-profit close failed (trying individual legs): {"code":42210000,"message":"qty must be \u003e 0"}
OKLO260130C00097000: take-profit close failed: {"code":40010001,"message":"qty must be \u003e 0"}
Fri Jan 23 12:57:52 CST 2026 - Running auto trader...
2026-01-23 12:57:54 | INFO | 🔌 Circuit Breaker Status: tripped=False, daily_pnl=0.00%, trades_today=0
2026-01-23 12:57:54 | INFO | 📂 Loaded 8 trades from /Users/jakobmccleary/Desktop/Stock Predictor/.monitoring/performance_data.json
2026-01-23 12:57:54 | INFO | 📊 Performance Monitor: 8 historical trades loaded
2026-01-23 12:57:54 | INFO | 💰 Account: equity=$45,620.02, buying_power=$72,836.04, starting_capital=$50,000.00
2026-01-23 12:57:54 | INFO | 📋 Trade Log: 16 trades from /Users/jakobmccleary/Desktop/Stock Predictor/trade_log.json
2026-01-23 12:57:54 | INFO | 📊 Stats: 6 closed | Win Rate: 50.0% | Total P&L: $705.17
2026-01-23 12:57:55 | WARNING | 🚫 Max open positions reached (10/10). No new trades.
AEE260220C00105000: Spread stop-loss close failed (trying individual legs): {"code":42210000,"message":"qty must be \u003e 0"}
AEE260220C00105000: stop-loss close failed: {"code":40310000,"message":"account not eligible to trade uncovered option contracts"}
AEE260220C00110000: Spread stop-loss close failed (trying individual legs): {"code":42210000,"message":"qty must be \u003e 0"}
AEE260220C00110000: stop-loss close failed: {"code":40010001,"message":"qty must be \u003e 0"}
DUK260220C00120000: Spread stop-loss close failed (trying individual legs): {"code":42210000,"message":"qty must be \u003e 0"}
DUK260220C00120000: stop-loss close failed: {"code":40310000,"message":"account not eligible to trade uncovered option contracts"}
DUK260220C00125000: Spread take-profit close failed (trying individual legs): {"code":42210000,"message":"qty must be \u003e 0"}
DUK260220C00125000: take-profit close failed: {"code":40010001,"message":"qty must be \u003e 0"}
OKLO260130C00092000: Spread stop-loss close failed (trying individual legs): {"code":42210000,"message":"qty must be \u003e 0"}
OKLO260130C00092000: stop-loss close failed: {"code":40310000,"message":"account not eligible to trade uncovered option contracts"}
OKLO260130C00097000: Spread take-profit close failed (trying individual legs): {"code":42210000,"message":"qty must be \u003e 0"}
OKLO260130C00097000: take-profit close failed: {"code":40010001,"message":"qty must be \u003e 0"}
Fri Jan 23 13:02:56 CST 2026 - Running auto trader...
2026-01-23 13:02:57 | INFO | 🔌 Circuit Breaker Status: tripped=False, daily_pnl=0.00%, trades_today=0
2026-01-23 13:02:57 | INFO | 📂 Loaded 8 trades from /Users/jakobmccleary/Desktop/Stock Predictor/.monitoring/performance_data.json
2026-01-23 13:02:57 | INFO | 📊 Performance Monitor: 8 historical trades loaded
2026-01-23 13:02:57 | INFO | 💰 Account: equity=$45,596.02, buying_power=$72,833.04, starting_capital=$50,000.00
2026-01-23 13:02:57 | INFO | 📋 Trade Log: 16 trades from /Users/jakobmccleary/Desktop/Stock Predictor/trade_log.json
2026-01-23 13:02:57 | INFO | 📊 Stats: 6 closed | Win Rate: 50.0% | Total P&L: $705.17
2026-01-23 13:02:58 | WARNING | 🚫 Max open positions reached (10/10). No new trades.
AEE260220C00105000: Spread stop-loss close failed (trying individual legs): {"code":42210000,"message":"qty must be \u003e 0"}
AEE260220C00105000: stop-loss close failed: {"code":40310000,"message":"account not eligible to trade uncovered option contracts"}
AEE260220C00110000: Spread stop-loss close failed (trying individual legs): {"code":42210000,"message":"qty must be \u003e 0"}
AEE260220C00110000: stop-loss close failed: {"code":40010001,"message":"qty must be \u003e 0"}
DUK260220C00120000: Spread stop-loss close failed (trying individual legs): {"code":42210000,"message":"qty must be \u003e 0"}
DUK260220C00120000: stop-loss close failed: {"code":40310000,"message":"account not eligible to trade uncovered option contracts"}
DUK260220C00125000: Spread take-profit close failed (trying individual legs): {"code":42210000,"message":"qty must be \u003e 0"}
DUK260220C00125000: take-profit close failed: {"code":40010001,"message":"qty must be \u003e 0"}
OKLO260130C00092000: Spread stop-loss close failed (trying individual legs): {"code":42210000,"message":"qty must be \u003e 0"}
OKLO260130C00092000: stop-loss close failed: {"code":40310000,"message":"account not eligible to trade uncovered option contracts"}
OKLO260130C00097000: Spread take-profit close failed (trying individual legs): {"code":42210000,"message":"qty must be \u003e 0"}
OKLO260130C00097000: take-profit close failed: {"code":40010001,"message":"qty must be \u003e 0"}
Fri Jan 23 13:07:58 CST 2026 - Running auto trader...
2026-01-23 13:07:59 | INFO | 🔌 Circuit Breaker Status: tripped=False, daily_pnl=0.00%, trades_today=0
2026-01-23 13:07:59 | INFO | 📂 Loaded 8 trades from /Users/jakobmccleary/Desktop/Stock Predictor/.monitoring/performance_data.json
2026-01-23 13:07:59 | INFO | 📊 Performance Monitor: 8 historical trades loaded
2026-01-23 13:07:59 | INFO | 💰 Account: equity=$45,650.02, buying_power=$72,842.04, starting_capital=$50,000.00
2026-01-23 13:07:59 | INFO | 📋 Trade Log: 16 trades from /Users/jakobmccleary/Desktop/Stock Predictor/trade_log.json
2026-01-23 13:07:59 | INFO | 📊 Stats: 6 closed | Win Rate: 50.0% | Total P&L: $705.17
2026-01-23 13:08:00 | WARNING | 🚫 Max open positions reached (10/10). No new trades.
AEE260220C00105000: Spread stop-loss close failed (trying individual legs): {"code":42210000,"message":"qty must be \u003e 0"}
AEE260220C00105000: stop-loss close failed: {"code":40310000,"message":"account not eligible to trade uncovered option contracts"}
AEE260220C00110000: Spread stop-loss close failed (trying individual legs): {"code":42210000,"message":"qty must be \u003e 0"}
AEE260220C00110000: stop-loss close failed: {"code":40010001,"message":"qty must be \u003e 0"}
DUK260220C00120000: Spread stop-loss close failed (trying individual legs): {"code":42210000,"message":"qty must be \u003e 0"}
DUK260220C00120000: stop-loss close failed: {"code":40310000,"message":"account not eligible to trade uncovered option contracts"}
DUK260220C00125000: Spread take-profit close failed (trying individual legs): {"code":42210000,"message":"qty must be \u003e 0"}
DUK260220C00125000: take-profit close failed: {"code":40010001,"message":"qty must be \u003e 0"}
OKLO260130C00092000: Spread stop-loss close failed (trying individual legs): {"code":42210000,"message":"qty must be \u003e 0"}
OKLO260130C00092000: stop-loss close failed: {"code":40310000,"message":"account not eligible to trade uncovered option contracts"}
OKLO260130C00097000: Spread take-profit close failed (trying individual legs): {"code":42210000,"message":"qty must be \u003e 0"}
OKLO260130C00097000: take-profit close failed: {"code":40010001,"message":"qty must be \u003e 0"}
Fri Jan 23 13:13:00 CST 2026 - Running auto trader...
2026-01-23 13:13:02 | INFO | 🔌 Circuit Breaker Status: tripped=False, daily_pnl=0.00%, trades_today=0
2026-01-23 13:13:02 | INFO | 📂 Loaded 8 trades from /Users/jakobmccleary/Desktop/Stock Predictor/.monitoring/performance_data.json
2026-01-23 13:13:02 | INFO | 📊 Performance Monitor: 8 historical trades loaded
2026-01-23 13:13:02 | INFO | 💰 Account: equity=$45,633.02, buying_power=$72,837.04, starting_capital=$50,000.00
2026-01-23 13:13:02 | INFO | 📋 Trade Log: 16 trades from /Users/jakobmccleary/Desktop/Stock Predictor/trade_log.json
2026-01-23 13:13:02 | INFO | 📊 Stats: 6 closed | Win Rate: 50.0% | Total P&L: $705.17
2026-01-23 13:13:03 | WARNING | 🚫 Max open positions reached (10/10). No new trades.
AEE260220C00105000: Spread stop-loss close failed (trying individual legs): {"code":42210000,"message":"qty must be \u003e 0"}
AEE260220C00105000: stop-loss close failed: {"code":40310000,"message":"account not eligible to trade uncovered option contracts"}
AEE260220C00110000: Spread stop-loss close failed (trying individual legs): {"code":42210000,"message":"qty must be \u003e 0"}
AEE260220C00110000: stop-loss close failed: {"code":40010001,"message":"qty must be \u003e 0"}
DUK260220C00120000: Spread stop-loss close failed (trying individual legs): {"code":42210000,"message":"qty must be \u003e 0"}
DUK260220C00120000: stop-loss close failed: {"code":40310000,"message":"account not eligible to trade uncovered option contracts"}
DUK260220C00125000: Spread take-profit close failed (trying individual legs): {"code":42210000,"message":"qty must be \u003e 0"}
DUK260220C00125000: take-profit close failed: {"code":40010001,"message":"qty must be \u003e 0"}
OKLO260130C00092000: Spread stop-loss close failed (trying individual legs): {"code":42210000,"message":"qty must be \u003e 0"}
OKLO260130C00092000: stop-loss close failed: {"code":40310000,"message":"account not eligible to trade uncovered option contracts"}
OKLO260130C00097000: Spread take-profit close failed (trying individual legs): {"code":42210000,"message":"qty must be \u003e 0"}
OKLO260130C00097000: take-profit close failed: {"code":40010001,"message":"qty must be \u003e 0"}
Fri Jan 23 13:18:03 CST 2026 - Running auto trader...
2026-01-23 13:18:04 | INFO | 🔌 Circuit Breaker Status: tripped=False, daily_pnl=0.00%, trades_today=0
2026-01-23 13:18:04 | INFO | 📂 Loaded 8 trades from /Users/jakobmccleary/Desktop/Stock Predictor/.monitoring/performance_data.json
2026-01-23 13:18:04 | INFO | 📊 Performance Monitor: 8 historical trades loaded
2026-01-23 13:18:05 | INFO | 💰 Account: equity=$45,678.02, buying_power=$72,841.04, starting_capital=$50,000.00
2026-01-23 13:18:05 | INFO | 📋 Trade Log: 16 trades from /Users/jakobmccleary/Desktop/Stock Predictor/trade_log.json
2026-01-23 13:18:05 | INFO | 📊 Stats: 6 closed | Win Rate: 50.0% | Total P&L: $705.17
2026-01-23 13:18:06 | WARNING | 🚫 Max open positions reached (10/10). No new trades.
AEE260220C00105000: Spread stop-loss close failed (trying individual legs): {"code":42210000,"message":"qty must be \u003e 0"}
AEE260220C00105000: stop-loss close failed: {"code":40310000,"message":"account not eligible to trade uncovered option contracts"}
AEE260220C00110000: Spread stop-loss close failed (trying individual legs): {"code":42210000,"message":"qty must be \u003e 0"}
AEE260220C00110000: stop-loss close failed: {"code":40010001,"message":"qty must be \u003e 0"}
DUK260220C00120000: Spread stop-loss close failed (trying individual legs): {"code":42210000,"message":"qty must be \u003e 0"}
DUK260220C00120000: stop-loss close failed: {"code":40310000,"message":"account not eligible to trade uncovered option contracts"}
DUK260220C00125000: Spread take-profit close failed (trying individual legs): {"code":42210000,"message":"qty must be \u003e 0"}
DUK260220C00125000: take-profit close failed: {"code":40010001,"message":"qty must be \u003e 0"}
OKLO260130C00092000: Spread stop-loss close failed (trying individual legs): {"code":42210000,"message":"qty must be \u003e 0"}
OKLO260130C00092000: stop-loss close failed: {"code":40310000,"message":"account not eligible to trade uncovered option contracts"}
OKLO260130C00097000: Spread take-profit close failed (trying individual legs): {"code":42210000,"message":"qty must be \u003e 0"}
OKLO260130C00097000: take-profit close failed: {"code":40010001,"message":"qty must be \u003e 0"}
Fri Jan 23 13:23:06 CST 2026 - Running auto trader...
2026-01-23 13:23:07 | INFO | 🔌 Circuit Breaker Status: tripped=False, daily_pnl=0.00%, trades_today=0
2026-01-23 13:23:07 | INFO | 📂 Loaded 8 trades from /Users/jakobmccleary/Desktop/Stock Predictor/.monitoring/performance_data.json
2026-01-23 13:23:07 | INFO | 📊 Performance Monitor: 8 historical trades loaded
2026-01-23 13:23:08 | INFO | 💰 Account: equity=$45,657.02, buying_power=$72,850.04, starting_capital=$50,000.00
2026-01-23 13:23:08 | INFO | 📋 Trade Log: 16 trades from /Users/jakobmccleary/Desktop/Stock Predictor/trade_log.json
2026-01-23 13:23:08 | INFO | 📊 Stats: 6 closed | Win Rate: 50.0% | Total P&L: $705.17
2026-01-23 13:23:09 | WARNING | 🚫 Max open positions reached (10/10). No new trades.
AEE260220C00105000: Spread stop-loss close failed (trying individual legs): {"code":42210000,"message":"qty must be \u003e 0"}
AEE260220C00105000: stop-loss close failed: {"code":40310000,"message":"account not eligible to trade uncovered option contracts"}
AEE260220C00110000: Spread stop-loss close failed (trying individual legs): {"code":42210000,"message":"qty must be \u003e 0"}
AEE260220C00110000: stop-loss close failed: {"code":40010001,"message":"qty must be \u003e 0"}
DUK260220C00120000: Spread stop-loss close failed (trying individual legs): {"code":42210000,"message":"qty must be \u003e 0"}
DUK260220C00120000: stop-loss close failed: {"code":40310000,"message":"account not eligible to trade uncovered option contracts"}
DUK260220C00125000: Spread take-profit close failed (trying individual legs): {"code":42210000,"message":"qty must be \u003e 0"}
DUK260220C00125000: take-profit close failed: {"code":40010001,"message":"qty must be \u003e 0"}
OKLO260130C00092000: Spread stop-loss close failed (trying individual legs): {"code":42210000,"message":"qty must be \u003e 0"}
OKLO260130C00092000: stop-loss close failed: {"code":40310000,"message":"account not eligible to trade uncovered option contracts"}
OKLO260130C00097000: Spread take-profit close failed (trying individual legs): {"code":42210000,"message":"qty must be \u003e 0"}
OKLO260130C00097000: take-profit close failed: {"code":40010001,"message":"qty must be \u003e 0"}
Fri Jan 23 13:28:09 CST 2026 - Running auto trader...
2026-01-23 13:28:10 | INFO | 🔌 Circuit Breaker Status: tripped=False, daily_pnl=0.00%, trades_today=0
2026-01-23 13:28:10 | INFO | 📂 Loaded 8 trades from /Users/jakobmccleary/Desktop/Stock Predictor/.monitoring/performance_data.json
2026-01-23 13:28:10 | INFO | 📊 Performance Monitor: 8 historical trades loaded
2026-01-23 13:28:10 | INFO | 💰 Account: equity=$45,701.02, buying_power=$72,855.04, starting_capital=$50,000.00
2026-01-23 13:28:10 | INFO | 📋 Trade Log: 16 trades from /Users/jakobmccleary/Desktop/Stock Predictor/trade_log.json
2026-01-23 13:28:10 | INFO | 📊 Stats: 6 closed | Win Rate: 50.0% | Total P&L: $705.17
2026-01-23 13:28:11 | WARNING | 🚫 Max open positions reached (10/10). No new trades.
AEE260220C00105000: Spread stop-loss close failed (trying individual legs): {"code":42210000,"message":"qty must be \u003e 0"}
AEE260220C00105000: stop-loss close failed: {"code":40310000,"message":"account not eligible to trade uncovered option contracts"}
AEE260220C00110000: Spread stop-loss close failed (trying individual legs): {"code":42210000,"message":"qty must be \u003e 0"}
AEE260220C00110000: stop-loss close failed: {"code":40010001,"message":"qty must be \u003e 0"}
DUK260220C00120000: Spread stop-loss close failed (trying individual legs): {"code":42210000,"message":"qty must be \u003e 0"}
DUK260220C00120000: stop-loss close failed: {"code":40310000,"message":"account not eligible to trade uncovered option contracts"}
DUK260220C00125000: Spread take-profit close failed (trying individual legs): {"code":42210000,"message":"qty must be \u003e 0"}
DUK260220C00125000: take-profit close failed: {"code":40010001,"message":"qty must be \u003e 0"}
OKLO260130C00092000: Spread stop-loss close failed (trying individual legs): {"code":42210000,"message":"qty must be \u003e 0"}
OKLO260130C00092000: stop-loss close failed: {"code":40310000,"message":"account not eligible to trade uncovered option contracts"}
OKLO260130C00097000: Spread take-profit close failed (trying individual legs): {"code":42210000,"message":"qty must be \u003e 0"}
OKLO260130C00097000: take-profit close failed: {"code":40010001,"message":"qty must be \u003e 0"}
Fri Jan 23 13:33:11 CST 2026 - Running auto trader...
2026-01-23 13:33:13 | INFO | 🔌 Circuit Breaker Status: tripped=False, daily_pnl=0.00%, trades_today=0
2026-01-23 13:33:13 | INFO | 📂 Loaded 8 trades from /Users/jakobmccleary/Desktop/Stock Predictor/.monitoring/performance_data.json
2026-01-23 13:33:13 | INFO | 📊 Performance Monitor: 8 historical trades loaded
2026-01-23 13:33:13 | INFO | 💰 Account: equity=$45,699.52, buying_power=$72,857.54, starting_capital=$50,000.00
2026-01-23 13:33:13 | INFO | 📋 Trade Log: 16 trades from /Users/jakobmccleary/Desktop/Stock Predictor/trade_log.json
2026-01-23 13:33:13 | INFO | 📊 Stats: 6 closed | Win Rate: 50.0% | Total P&L: $705.17
2026-01-23 13:33:14 | WARNING | 🚫 Max open positions reached (10/10). No new trades.
AEE260220C00105000: Spread stop-loss close failed (trying individual legs): {"code":42210000,"message":"qty must be \u003e 0"}
AEE260220C00105000: stop-loss close failed: {"code":40310000,"message":"account not eligible to trade uncovered option contracts"}
AEE260220C00110000: Spread stop-loss close failed (trying individual legs): {"code":42210000,"message":"qty must be \u003e 0"}
AEE260220C00110000: stop-loss close failed: {"code":40010001,"message":"qty must be \u003e 0"}
DUK260220C00120000: Spread stop-loss close failed (trying individual legs): {"code":42210000,"message":"qty must be \u003e 0"}
DUK260220C00120000: stop-loss close failed: {"code":40310000,"message":"account not eligible to trade uncovered option contracts"}
DUK260220C00125000: Spread take-profit close failed (trying individual legs): {"code":42210000,"message":"qty must be \u003e 0"}
DUK260220C00125000: take-profit close failed: {"code":40010001,"message":"qty must be \u003e 0"}
OKLO260130C00092000: Spread stop-loss close failed (trying individual legs): {"code":42210000,"message":"qty must be \u003e 0"}
OKLO260130C00092000: stop-loss close failed: {"code":40310000,"message":"account not eligible to trade uncovered option contracts"}
OKLO260130C00097000: Spread take-profit close failed (trying individual legs): {"code":42210000,"message":"qty must be \u003e 0"}
OKLO260130C00097000: take-profit close failed: {"code":40010001,"message":"qty must be \u003e 0"}
Fri Jan 23 13:38:14 CST 2026 - Running auto trader...
2026-01-23 13:38:16 | INFO | 🔌 Circuit Breaker Status: tripped=False, daily_pnl=0.00%, trades_today=0
2026-01-23 13:38:16 | INFO | 📂 Loaded 8 trades from /Users/jakobmccleary/Desktop/Stock Predictor/.monitoring/performance_data.json
2026-01-23 13:38:16 | INFO | 📊 Performance Monitor: 8 historical trades loaded
2026-01-23 13:38:16 | INFO | 💰 Account: equity=$45,708.52, buying_power=$72,854.54, starting_capital=$50,000.00
2026-01-23 13:38:16 | INFO | 📋 Trade Log: 16 trades from /Users/jakobmccleary/Desktop/Stock Predictor/trade_log.json
2026-01-23 13:38:16 | INFO | 📊 Stats: 6 closed | Win Rate: 50.0% | Total P&L: $705.17
2026-01-23 13:38:17 | WARNING | 🚫 Max open positions reached (10/10). No new trades.
AEE260220C00105000: Spread stop-loss close failed (trying individual legs): {"code":42210000,"message":"qty must be \u003e 0"}
AEE260220C00105000: stop-loss close failed: {"code":40310000,"message":"account not eligible to trade uncovered option contracts"}
AEE260220C00110000: Spread stop-loss close failed (trying individual legs): {"code":42210000,"message":"qty must be \u003e 0"}
AEE260220C00110000: stop-loss close failed: {"code":40010001,"message":"qty must be \u003e 0"}
DUK260220C00120000: Spread stop-loss close failed (trying individual legs): {"code":42210000,"message":"qty must be \u003e 0"}
DUK260220C00120000: stop-loss close failed: {"code":40310000,"message":"account not eligible to trade uncovered option contracts"}
DUK260220C00125000: Spread take-profit close failed (trying individual legs): {"code":42210000,"message":"qty must be \u003e 0"}
DUK260220C00125000: take-profit close failed: {"code":40010001,"message":"qty must be \u003e 0"}
OKLO260130C00092000: Spread stop-loss close failed (trying individual legs): {"code":42210000,"message":"qty must be \u003e 0"}
OKLO260130C00092000: stop-loss close failed: {"code":40310000,"message":"account not eligible to trade uncovered option contracts"}
OKLO260130C00097000: Spread take-profit close failed (trying individual legs): {"code":42210000,"message":"qty must be \u003e 0"}
OKLO260130C00097000: take-profit close failed: {"code":40010001,"message":"qty must be \u003e 0"}
Fri Jan 23 13:43:17 CST 2026 - Running auto trader...
2026-01-23 13:43:18 | INFO | 🔌 Circuit Breaker Status: tripped=False, daily_pnl=0.00%, trades_today=0
2026-01-23 13:43:18 | INFO | 📂 Loaded 8 trades from /Users/jakobmccleary/Desktop/Stock Predictor/.monitoring/performance_data.json
2026-01-23 13:43:18 | INFO | 📊 Performance Monitor: 8 historical trades loaded
2026-01-23 13:43:18 | INFO | 💰 Account: equity=$45,713.02, buying_power=$72,855.04, starting_capital=$50,000.00
2026-01-23 13:43:18 | INFO | 📋 Trade Log: 16 trades from /Users/jakobmccleary/Desktop/Stock Predictor/trade_log.json
2026-01-23 13:43:18 | INFO | 📊 Stats: 6 closed | Win Rate: 50.0% | Total P&L: $705.17
2026-01-23 13:43:19 | WARNING | 🚫 Max open positions reached (10/10). No new trades.
AEE260220C00105000: Spread stop-loss close failed (trying individual legs): {"code":42210000,"message":"qty must be \u003e 0"}
AEE260220C00105000: stop-loss close failed: {"code":40310000,"message":"account not eligible to trade uncovered option contracts"}
AEE260220C00110000: Spread stop-loss close failed (trying individual legs): {"code":42210000,"message":"qty must be \u003e 0"}
AEE260220C00110000: stop-loss close failed: {"code":40010001,"message":"qty must be \u003e 0"}
DUK260220C00120000: Spread stop-loss close failed (trying individual legs): {"code":42210000,"message":"qty must be \u003e 0"}
DUK260220C00120000: stop-loss close failed: {"code":40310000,"message":"account not eligible to trade uncovered option contracts"}
DUK260220C00125000: Spread take-profit close failed (trying individual legs): {"code":42210000,"message":"qty must be \u003e 0"}
DUK260220C00125000: take-profit close failed: {"code":40010001,"message":"qty must be \u003e 0"}
OKLO260130C00092000: Spread stop-loss close failed (trying individual legs): {"code":42210000,"message":"qty must be \u003e 0"}
OKLO260130C00092000: stop-loss close failed: {"code":40310000,"message":"account not eligible to trade uncovered option contracts"}
OKLO260130C00097000: Spread take-profit close failed (trying individual legs): {"code":42210000,"message":"qty must be \u003e 0"}
OKLO260130C00097000: take-profit close failed: {"code":40010001,"message":"qty must be \u003e 0"}
Fri Jan 23 13:48:19 CST 2026 - Running auto trader...
2026-01-23 13:48:20 | INFO | 🔌 Circuit Breaker Status: tripped=False, daily_pnl=0.00%, trades_today=0
2026-01-23 13:48:20 | INFO | 📂 Loaded 8 trades from /Users/jakobmccleary/Desktop/Stock Predictor/.monitoring/performance_data.json
2026-01-23 13:48:20 | INFO | 📊 Performance Monitor: 8 historical trades loaded
2026-01-23 13:48:21 | INFO | 💰 Account: equity=$45,757.52, buying_power=$72,885.54, starting_capital=$50,000.00
2026-01-23 13:48:21 | INFO | 📋 Trade Log: 16 trades from /Users/jakobmccleary/Desktop/Stock Predictor/trade_log.json
2026-01-23 13:48:21 | INFO | 📊 Stats: 6 closed | Win Rate: 50.0% | Total P&L: $705.17
2026-01-23 13:48:21 | WARNING | 🚫 Max open positions reached (10/10). No new trades.
AEE260220C00105000: Spread stop-loss close failed (trying individual legs): {"code":42210000,"message":"qty must be \u003e 0"}
AEE260220C00105000: stop-loss close failed: {"code":40310000,"message":"account not eligible to trade uncovered option contracts"}
AEE260220C00110000: Spread stop-loss close failed (trying individual legs): {"code":42210000,"message":"qty must be \u003e 0"}
AEE260220C00110000: stop-loss close failed: {"code":40010001,"message":"qty must be \u003e 0"}
DUK260220C00120000: Spread stop-loss close failed (trying individual legs): {"code":42210000,"message":"qty must be \u003e 0"}
DUK260220C00120000: stop-loss close failed: {"code":40310000,"message":"account not eligible to trade uncovered option contracts"}
DUK260220C00125000: Spread take-profit close failed (trying individual legs): {"code":42210000,"message":"qty must be \u003e 0"}
DUK260220C00125000: take-profit close failed: {"code":40010001,"message":"qty must be \u003e 0"}
OKLO260130C00092000: Spread stop-loss close failed (trying individual legs): {"code":42210000,"message":"qty must be \u003e 0"}
OKLO260130C00092000: stop-loss close failed: {"code":40310000,"message":"account not eligible to trade uncovered option contracts"}
OKLO260130C00097000: Spread take-profit close failed (trying individual legs): {"code":42210000,"message":"qty must be \u003e 0"}
OKLO260130C00097000: take-profit close failed: {"code":40010001,"message":"qty must be \u003e 0"}
Fri Jan 23 13:53:22 CST 2026 - Running auto trader...
2026-01-23 13:53:23 | INFO | 🔌 Circuit Breaker Status: tripped=False, daily_pnl=0.00%, trades_today=0
2026-01-23 13:53:23 | INFO | 📂 Loaded 8 trades from /Users/jakobmccleary/Desktop/Stock Predictor/.monitoring/performance_data.json
2026-01-23 13:53:23 | INFO | 📊 Performance Monitor: 8 historical trades loaded
2026-01-23 13:53:23 | INFO | 💰 Account: equity=$45,722.02, buying_power=$72,923.04, starting_capital=$50,000.00
2026-01-23 13:53:23 | INFO | 📋 Trade Log: 16 trades from /Users/jakobmccleary/Desktop/Stock Predictor/trade_log.json
2026-01-23 13:53:23 | INFO | 📊 Stats: 6 closed | Win Rate: 50.0% | Total P&L: $705.17
2026-01-23 13:53:24 | WARNING | 🚫 Max open positions reached (10/10). No new trades.
AEE260220C00105000: Spread stop-loss close failed (trying individual legs): {"code":42210000,"message":"qty must be \u003e 0"}
AEE260220C00105000: stop-loss close failed: {"code":40310000,"message":"account not eligible to trade uncovered option contracts"}
AEE260220C00110000: Spread stop-loss close failed (trying individual legs): {"code":42210000,"message":"qty must be \u003e 0"}
AEE260220C00110000: stop-loss close failed: {"code":40010001,"message":"qty must be \u003e 0"}
DUK260220C00120000: Spread stop-loss close failed (trying individual legs): {"code":42210000,"message":"qty must be \u003e 0"}
DUK260220C00120000: stop-loss close failed: {"code":40310000,"message":"account not eligible to trade uncovered option contracts"}
DUK260220C00125000: Spread take-profit close failed (trying individual legs): {"code":42210000,"message":"qty must be \u003e 0"}
DUK260220C00125000: take-profit close failed: {"code":40010001,"message":"qty must be \u003e 0"}
OKLO260130C00092000: Spread stop-loss close failed (trying individual legs): {"code":42210000,"message":"qty must be \u003e 0"}
OKLO260130C00092000: stop-loss close failed: {"code":40310000,"message":"account not eligible to trade uncovered option contracts"}
OKLO260130C00097000: Spread take-profit close failed (trying individual legs): {"code":42210000,"message":"qty must be \u003e 0"}
OKLO260130C00097000: take-profit close failed: {"code":40010001,"message":"qty must be \u003e 0"}
Fri Jan 23 13:58:24 CST 2026 - Running auto trader...
2026-01-23 13:58:25 | INFO | 🔌 Circuit Breaker Status: tripped=False, daily_pnl=0.00%, trades_today=0
2026-01-23 13:58:25 | INFO | 📂 Loaded 8 trades from /Users/jakobmccleary/Desktop/Stock Predictor/.monitoring/performance_data.json
2026-01-23 13:58:25 | INFO | 📊 Performance Monitor: 8 historical trades loaded
2026-01-23 13:58:25 | INFO | 💰 Account: equity=$45,728.27, buying_power=$72,912.29, starting_capital=$50,000.00
2026-01-23 13:58:25 | INFO | 📋 Trade Log: 16 trades from /Users/jakobmccleary/Desktop/Stock Predictor/trade_log.json
2026-01-23 13:58:25 | INFO | 📊 Stats: 6 closed | Win Rate: 50.0% | Total P&L: $705.17
2026-01-23 13:58:26 | WARNING | 🚫 Max open positions reached (10/10). No new trades.
AEE260220C00105000: Spread stop-loss close failed (trying individual legs): {"code":42210000,"message":"qty must be \u003e 0"}
AEE260220C00105000: stop-loss close failed: {"code":40310000,"message":"account not eligible to trade uncovered option contracts"}
AEE260220C00110000: Spread stop-loss close failed (trying individual legs): {"code":42210000,"message":"qty must be \u003e 0"}
AEE260220C00110000: stop-loss close failed: {"code":40010001,"message":"qty must be \u003e 0"}
DUK260220C00120000: Spread stop-loss close failed (trying individual legs): {"code":42210000,"message":"qty must be \u003e 0"}
DUK260220C00120000: stop-loss close failed: {"code":40310000,"message":"account not eligible to trade uncovered option contracts"}
DUK260220C00125000: Spread take-profit close failed (trying individual legs): {"code":42210000,"message":"qty must be \u003e 0"}
DUK260220C00125000: take-profit close failed: {"code":40010001,"message":"qty must be \u003e 0"}
OKLO260130C00092000: Spread stop-loss close failed (trying individual legs): {"code":42210000,"message":"qty must be \u003e 0"}
OKLO260130C00092000: stop-loss close failed: {"code":40310000,"message":"account not eligible to trade uncovered option contracts"}
OKLO260130C00097000: Spread take-profit close failed (trying individual legs): {"code":42210000,"message":"qty must be \u003e 0"}
OKLO260130C00097000: take-profit close failed: {"code":40010001,"message":"qty must be \u003e 0"}
Fri Jan 23 14:03:27 CST 2026 - Running auto trader...
2026-01-23 14:03:28 | INFO | 🔌 Circuit Breaker Status: tripped=False, daily_pnl=0.00%, trades_today=0
2026-01-23 14:03:28 | INFO | 📂 Loaded 8 trades from /Users/jakobmccleary/Desktop/Stock Predictor/.monitoring/performance_data.json
2026-01-23 14:03:28 | INFO | 📊 Performance Monitor: 8 historical trades loaded
2026-01-23 14:03:28 | INFO | 💰 Account: equity=$45,721.02, buying_power=$72,923.04, starting_capital=$50,000.00
2026-01-23 14:03:28 | INFO | 📋 Trade Log: 16 trades from /Users/jakobmccleary/Desktop/Stock Predictor/trade_log.json
2026-01-23 14:03:28 | INFO | 📊 Stats: 6 closed | Win Rate: 50.0% | Total P&L: $705.17
2026-01-23 14:03:29 | WARNING | 🚫 Max open positions reached (10/10). No new trades.
AEE260220C00105000: Spread stop-loss close failed (trying individual legs): {"code":42210000,"message":"qty must be \u003e 0"}
AEE260220C00105000: stop-loss close failed: {"code":40310000,"message":"account not eligible to trade uncovered option contracts"}
AEE260220C00110000: Spread stop-loss close failed (trying individual legs): {"code":42210000,"message":"qty must be \u003e 0"}
AEE260220C00110000: stop-loss close failed: {"code":40010001,"message":"qty must be \u003e 0"}
DUK260220C00120000: Spread stop-loss close failed (trying individual legs): {"code":42210000,"message":"qty must be \u003e 0"}
DUK260220C00120000: stop-loss close failed: {"code":40310000,"message":"account not eligible to trade uncovered option contracts"}
DUK260220C00125000: Spread take-profit close failed (trying individual legs): {"code":42210000,"message":"qty must be \u003e 0"}
DUK260220C00125000: take-profit close failed: {"code":40010001,"message":"qty must be \u003e 0"}
OKLO260130C00092000: Spread stop-loss close failed (trying individual legs): {"code":42210000,"message":"qty must be \u003e 0"}
OKLO260130C00092000: stop-loss close failed: {"code":40310000,"message":"account not eligible to trade uncovered option contracts"}
OKLO260130C00097000: Spread take-profit close failed (trying individual legs): {"code":42210000,"message":"qty must be \u003e 0"}
OKLO260130C00097000: take-profit close failed: {"code":40010001,"message":"qty must be \u003e 0"}
Fri Jan 23 14:08:29 CST 2026 - Running auto trader...
2026-01-23 14:08:30 | INFO | 🔌 Circuit Breaker Status: tripped=False, daily_pnl=0.00%, trades_today=0
2026-01-23 14:08:30 | INFO | 📂 Loaded 8 trades from /Users/jakobmccleary/Desktop/Stock Predictor/.monitoring/performance_data.json
2026-01-23 14:08:30 | INFO | 📊 Performance Monitor: 8 historical trades loaded
2026-01-23 14:08:30 | INFO | 💰 Account: equity=$45,723.02, buying_power=$72,922.04, starting_capital=$50,000.00
2026-01-23 14:08:30 | INFO | 📋 Trade Log: 16 trades from /Users/jakobmccleary/Desktop/Stock Predictor/trade_log.json
2026-01-23 14:08:30 | INFO | 📊 Stats: 6 closed | Win Rate: 50.0% | Total P&L: $705.17
2026-01-23 14:08:31 | WARNING | 🚫 Max open positions reached (10/10). No new trades.
AEE260220C00105000: Spread stop-loss close failed (trying individual legs): {"code":42210000,"message":"qty must be \u003e 0"}
AEE260220C00105000: stop-loss close failed: {"code":40310000,"message":"account not eligible to trade uncovered option contracts"}
AEE260220C00110000: Spread stop-loss close failed (trying individual legs): {"code":42210000,"message":"qty must be \u003e 0"}
AEE260220C00110000: stop-loss close failed: {"code":40010001,"message":"qty must be \u003e 0"}
DUK260220C00120000: Spread stop-loss close failed (trying individual legs): {"code":42210000,"message":"qty must be \u003e 0"}
DUK260220C00120000: stop-loss close failed: {"code":40310000,"message":"account not eligible to trade uncovered option contracts"}
DUK260220C00125000: Spread take-profit close failed (trying individual legs): {"code":42210000,"message":"qty must be \u003e 0"}
DUK260220C00125000: take-profit close failed: {"code":40010001,"message":"qty must be \u003e 0"}
OKLO260130C00092000: Spread stop-loss close failed (trying individual legs): {"code":42210000,"message":"qty must be \u003e 0"}
OKLO260130C00092000: stop-loss close failed: {"code":40310000,"message":"account not eligible to trade uncovered option contracts"}
OKLO260130C00097000: Spread take-profit close failed (trying individual legs): {"code":42210000,"message":"qty must be \u003e 0"}
OKLO260130C00097000: take-profit close failed: {"code":40010001,"message":"qty must be \u003e 0"}
Fri Jan 23 14:13:32 CST 2026 - Running auto trader...
2026-01-23 14:13:33 | INFO | 🔌 Circuit Breaker Status: tripped=False, daily_pnl=0.00%, trades_today=0
2026-01-23 14:13:33 | INFO | 📂 Loaded 8 trades from /Users/jakobmccleary/Desktop/Stock Predictor/.monitoring/performance_data.json
2026-01-23 14:13:33 | INFO | 📊 Performance Monitor: 8 historical trades loaded
2026-01-23 14:13:33 | INFO | 💰 Account: equity=$45,690.02, buying_power=$72,904.04, starting_capital=$50,000.00
2026-01-23 14:13:33 | INFO | 📋 Trade Log: 16 trades from /Users/jakobmccleary/Desktop/Stock Predictor/trade_log.json
2026-01-23 14:13:33 | INFO | 📊 Stats: 6 closed | Win Rate: 50.0% | Total P&L: $705.17
2026-01-23 14:13:34 | WARNING | 🚫 Max open positions reached (10/10). No new trades.
AEE260220C00105000: Spread stop-loss close failed (trying individual legs): {"code":42210000,"message":"qty must be \u003e 0"}
AEE260220C00105000: stop-loss close failed: {"code":40310000,"message":"account not eligible to trade uncovered option contracts"}
AEE260220C00110000: Spread stop-loss close failed (trying individual legs): {"code":42210000,"message":"qty must be \u003e 0"}
AEE260220C00110000: stop-loss close failed: {"code":40010001,"message":"qty must be \u003e 0"}
DUK260220C00120000: Spread stop-loss close failed (trying individual legs): {"code":42210000,"message":"qty must be \u003e 0"}
DUK260220C00120000: stop-loss close failed: {"code":40310000,"message":"account not eligible to trade uncovered option contracts"}
DUK260220C00125000: Spread take-profit close failed (trying individual legs): {"code":42210000,"message":"qty must be \u003e 0"}
DUK260220C00125000: take-profit close failed: {"code":40010001,"message":"qty must be \u003e 0"}
OKLO260130C00092000: Spread stop-loss close failed (trying individual legs): {"code":42210000,"message":"qty must be \u003e 0"}
OKLO260130C00092000: stop-loss close failed: {"code":40310000,"message":"account not eligible to trade uncovered option contracts"}
OKLO260130C00097000: Spread take-profit close failed (trying individual legs): {"code":42210000,"message":"qty must be \u003e 0"}
OKLO260130C00097000: take-profit close failed: {"code":40010001,"message":"qty must be \u003e 0"}
Fri Jan 23 14:18:34 CST 2026 - Running auto trader...
2026-01-23 14:18:35 | INFO | 🔌 Circuit Breaker Status: tripped=False, daily_pnl=0.00%, trades_today=0
2026-01-23 14:18:35 | INFO | 📂 Loaded 8 trades from /Users/jakobmccleary/Desktop/Stock Predictor/.monitoring/performance_data.json
2026-01-23 14:18:35 | INFO | 📊 Performance Monitor: 8 historical trades loaded
2026-01-23 14:18:35 | INFO | 💰 Account: equity=$45,753.02, buying_power=$72,912.04, starting_capital=$50,000.00
2026-01-23 14:18:35 | INFO | 📋 Trade Log: 16 trades from /Users/jakobmccleary/Desktop/Stock Predictor/trade_log.json
2026-01-23 14:18:35 | INFO | 📊 Stats: 6 closed | Win Rate: 50.0% | Total P&L: $705.17
2026-01-23 14:18:37 | WARNING | 🚫 Max open positions reached (10/10). No new trades.
AEE260220C00105000: Spread stop-loss close failed (trying individual legs): {"code":42210000,"message":"qty must be \u003e 0"}
AEE260220C00105000: stop-loss close failed: {"code":40310000,"message":"account not eligible to trade uncovered option contracts"}
AEE260220C00110000: Spread stop-loss close failed (trying individual legs): {"code":42210000,"message":"qty must be \u003e 0"}
AEE260220C00110000: stop-loss close failed: {"code":40010001,"message":"qty must be \u003e 0"}
DUK260220C00120000: Spread stop-loss close failed (trying individual legs): {"code":42210000,"message":"qty must be \u003e 0"}
DUK260220C00120000: stop-loss close failed: {"code":40310000,"message":"account not eligible to trade uncovered option contracts"}
DUK260220C00125000: Spread take-profit close failed (trying individual legs): {"code":42210000,"message":"qty must be \u003e 0"}
DUK260220C00125000: take-profit close failed: {"code":40010001,"message":"qty must be \u003e 0"}
OKLO260130C00092000: Spread stop-loss close failed (trying individual legs): {"code":42210000,"message":"qty must be \u003e 0"}
OKLO260130C00092000: stop-loss close failed: {"code":40310000,"message":"account not eligible to trade uncovered option contracts"}
OKLO260130C00097000: Spread take-profit close failed (trying individual legs): {"code":42210000,"message":"qty must be \u003e 0"}
OKLO260130C00097000: take-profit close failed: {"code":40010001,"message":"qty must be \u003e 0"}
Fri Jan 23 14:23:37 CST 2026 - Running auto trader...
2026-01-23 14:23:38 | INFO | 🔌 Circuit Breaker Status: tripped=False, daily_pnl=0.00%, trades_today=0
2026-01-23 14:23:38 | INFO | 📂 Loaded 8 trades from /Users/jakobmccleary/Desktop/Stock Predictor/.monitoring/performance_data.json
2026-01-23 14:23:38 | INFO | 📊 Performance Monitor: 8 historical trades loaded
2026-01-23 14:23:38 | INFO | 💰 Account: equity=$45,724.02, buying_power=$72,892.04, starting_capital=$50,000.00
2026-01-23 14:23:38 | INFO | 📋 Trade Log: 16 trades from /Users/jakobmccleary/Desktop/Stock Predictor/trade_log.json
2026-01-23 14:23:38 | INFO | 📊 Stats: 6 closed | Win Rate: 50.0% | Total P&L: $705.17
2026-01-23 14:23:39 | WARNING | 🚫 Max open positions reached (10/10). No new trades.
AEE260220C00105000: Spread stop-loss close failed (trying individual legs): {"code":42210000,"message":"qty must be \u003e 0"}
AEE260220C00105000: stop-loss close failed: {"code":40310000,"message":"account not eligible to trade uncovered option contracts"}
AEE260220C00110000: Spread stop-loss close failed (trying individual legs): {"code":42210000,"message":"qty must be \u003e 0"}
AEE260220C00110000: stop-loss close failed: {"code":40010001,"message":"qty must be \u003e 0"}
DUK260220C00120000: Spread stop-loss close failed (trying individual legs): {"code":42210000,"message":"qty must be \u003e 0"}
DUK260220C00120000: stop-loss close failed: {"code":40310000,"message":"account not eligible to trade uncovered option contracts"}
DUK260220C00125000: Spread take-profit close failed (trying individual legs): {"code":42210000,"message":"qty must be \u003e 0"}
DUK260220C00125000: take-profit close failed: {"code":40010001,"message":"qty must be \u003e 0"}
OKLO260130C00092000: Spread stop-loss close failed (trying individual legs): {"code":42210000,"message":"qty must be \u003e 0"}
OKLO260130C00092000: stop-loss close failed: {"code":40310000,"message":"account not eligible to trade uncovered option contracts"}
OKLO260130C00097000: Spread take-profit close failed (trying individual legs): {"code":42210000,"message":"qty must be \u003e 0"}
OKLO260130C00097000: take-profit close failed: {"code":40010001,"message":"qty must be \u003e 0"}
Fri Jan 23 14:28:39 CST 2026 - Running auto trader...
2026-01-23 14:28:41 | INFO | 🔌 Circuit Breaker Status: tripped=False, daily_pnl=0.00%, trades_today=0
2026-01-23 14:28:41 | INFO | 📂 Loaded 8 trades from /Users/jakobmccleary/Desktop/Stock Predictor/.monitoring/performance_data.json
2026-01-23 14:28:41 | INFO | 📊 Performance Monitor: 8 historical trades loaded
2026-01-23 14:28:41 | INFO | 💰 Account: equity=$45,668.52, buying_power=$72,865.54, starting_capital=$50,000.00
2026-01-23 14:28:41 | INFO | 📋 Trade Log: 16 trades from /Users/jakobmccleary/Desktop/Stock Predictor/trade_log.json
2026-01-23 14:28:41 | INFO | 📊 Stats: 6 closed | Win Rate: 50.0% | Total P&L: $705.17
2026-01-23 14:28:42 | WARNING | 🚫 Max open positions reached (10/10). No new trades.
AEE260220C00105000: Spread stop-loss close failed (trying individual legs): {"code":42210000,"message":"qty must be \u003e 0"}
AEE260220C00105000: stop-loss close failed: {"code":40310000,"message":"account not eligible to trade uncovered option contracts"}
AEE260220C00110000: Spread stop-loss close failed (trying individual legs): {"code":42210000,"message":"qty must be \u003e 0"}
AEE260220C00110000: stop-loss close failed: {"code":40010001,"message":"qty must be \u003e 0"}
DUK260220C00120000: Spread stop-loss close failed (trying individual legs): {"code":42210000,"message":"qty must be \u003e 0"}
DUK260220C00120000: stop-loss close failed: {"code":40310000,"message":"account not eligible to trade uncovered option contracts"}
DUK260220C00125000: Spread take-profit close failed (trying individual legs): {"code":42210000,"message":"qty must be \u003e 0"}
DUK260220C00125000: take-profit close failed: {"code":40010001,"message":"qty must be \u003e 0"}
OKLO260130C00092000: Spread stop-loss close failed (trying individual legs): {"code":42210000,"message":"qty must be \u003e 0"}
OKLO260130C00092000: stop-loss close failed: {"code":40310000,"message":"account not eligible to trade uncovered option contracts"}
OKLO260130C00097000: Spread take-profit close failed (trying individual legs): {"code":42210000,"message":"qty must be \u003e 0"}
OKLO260130C00097000: take-profit close failed: {"code":40010001,"message":"qty must be \u003e 0"}
Fri Jan 23 14:33:42 CST 2026 - Running auto trader...
2026-01-23 14:33:43 | INFO | 🔌 Circuit Breaker Status: tripped=False, daily_pnl=0.00%, trades_today=0
2026-01-23 14:33:43 | INFO | 📂 Loaded 8 trades from /Users/jakobmccleary/Desktop/Stock Predictor/.monitoring/performance_data.json
2026-01-23 14:33:43 | INFO | 📊 Performance Monitor: 8 historical trades loaded
2026-01-23 14:33:43 | INFO | 💰 Account: equity=$45,606.02, buying_power=$72,832.04, starting_capital=$50,000.00
2026-01-23 14:33:43 | INFO | 📋 Trade Log: 16 trades from /Users/jakobmccleary/Desktop/Stock Predictor/trade_log.json
2026-01-23 14:33:43 | INFO | 📊 Stats: 6 closed | Win Rate: 50.0% | Total P&L: $705.17
2026-01-23 14:33:44 | WARNING | 🚫 Max open positions reached (10/10). No new trades.
AEE260220C00105000: Spread stop-loss close failed (trying individual legs): {"code":42210000,"message":"qty must be \u003e 0"}
AEE260220C00105000: stop-loss close failed: {"code":40310000,"message":"account not eligible to trade uncovered option contracts"}
AEE260220C00110000: Spread stop-loss close failed (trying individual legs): {"code":42210000,"message":"qty must be \u003e 0"}
AEE260220C00110000: stop-loss close failed: {"code":40010001,"message":"qty must be \u003e 0"}
DUK260220C00120000: Spread stop-loss close failed (trying individual legs): {"code":42210000,"message":"qty must be \u003e 0"}
DUK260220C00120000: stop-loss close failed: {"code":40310000,"message":"account not eligible to trade uncovered option contracts"}
DUK260220C00125000: Spread take-profit close failed (trying individual legs): {"code":42210000,"message":"qty must be \u003e 0"}
DUK260220C00125000: take-profit close failed: {"code":40010001,"message":"qty must be \u003e 0"}
OKLO260130C00092000: Spread stop-loss close failed (trying individual legs): {"code":42210000,"message":"qty must be \u003e 0"}
OKLO260130C00092000: stop-loss close failed: {"code":40310000,"message":"account not eligible to trade uncovered option contracts"}
OKLO260130C00097000: Spread take-profit close failed (trying individual legs): {"code":42210000,"message":"qty must be \u003e 0"}
OKLO260130C00097000: take-profit close failed: {"code":40010001,"message":"qty must be \u003e 0"}
Fri Jan 23 14:38:44 CST 2026 - Running auto trader...
2026-01-23 14:38:45 | INFO | 🔌 Circuit Breaker Status: tripped=False, daily_pnl=0.00%, trades_today=0
2026-01-23 14:38:45 | INFO | 📂 Loaded 8 trades from /Users/jakobmccleary/Desktop/Stock Predictor/.monitoring/performance_data.json
2026-01-23 14:38:45 | INFO | 📊 Performance Monitor: 8 historical trades loaded
2026-01-23 14:38:46 | INFO | 💰 Account: equity=$45,567.02, buying_power=$72,817.04, starting_capital=$50,000.00
2026-01-23 14:38:46 | INFO | 📋 Trade Log: 16 trades from /Users/jakobmccleary/Desktop/Stock Predictor/trade_log.json
2026-01-23 14:38:46 | INFO | 📊 Stats: 6 closed | Win Rate: 50.0% | Total P&L: $705.17
2026-01-23 14:38:46 | WARNING | 🚫 Max open positions reached (10/10). No new trades.
AEE260220C00105000: Spread stop-loss close failed (trying individual legs): {"code":42210000,"message":"qty must be \u003e 0"}
AEE260220C00105000: stop-loss close failed: {"code":40310000,"message":"account not eligible to trade uncovered option contracts"}
AEE260220C00110000: Spread stop-loss close failed (trying individual legs): {"code":42210000,"message":"qty must be \u003e 0"}
AEE260220C00110000: stop-loss close failed: {"code":40010001,"message":"qty must be \u003e 0"}
DUK260220C00120000: Spread stop-loss close failed (trying individual legs): {"code":42210000,"message":"qty must be \u003e 0"}
DUK260220C00120000: stop-loss close failed: {"code":40310000,"message":"account not eligible to trade uncovered option contracts"}
DUK260220C00125000: Spread take-profit close failed (trying individual legs): {"code":42210000,"message":"qty must be \u003e 0"}
DUK260220C00125000: take-profit close failed: {"code":40010001,"message":"qty must be \u003e 0"}
OKLO260130C00092000: Spread stop-loss close failed (trying individual legs): {"code":42210000,"message":"qty must be \u003e 0"}
OKLO260130C00092000: stop-loss close failed: {"code":40310000,"message":"account not eligible to trade uncovered option contracts"}
OKLO260130C00097000: Spread take-profit close failed (trying individual legs): {"code":42210000,"message":"qty must be \u003e 0"}
OKLO260130C00097000: take-profit close failed: {"code":40010001,"message":"qty must be \u003e 0"}
Fri Jan 23 14:43:47 CST 2026 - Running auto trader...
2026-01-23 14:43:48 | INFO | 🔌 Circuit Breaker Status: tripped=False, daily_pnl=0.00%, trades_today=0
2026-01-23 14:43:48 | INFO | 📂 Loaded 8 trades from /Users/jakobmccleary/Desktop/Stock Predictor/.monitoring/performance_data.json
2026-01-23 14:43:48 | INFO | 📊 Performance Monitor: 8 historical trades loaded
2026-01-23 14:43:48 | INFO | 💰 Account: equity=$45,646.02, buying_power=$72,826.04, starting_capital=$50,000.00
2026-01-23 14:43:48 | INFO | 📋 Trade Log: 16 trades from /Users/jakobmccleary/Desktop/Stock Predictor/trade_log.json
2026-01-23 14:43:48 | INFO | 📊 Stats: 6 closed | Win Rate: 50.0% | Total P&L: $705.17
2026-01-23 14:43:49 | WARNING | 🚫 Max open positions reached (10/10). No new trades.
AEE260220C00105000: Spread stop-loss close failed (trying individual legs): {"code":42210000,"message":"qty must be \u003e 0"}
AEE260220C00105000: stop-loss close failed: {"code":40310000,"message":"account not eligible to trade uncovered option contracts"}
AEE260220C00110000: Spread stop-loss close failed (trying individual legs): {"code":42210000,"message":"qty must be \u003e 0"}
AEE260220C00110000: stop-loss close failed: {"code":40010001,"message":"qty must be \u003e 0"}
DUK260220C00120000: Spread stop-loss close failed (trying individual legs): {"code":42210000,"message":"qty must be \u003e 0"}
DUK260220C00120000: stop-loss close failed: {"code":40310000,"message":"account not eligible to trade uncovered option contracts"}
DUK260220C00125000: Spread take-profit close failed (trying individual legs): {"code":42210000,"message":"qty must be \u003e 0"}
DUK260220C00125000: take-profit close failed: {"code":40010001,"message":"qty must be \u003e 0"}
OKLO260130C00092000: Spread stop-loss close failed (trying individual legs): {"code":42210000,"message":"qty must be \u003e 0"}
OKLO260130C00092000: stop-loss close failed: {"code":40310000,"message":"account not eligible to trade uncovered option contracts"}
OKLO260130C00097000: Spread take-profit close failed (trying individual legs): {"code":42210000,"message":"qty must be \u003e 0"}
OKLO260130C00097000: take-profit close failed: {"code":40010001,"message":"qty must be \u003e 0"}
Fri Jan 23 14:48:49 CST 2026 - Running auto trader...
2026-01-23 14:48:50 | INFO | 🔌 Circuit Breaker Status: tripped=False, daily_pnl=0.00%, trades_today=0
2026-01-23 14:48:50 | INFO | 📂 Loaded 8 trades from /Users/jakobmccleary/Desktop/Stock Predictor/.monitoring/performance_data.json
2026-01-23 14:48:50 | INFO | 📊 Performance Monitor: 8 historical trades loaded
2026-01-23 14:48:50 | INFO | 💰 Account: equity=$45,681.02, buying_power=$72,805.04, starting_capital=$50,000.00
2026-01-23 14:48:50 | INFO | 📋 Trade Log: 16 trades from /Users/jakobmccleary/Desktop/Stock Predictor/trade_log.json
2026-01-23 14:48:50 | INFO | 📊 Stats: 6 closed | Win Rate: 50.0% | Total P&L: $705.17
2026-01-23 14:48:51 | WARNING | 🚫 Max open positions reached (10/10). No new trades.
AEE260220C00105000: Spread stop-loss close failed (trying individual legs): {"code":42210000,"message":"qty must be \u003e 0"}
AEE260220C00105000: stop-loss close failed: {"code":40310000,"message":"account not eligible to trade uncovered option contracts"}
AEE260220C00110000: Spread stop-loss close failed (trying individual legs): {"code":42210000,"message":"qty must be \u003e 0"}
AEE260220C00110000: stop-loss close failed: {"code":40010001,"message":"qty must be \u003e 0"}
DUK260220C00120000: Spread stop-loss close failed (trying individual legs): {"code":42210000,"message":"qty must be \u003e 0"}
DUK260220C00120000: stop-loss close failed: {"code":40310000,"message":"account not eligible to trade uncovered option contracts"}
DUK260220C00125000: Spread take-profit close failed (trying individual legs): {"code":42210000,"message":"qty must be \u003e 0"}
DUK260220C00125000: take-profit close failed: {"code":40010001,"message":"qty must be \u003e 0"}
OKLO260130C00092000: Spread stop-loss close failed (trying individual legs): {"code":42210000,"message":"qty must be \u003e 0"}
OKLO260130C00092000: stop-loss close failed: {"code":40310000,"message":"account not eligible to trade uncovered option contracts"}
OKLO260130C00097000: Spread take-profit close failed (trying individual legs): {"code":42210000,"message":"qty must be \u003e 0"}
OKLO260130C00097000: take-profit close failed: {"code":40010001,"message":"qty must be \u003e 0"}
Fri Jan 23 14:53:51 CST 2026 - Running auto trader...
2026-01-23 14:53:52 | INFO | 🔌 Circuit Breaker Status: tripped=False, daily_pnl=0.00%, trades_today=0
2026-01-23 14:53:52 | INFO | 📂 Loaded 8 trades from /Users/jakobmccleary/Desktop/Stock Predictor/.monitoring/performance_data.json
2026-01-23 14:53:52 | INFO | 📊 Performance Monitor: 8 historical trades loaded
2026-01-23 14:53:53 | INFO | 💰 Account: equity=$45,762.52, buying_power=$72,787.54, starting_capital=$50,000.00
2026-01-23 14:53:53 | INFO | 📋 Trade Log: 16 trades from /Users/jakobmccleary/Desktop/Stock Predictor/trade_log.json
2026-01-23 14:53:53 | INFO | 📊 Stats: 6 closed | Win Rate: 50.0% | Total P&L: $705.17
2026-01-23 14:53:53 | WARNING | 🚫 Max open positions reached (10/10). No new trades.
AEE260220C00105000: Spread stop-loss close failed (trying individual legs): {"code":42210000,"message":"qty must be \u003e 0"}
AEE260220C00105000: stop-loss close failed: {"code":40310000,"message":"account not eligible to trade uncovered option contracts"}
AEE260220C00110000: Spread stop-loss close failed (trying individual legs): {"code":42210000,"message":"qty must be \u003e 0"}
AEE260220C00110000: stop-loss close failed: {"code":40010001,"message":"qty must be \u003e 0"}
DUK260220C00120000: Spread stop-loss close failed (trying individual legs): {"code":42210000,"message":"qty must be \u003e 0"}
DUK260220C00120000: stop-loss close failed: {"code":40310000,"message":"account not eligible to trade uncovered option contracts"}
DUK260220C00125000: Spread stop-loss close failed (trying individual legs): {"code":42210000,"message":"qty must be \u003e 0"}
DUK260220C00125000: stop-loss close failed: {"code":40010001,"message":"qty must be \u003e 0"}
OKLO260130C00092000: Spread stop-loss close failed (trying individual legs): {"code":42210000,"message":"qty must be \u003e 0"}
OKLO260130C00092000: stop-loss close failed: {"code":40310000,"message":"account not eligible to trade uncovered option contracts"}
OKLO260130C00097000: Spread take-profit close failed (trying individual legs): {"code":42210000,"message":"qty must be \u003e 0"}
OKLO260130C00097000: take-profit close failed: {"code":40010001,"message":"qty must be \u003e 0"}
Fri Jan 23 14:58:54 CST 2026 - Running auto trader...
2026-01-23 14:58:55 | INFO | 🔌 Circuit Breaker Status: tripped=False, daily_pnl=0.00%, trades_today=0
2026-01-23 14:58:55 | INFO | 📂 Loaded 8 trades from /Users/jakobmccleary/Desktop/Stock Predictor/.monitoring/performance_data.json
2026-01-23 14:58:55 | INFO | 📊 Performance Monitor: 8 historical trades loaded
2026-01-23 14:58:55 | INFO | 💰 Account: equity=$45,756.52, buying_power=$72,789.54, starting_capital=$50,000.00
2026-01-23 14:58:55 | INFO | 📋 Trade Log: 16 trades from /Users/jakobmccleary/Desktop/Stock Predictor/trade_log.json
2026-01-23 14:58:55 | INFO | 📊 Stats: 6 closed | Win Rate: 50.0% | Total P&L: $705.17
2026-01-23 14:58:56 | WARNING | 🚫 Max open positions reached (10/10). No new trades.
AEE260220C00105000: Spread stop-loss close failed (trying individual legs): {"code":42210000,"message":"qty must be \u003e 0"}
AEE260220C00105000: stop-loss close failed: {"code":40310000,"message":"account not eligible to trade uncovered option contracts"}
AEE260220C00110000: Spread stop-loss close failed (trying individual legs): {"code":42210000,"message":"qty must be \u003e 0"}
AEE260220C00110000: stop-loss close failed: {"code":40010001,"message":"qty must be \u003e 0"}
DUK260220C00120000: Spread stop-loss close failed (trying individual legs): {"code":42210000,"message":"qty must be \u003e 0"}
DUK260220C00120000: stop-loss close failed: {"code":40310000,"message":"account not eligible to trade uncovered option contracts"}
DUK260220C00125000: Spread stop-loss close failed (trying individual legs): {"code":42210000,"message":"qty must be \u003e 0"}
DUK260220C00125000: stop-loss close failed: {"code":40010001,"message":"qty must be \u003e 0"}
OKLO260130C00092000: Spread stop-loss close failed (trying individual legs): {"code":42210000,"message":"qty must be \u003e 0"}
OKLO260130C00092000: stop-loss close failed: {"code":40310000,"message":"account not eligible to trade uncovered option contracts"}
OKLO260130C00097000: Spread take-profit close failed (trying individual legs): {"code":42210000,"message":"qty must be \u003e 0"}
OKLO260130C00097000: take-profit close failed: {"code":40010001,"message":"qty must be \u003e 0"}
Fri Jan 23 15:03:56 CST 2026 - Market closed (hour=16)
Fri Jan 23 15:14:39 CST 2026 - Market closed (hour=16)
Fri Jan 23 15:50:20 CST 2026 - Market closed (hour=16)
Fri Jan 23 16:07:26 CST 2026 - Market closed (hour=17)
Fri Jan 23 16:35:54 CST 2026 - Market closed (hour=17)
Fri Jan 23 16:40:54 CST 2026 - Market closed (hour=17)
Fri Jan 23 16:45:54 CST 2026 - Market closed (hour=17)
Fri Jan 23 16:50:54 CST 2026 - Market closed (hour=17)
Fri Jan 23 16:55:54 CST 2026 - Market closed (hour=17)
Fri Jan 23 17:00:54 CST 2026 - Market closed (hour=18)
Fri Jan 23 17:05:54 CST 2026 - Market closed (hour=18)
Fri Jan 23 17:10:54 CST 2026 - Market closed (hour=18)
Fri Jan 23 17:19:17 CST 2026 - Market closed (hour=18)
Fri Jan 23 17:24:17 CST 2026 - Market closed (hour=18)
Fri Jan 23 17:29:17 CST 2026 - Market closed (hour=18)
Fri Jan 23 17:34:17 CST 2026 - Market closed (hour=18)
Fri Jan 23 17:39:17 CST 2026 - Market closed (hour=18)
Fri Jan 23 17:44:17 CST 2026 - Market closed (hour=18)
Fri Jan 23 17:49:17 CST 2026 - Market closed (hour=18)
Fri Jan 23 17:54:17 CST 2026 - Market closed (hour=18)
Fri Jan 23 17:59:17 CST 2026 - Market closed (hour=18)
Fri Jan 23 18:04:17 CST 2026 - Market closed (hour=19)
Fri Jan 23 18:09:17 CST 2026 - Market closed (hour=19)
Fri Jan 23 18:14:17 CST 2026 - Market closed (hour=19)
Fri Jan 23 18:19:18 CST 2026 - Market closed (hour=19)
Fri Jan 23 18:24:18 CST 2026 - Market closed (hour=19)
Fri Jan 23 19:21:04 CST 2026 - Market closed (hour=20)
Fri Jan 23 20:12:37 CST 2026 - Market closed (hour=21)
Fri Jan 23 20:25:00 CST 2026 - Market closed (hour=21)
Fri Jan 23 20:30:00 CST 2026 - Market closed (hour=21)
Fri Jan 23 21:17:09 CST 2026 - Market closed (hour=22)
Fri Jan 23 21:22:09 CST 2026 - Market closed (hour=22)
Fri Jan 23 21:27:09 CST 2026 - Market closed (hour=22)
Fri Jan 23 21:32:09 CST 2026 - Market closed (hour=22)
Fri Jan 23 21:37:09 CST 2026 - Market closed (hour=22)
Fri Jan 23 21:42:09 CST 2026 - Market closed (hour=22)
Fri Jan 23 21:47:09 CST 2026 - Market closed (hour=22)
Fri Jan 23 21:52:09 CST 2026 - Market closed (hour=22)
Fri Jan 23 21:57:09 CST 2026 - Market closed (hour=22)
Fri Jan 23 22:02:09 CST 2026 - Market closed (hour=23)
Fri Jan 23 22:07:09 CST 2026 - Market closed (hour=23)
Fri Jan 23 22:12:09 CST 2026 - Market closed (hour=23)
Fri Jan 23 22:17:09 CST 2026 - Market closed (hour=23)
Fri Jan 23 22:22:09 CST 2026 - Market closed (hour=23)
Fri Jan 23 22:27:09 CST 2026 - Market closed (hour=23)
Fri Jan 23 22:32:10 CST 2026 - Market closed (hour=23)
Fri Jan 23 22:37:10 CST 2026 - Market closed (hour=23)
Fri Jan 23 23:00:45 CST 2026 - Weekend (day=6)
Fri Jan 23 23:38:19 CST 2026 - Weekend (day=6)
Fri Jan 23 23:55:59 CST 2026 - Weekend (day=6)
Sat Jan 24 00:04:30 CST 2026 - Weekend (day=6)
Sat Jan 24 00:09:30 CST 2026 - Weekend (day=6)
Sat Jan 24 00:14:30 CST 2026 - Weekend (day=6)
Sat Jan 24 00:19:30 CST 2026 - Weekend (day=6)
Sat Jan 24 00:24:30 CST 2026 - Weekend (day=6)
Sat Jan 24 00:29:30 CST 2026 - Weekend (day=6)
Sat Jan 24 00:34:30 CST 2026 - Weekend (day=6)
Sat Jan 24 00:39:30 CST 2026 - Weekend (day=6)
Sat Jan 24 00:44:30 CST 2026 - Weekend (day=6)
Sat Jan 24 00:49:30 CST 2026 - Weekend (day=6)
Sat Jan 24 00:54:30 CST 2026 - Weekend (day=6)
Sat Jan 24 00:59:30 CST 2026 - Weekend (day=6)
Sat Jan 24 01:04:30 CST 2026 - Weekend (day=6)
Sat Jan 24 01:09:30 CST 2026 - Weekend (day=6)
Sat Jan 24 01:14:30 CST 2026 - Weekend (day=6)
Sat Jan 24 01:19:30 CST 2026 - Weekend (day=6)
Sat Jan 24 01:24:30 CST 2026 - Weekend (day=6)
Sat Jan 24 01:29:30 CST 2026 - Weekend (day=6)
Sat Jan 24 01:34:30 CST 2026 - Weekend (day=6)
Sat Jan 24 01:39:30 CST 2026 - Weekend (day=6)
Sat Jan 24 01:44:30 CST 2026 - Weekend (day=6)
Sat Jan 24 01:49:30 CST 2026 - Weekend (day=6)
Sat Jan 24 01:54:30 CST 2026 - Weekend (day=6)
Sat Jan 24 01:59:30 CST 2026 - Weekend (day=6)
Sat Jan 24 02:04:30 CST 2026 - Weekend (day=6)
Sat Jan 24 02:09:31 CST 2026 - Weekend (day=6)
Sat Jan 24 02:14:31 CST 2026 - Weekend (day=6)
Sat Jan 24 02:19:31 CST 2026 - Weekend (day=6)
Sat Jan 24 02:56:06 CST 2026 - Weekend (day=6)
Sat Jan 24 03:44:30 CST 2026 - Weekend (day=6)
Sat Jan 24 04:37:16 CST 2026 - Weekend (day=6)
Sat Jan 24 05:48:15 CST 2026 - Weekend (day=6)
Sat Jan 24 06:09:34 CST 2026 - Weekend (day=6)
Sat Jan 24 06:14:34 CST 2026 - Weekend (day=6)
Sat Jan 24 06:19:34 CST 2026 - Weekend (day=6)
Sat Jan 24 06:24:34 CST 2026 - Weekend (day=6)
Sat Jan 24 06:29:34 CST 2026 - Weekend (day=6)
Sat Jan 24 06:34:34 CST 2026 - Weekend (day=6)
Sat Jan 24 06:39:34 CST 2026 - Weekend (day=6)
Sat Jan 24 06:44:34 CST 2026 - Weekend (day=6)
Sat Jan 24 06:49:34 CST 2026 - Weekend (day=6)
Sat Jan 24 06:54:34 CST 2026 - Weekend (day=6)
Sat Jan 24 06:59:34 CST 2026 - Weekend (day=6)
Sat Jan 24 07:04:34 CST 2026 - Weekend (day=6)
Sat Jan 24 07:09:34 CST 2026 - Weekend (day=6)
Sat Jan 24 08:33:35 CST 2026 - Weekend (day=6)
Sat Jan 24 08:53:34 CST 2026 - Weekend (day=6)
Sat Jan 24 08:58:34 CST 2026 - Weekend (day=6)
Sat Jan 24 09:03:34 CST 2026 - Weekend (day=6)
Sat Jan 24 09:08:34 CST 2026 - Weekend (day=6)
Sat Jan 24 09:13:34 CST 2026 - Weekend (day=6)
Sat Jan 24 09:18:34 CST 2026 - Weekend (day=6)
Sat Jan 24 09:23:34 CST 2026 - Weekend (day=6)
Sat Jan 24 09:28:34 CST 2026 - Weekend (day=6)
Sat Jan 24 09:33:34 CST 2026 - Weekend (day=6)
Sat Jan 24 09:38:34 CST 2026 - Weekend (day=6)
Sat Jan 24 09:43:35 CST 2026 - Weekend (day=6)
Sat Jan 24 09:48:35 CST 2026 - Weekend (day=6)
Sat Jan 24 09:53:35 CST 2026 - Weekend (day=6)
Sat Jan 24 10:15:22 CST 2026 - Weekend (day=6)
Sat Jan 24 10:24:48 CST 2026 - Weekend (day=6)
Sat Jan 24 10:45:11 CST 2026 - Weekend (day=6)
Sat Jan 24 11:48:37 CST 2026 - Weekend (day=6)
Sat Jan 24 12:30:59 CST 2026 - Weekend (day=6)
Sat Jan 24 12:37:42 CST 2026 - Weekend (day=6)
Sat Jan 24 12:42:42 CST 2026 - Weekend (day=6)
Sat Jan 24 12:47:42 CST 2026 - Weekend (day=6)
Sat Jan 24 12:52:42 CST 2026 - Weekend (day=6)
Sat Jan 24 12:57:42 CST 2026 - Weekend (day=6)
Sat Jan 24 13:02:42 CST 2026 - Weekend (day=6)
Sat Jan 24 13:07:42 CST 2026 - Weekend (day=6)
Sat Jan 24 13:12:42 CST 2026 - Weekend (day=6)
Sat Jan 24 13:17:42 CST 2026 - Weekend (day=6)
Sat Jan 24 13:22:42 CST 2026 - Weekend (day=6)
Sat Jan 24 13:27:42 CST 2026 - Weekend (day=6)
Sat Jan 24 13:32:42 CST 2026 - Weekend (day=6)
Sat Jan 24 13:45:45 CST 2026 - Weekend (day=6)
Sat Jan 24 13:50:45 CST 2026 - Weekend (day=6)
Sat Jan 24 13:55:45 CST 2026 - Weekend (day=6)
Sat Jan 24 14:00:45 CST 2026 - Weekend (day=6)
Sat Jan 24 14:05:45 CST 2026 - Weekend (day=6)
Sat Jan 24 14:10:45 CST 2026 - Weekend (day=6)
Sat Jan 24 14:15:45 CST 2026 - Weekend (day=6)
Sat Jan 24 14:20:46 CST 2026 - Weekend (day=6)
Sat Jan 24 14:25:46 CST 2026 - Weekend (day=6)
Sat Jan 24 14:30:46 CST 2026 - Weekend (day=6)
Sat Jan 24 14:35:46 CST 2026 - Weekend (day=6)
Sat Jan 24 14:40:46 CST 2026 - Weekend (day=6)
Sat Jan 24 14:45:46 CST 2026 - Weekend (day=6)
Sat Jan 24 14:50:46 CST 2026 - Weekend (day=6)
Sat Jan 24 14:55:46 CST 2026 - Weekend (day=6)
Sat Jan 24 15:00:46 CST 2026 - Weekend (day=6)
Sat Jan 24 15:05:46 CST 2026 - Weekend (day=6)
Sat Jan 24 15:10:46 CST 2026 - Weekend (day=6)
Sat Jan 24 15:15:46 CST 2026 - Weekend (day=6)
Sat Jan 24 15:20:46 CST 2026 - Weekend (day=6)
Sat Jan 24 15:25:46 CST 2026 - Weekend (day=6)
Sat Jan 24 15:30:46 CST 2026 - Weekend (day=6)
Sat Jan 24 15:35:46 CST 2026 - Weekend (day=6)
Sat Jan 24 15:40:46 CST 2026 - Weekend (day=6)
Sat Jan 24 15:45:46 CST 2026 - Weekend (day=6)
Sat Jan 24 15:50:46 CST 2026 - Weekend (day=6)
Sat Jan 24 15:55:46 CST 2026 - Weekend (day=6)
Sat Jan 24 16:00:46 CST 2026 - Weekend (day=6)
Sat Jan 24 16:05:46 CST 2026 - Weekend (day=6)
Sat Jan 24 16:10:47 CST 2026 - Weekend (day=6)
Sat Jan 24 16:15:47 CST 2026 - Weekend (day=6)
Sat Jan 24 16:20:47 CST 2026 - Weekend (day=6)
Sat Jan 24 16:25:47 CST 2026 - Weekend (day=6)
Sat Jan 24 16:30:47 CST 2026 - Weekend (day=6)
Sat Jan 24 16:35:47 CST 2026 - Weekend (day=6)
Sat Jan 24 16:40:47 CST 2026 - Weekend (day=6)
Sat Jan 24 16:45:47 CST 2026 - Weekend (day=6)
Sat Jan 24 16:50:47 CST 2026 - Weekend (day=6)
Sat Jan 24 16:55:47 CST 2026 - Weekend (day=6)
Sat Jan 24 17:00:47 CST 2026 - Weekend (day=6)
Sat Jan 24 17:05:47 CST 2026 - Weekend (day=6)
Sat Jan 24 17:10:47 CST 2026 - Weekend (day=6)
Sat Jan 24 17:15:47 CST 2026 - Weekend (day=6)
Sat Jan 24 17:20:47 CST 2026 - Weekend (day=6)
Sat Jan 24 17:25:47 CST 2026 - Weekend (day=6)
Sat Jan 24 17:30:47 CST 2026 - Weekend (day=6)
Sat Jan 24 17:35:47 CST 2026 - Weekend (day=6)
Sat Jan 24 17:40:48 CST 2026 - Weekend (day=6)
Sat Jan 24 17:45:48 CST 2026 - Weekend (day=6)
Sat Jan 24 17:50:48 CST 2026 - Weekend (day=6)
Sat Jan 24 17:55:48 CST 2026 - Weekend (day=6)
Sat Jan 24 18:00:48 CST 2026 - Weekend (day=6)
Sat Jan 24 18:05:48 CST 2026 - Weekend (day=6)
Sat Jan 24 18:10:48 CST 2026 - Weekend (day=6)
Sat Jan 24 18:15:48 CST 2026 - Weekend (day=6)
Sat Jan 24 18:20:48 CST 2026 - Weekend (day=6)
Sat Jan 24 18:25:48 CST 2026 - Weekend (day=6)
Sat Jan 24 18:30:48 CST 2026 - Weekend (day=6)
Sat Jan 24 18:35:48 CST 2026 - Weekend (day=6)
Sat Jan 24 18:40:48 CST 2026 - Weekend (day=6)
Sat Jan 24 18:45:48 CST 2026 - Weekend (day=6)
Sat Jan 24 18:50:48 CST 2026 - Weekend (day=6)
Sat Jan 24 18:55:48 CST 2026 - Weekend (day=6)
Sat Jan 24 19:00:48 CST 2026 - Weekend (day=6)
Sat Jan 24 19:05:48 CST 2026 - Weekend (day=6)
Sat Jan 24 19:10:48 CST 2026 - Weekend (day=6)
Sat Jan 24 19:15:48 CST 2026 - Weekend (day=6)
Sat Jan 24 19:20:48 CST 2026 - Weekend (day=6)
Sat Jan 24 19:25:48 CST 2026 - Weekend (day=6)
Sat Jan 24 19:30:48 CST 2026 - Weekend (day=6)
Sat Jan 24 19:35:48 CST 2026 - Weekend (day=6)
Sat Jan 24 19:40:48 CST 2026 - Weekend (day=6)
Sat Jan 24 19:50:09 CST 2026 - Weekend (day=6)
Sat Jan 24 20:02:44 CST 2026 - Weekend (day=6)
Sat Jan 24 20:53:48 CST 2026 - Weekend (day=6)
Sat Jan 24 21:10:16 CST 2026 - Weekend (day=6)
Sat Jan 24 21:15:16 CST 2026 - Weekend (day=6)
Sat Jan 24 21:20:16 CST 2026 - Weekend (day=6)
Sat Jan 24 21:33:18 CST 2026 - Weekend (day=6)
Sat Jan 24 22:20:48 CST 2026 - Weekend (day=6)
Sat Jan 24 22:41:16 CST 2026 - Weekend (day=6)
Sat Jan 24 22:46:16 CST 2026 - Weekend (day=6)
Sat Jan 24 23:45:12 CST 2026 - Weekend (day=7)
Sun Jan 25 00:38:27 CST 2026 - Weekend (day=7)
Sun Jan 25 01:15:27 CST 2026 - Weekend (day=7)
Sun Jan 25 02:03:52 CST 2026 - Weekend (day=7)
Sun Jan 25 02:08:52 CST 2026 - Weekend (day=7)
Sun Jan 25 02:13:52 CST 2026 - Weekend (day=7)
Sun Jan 25 02:18:52 CST 2026 - Weekend (day=7)
Sun Jan 25 02:23:52 CST 2026 - Weekend (day=7)
Sun Jan 25 02:28:52 CST 2026 - Weekend (day=7)
Sun Jan 25 02:33:52 CST 2026 - Weekend (day=7)
Sun Jan 25 02:38:52 CST 2026 - Weekend (day=7)
Sun Jan 25 02:43:52 CST 2026 - Weekend (day=7)
Sun Jan 25 02:48:52 CST 2026 - Weekend (day=7)
Sun Jan 25 02:53:52 CST 2026 - Weekend (day=7)
Sun Jan 25 02:58:52 CST 2026 - Weekend (day=7)
Sun Jan 25 03:03:52 CST 2026 - Weekend (day=7)
Sun Jan 25 03:08:52 CST 2026 - Weekend (day=7)
Sun Jan 25 03:13:52 CST 2026 - Weekend (day=7)
Sun Jan 25 03:18:52 CST 2026 - Weekend (day=7)
Sun Jan 25 03:23:52 CST 2026 - Weekend (day=7)
Sun Jan 25 03:28:52 CST 2026 - Weekend (day=7)
Sun Jan 25 03:33:52 CST 2026 - Weekend (day=7)
Sun Jan 25 03:38:52 CST 2026 - Weekend (day=7)
Sun Jan 25 03:43:52 CST 2026 - Weekend (day=7)
Sun Jan 25 03:48:52 CST 2026 - Weekend (day=7)
Sun Jan 25 03:53:53 CST 2026 - Weekend (day=7)
Sun Jan 25 03:58:53 CST 2026 - Weekend (day=7)
Sun Jan 25 04:03:53 CST 2026 - Weekend (day=7)
Sun Jan 25 04:23:52 CST 2026 - Weekend (day=7)
Sun Jan 25 05:03:11 CST 2026 - Weekend (day=7)
Sun Jan 25 06:10:21 CST 2026 - Weekend (day=7)
Sun Jan 25 06:31:14 CST 2026 - Weekend (day=7)
Sun Jan 25 06:36:14 CST 2026 - Weekend (day=7)
Sun Jan 25 07:59:33 CST 2026 - Weekend (day=7)
Sun Jan 25 09:00:47 CST 2026 - Weekend (day=7)
Sun Jan 25 09:25:50 CST 2026 - Weekend (day=7)
Sun Jan 25 10:01:24 CST 2026 - Weekend (day=7)
Sun Jan 25 10:06:24 CST 2026 - Weekend (day=7)
Sun Jan 25 10:31:27 CST 2026 - Weekend (day=7)
Sun Jan 25 10:52:39 CST 2026 - Weekend (day=7)
Sun Jan 25 10:57:39 CST 2026 - Weekend (day=7)
Sun Jan 25 11:31:47 CST 2026 - Weekend (day=7)
Sun Jan 25 11:36:47 CST 2026 - Weekend (day=7)
Sun Jan 25 11:41:47 CST 2026 - Weekend (day=7)
Sun Jan 25 11:46:47 CST 2026 - Weekend (day=7)
Sun Jan 25 11:51:47 CST 2026 - Weekend (day=7)
Sun Jan 25 11:56:47 CST 2026 - Weekend (day=7)
Sun Jan 25 12:01:47 CST 2026 - Weekend (day=7)
Sun Jan 25 12:06:47 CST 2026 - Weekend (day=7)
Sun Jan 25 12:11:47 CST 2026 - Weekend (day=7)
Sun Jan 25 12:16:47 CST 2026 - Weekend (day=7)
Sun Jan 25 12:21:47 CST 2026 - Weekend (day=7)
Sun Jan 25 12:26:47 CST 2026 - Weekend (day=7)
Sun Jan 25 12:31:47 CST 2026 - Weekend (day=7)
Sun Jan 25 13:13:04 CST 2026 - Weekend (day=7)
Sun Jan 25 13:24:44 CST 2026 - Weekend (day=7)
Sun Jan 25 13:29:44 CST 2026 - Weekend (day=7)
Sun Jan 25 13:34:44 CST 2026 - Weekend (day=7)
Sun Jan 25 13:39:44 CST 2026 - Weekend (day=7)
Sun Jan 25 13:44:44 CST 2026 - Weekend (day=7)
Sun Jan 25 13:49:44 CST 2026 - Weekend (day=7)
Sun Jan 25 13:54:44 CST 2026 - Weekend (day=7)
Sun Jan 25 13:59:44 CST 2026 - Weekend (day=7)
Sun Jan 25 14:04:44 CST 2026 - Weekend (day=7)
Sun Jan 25 14:09:44 CST 2026 - Weekend (day=7)
Sun Jan 25 14:14:44 CST 2026 - Weekend (day=7)
Sun Jan 25 14:19:44 CST 2026 - Weekend (day=7)
Sun Jan 25 15:13:15 CST 2026 - Weekend (day=7)
Sun Jan 25 15:21:03 CST 2026 - Weekend (day=7)
Sun Jan 25 15:26:03 CST 2026 - Weekend (day=7)
Sun Jan 25 15:46:07 CST 2026 - Weekend (day=7)
Sun Jan 25 15:51:07 CST 2026 - Weekend (day=7)
Sun Jan 25 15:56:07 CST 2026 - Weekend (day=7)
Sun Jan 25 16:01:07 CST 2026 - Weekend (day=7)
Sun Jan 25 16:09:11 CST 2026 - Weekend (day=7)
Sun Jan 25 16:22:14 CST 2026 - Weekend (day=7)
Sun Jan 25 16:27:14 CST 2026 - Weekend (day=7)
Sun Jan 25 16:32:14 CST 2026 - Weekend (day=7)
Sun Jan 25 16:37:14 CST 2026 - Weekend (day=7)
Sun Jan 25 16:42:14 CST 2026 - Weekend (day=7)
Sun Jan 25 16:47:14 CST 2026 - Weekend (day=7)
Sun Jan 25 16:52:14 CST 2026 - Weekend (day=7)
Sun Jan 25 16:57:15 CST 2026 - Weekend (day=7)
Sun Jan 25 17:02:15 CST 2026 - Weekend (day=7)
Sun Jan 25 17:07:15 CST 2026 - Weekend (day=7)
Sun Jan 25 17:12:15 CST 2026 - Weekend (day=7)
Sun Jan 25 17:17:15 CST 2026 - Weekend (day=7)
Sun Jan 25 17:22:15 CST 2026 - Weekend (day=7)
Sun Jan 25 17:27:15 CST 2026 - Weekend (day=7)
Sun Jan 25 17:32:15 CST 2026 - Weekend (day=7)
Sun Jan 25 17:37:15 CST 2026 - Weekend (day=7)
Sun Jan 25 17:42:15 CST 2026 - Weekend (day=7)
Sun Jan 25 17:47:15 CST 2026 - Weekend (day=7)
Sun Jan 25 17:52:15 CST 2026 - Weekend (day=7)
Sun Jan 25 17:57:15 CST 2026 - Weekend (day=7)
Sun Jan 25 18:15:01 CST 2026 - Weekend (day=7)
Sun Jan 25 18:38:06 CST 2026 - Weekend (day=7)
Sun Jan 25 18:43:50 CST 2026 - Weekend (day=7)
Sun Jan 25 18:48:50 CST 2026 - Weekend (day=7)
Sun Jan 25 18:53:50 CST 2026 - Weekend (day=7)
Sun Jan 25 18:58:50 CST 2026 - Weekend (day=7)
Sun Jan 25 19:03:50 CST 2026 - Weekend (day=7)
Sun Jan 25 19:08:50 CST 2026 - Weekend (day=7)
Sun Jan 25 19:13:50 CST 2026 - Weekend (day=7)
Sun Jan 25 19:18:50 CST 2026 - Weekend (day=7)
Sun Jan 25 19:23:50 CST 2026 - Weekend (day=7)
Sun Jan 25 19:28:50 CST 2026 - Weekend (day=7)
Sun Jan 25 19:33:50 CST 2026 - Weekend (day=7)
Sun Jan 25 19:38:50 CST 2026 - Weekend (day=7)
Sun Jan 25 19:43:51 CST 2026 - Weekend (day=7)
Sun Jan 25 20:25:54 CST 2026 - Weekend (day=7)
Sun Jan 25 20:59:52 CST 2026 - Weekend (day=7)
Sun Jan 25 21:04:52 CST 2026 - Weekend (day=7)
Sun Jan 25 21:09:52 CST 2026 - Weekend (day=7)
Sun Jan 25 21:14:52 CST 2026 - Weekend (day=7)
Sun Jan 25 21:19:52 CST 2026 - Weekend (day=7)
Sun Jan 25 21:24:52 CST 2026 - Weekend (day=7)
Sun Jan 25 21:29:52 CST 2026 - Weekend (day=7)
Sun Jan 25 21:34:52 CST 2026 - Weekend (day=7)
Sun Jan 25 22:09:14 CST 2026 - Weekend (day=7)
Sun Jan 25 22:51:16 CST 2026 - Weekend (day=7)
Mon Jan 26 00:23:28 CST 2026 - Market closed (hour=01)
Mon Jan 26 01:08:01 CST 2026 - Market closed (hour=02)
Mon Jan 26 01:21:45 CST 2026 - Market closed (hour=02)
Mon Jan 26 01:35:54 CST 2026 - Market closed (hour=02)
Mon Jan 26 02:14:22 CST 2026 - Market closed (hour=03)
Mon Jan 26 02:56:52 CST 2026 - Market closed (hour=03)
Mon Jan 26 05:15:39 CST 2026 - Market closed (hour=06)
Mon Jan 26 05:56:17 CST 2026 - Market closed (hour=06)
Mon Jan 26 06:12:16 CST 2026 - Market closed (hour=07)
Mon Jan 26 06:52:41 CST 2026 - Market closed (hour=07)
Mon Jan 26 07:11:12 CST 2026 - Market closed (hour=08)
Mon Jan 26 08:09:36 CST 2026 - Market not open yet (before 9:30 ET)
Mon Jan 26 08:14:49 CST 2026 - Market not open yet (before 9:30 ET)
Mon Jan 26 08:20:02 CST 2026 - Market not open yet (before 9:30 ET)
Mon Jan 26 08:31:37 CST 2026 - Running auto trader...
2026-01-26 08:31:40 | INFO | 🔄 Daily reset: 2026-01-23 → 2026-01-26
2026-01-26 08:31:40 | INFO | 🔄 Weekly reset: 2026-01-19 → 2026-01-26
2026-01-26 08:31:40 | INFO | 🔌 Circuit Breaker Status: tripped=False, daily_pnl=0.00%, trades_today=0
2026-01-26 08:31:40 | INFO | 📂 Loaded 8 trades from /Users/jakobmccleary/Desktop/Stock Predictor/.monitoring/performance_data.json
2026-01-26 08:31:40 | INFO | 📊 Performance Monitor: 8 historical trades loaded
2026-01-26 08:31:43 | INFO | 💰 Account: equity=$45,797.52, buying_power=$72,929.54, starting_capital=$50,000.00
2026-01-26 08:31:43 | INFO | 📋 Trade Log: 16 trades from /Users/jakobmccleary/Desktop/Stock Predictor/trade_log.json
2026-01-26 08:31:43 | INFO | 📊 Stats: 6 closed | Win Rate: 50.0% | Total P&L: $705.17
2026-01-26 08:31:43 | WARNING | 🚫 Max open positions reached (10/10). No new trades.
AEE260220C00105000: Spread stop-loss close failed (trying individual legs): {"code":42210000,"message":"qty must be \u003e 0"}
AEE260220C00105000: stop-loss close failed: {"code":40310000,"message":"account not eligible to trade uncovered option contracts"}
AEE260220C00110000: Spread stop-loss close failed (trying individual legs): {"code":42210000,"message":"qty must be \u003e 0"}
AEE260220C00110000: stop-loss close failed: {"code":40010001,"message":"qty must be \u003e 0"}
DUK260220C00120000: Spread stop-loss close failed (trying individual legs): {"code":42210000,"message":"qty must be \u003e 0"}
DUK260220C00120000: stop-loss close failed: {"code":40310000,"message":"account not eligible to trade uncovered option contracts"}
DUK260220C00125000: Spread stop-loss close failed (trying individual legs): {"code":42210000,"message":"qty must be \u003e 0"}
DUK260220C00125000: stop-loss close failed: {"code":40010001,"message":"qty must be \u003e 0"}
OKLO260130C00092000: Spread stop-loss close failed (trying individual legs): {"code":42210000,"message":"qty must be \u003e 0"}
OKLO260130C00092000: stop-loss close failed: {"code":40310000,"message":"account not eligible to trade uncovered option contracts"}
OKLO260130C00097000: Spread take-profit close failed (trying individual legs): {"code":42210000,"message":"qty must be \u003e 0"}
OKLO260130C00097000: take-profit close failed: {"code":40010001,"message":"qty must be \u003e 0"}
Mon Jan 26 08:43:43 CST 2026 - Running auto trader...
2026-01-26 08:43:44 | INFO | 🔌 Circuit Breaker Status: tripped=False, daily_pnl=0.00%, trades_today=0
2026-01-26 08:43:44 | INFO | 📂 Loaded 8 trades from /Users/jakobmccleary/Desktop/Stock Predictor/.monitoring/performance_data.json
2026-01-26 08:43:44 | INFO | 📊 Performance Monitor: 8 historical trades loaded
2026-01-26 08:43:44 | INFO | 💰 Account: equity=$45,821.52, buying_power=$72,811.54, starting_capital=$50,000.00
2026-01-26 08:43:44 | INFO | 📋 Trade Log: 16 trades from /Users/jakobmccleary/Desktop/Stock Predictor/trade_log.json
2026-01-26 08:43:44 | INFO | 📊 Stats: 6 closed | Win Rate: 50.0% | Total P&L: $705.17
2026-01-26 08:43:45 | WARNING | 🚫 Max open positions reached (10/10). No new trades.
AEE260220C00105000: Spread stop-loss close failed (trying individual legs): {"code":42210000,"message":"qty must be \u003e 0"}
AEE260220C00105000: stop-loss close failed: {"code":40310000,"message":"account not eligible to trade uncovered option contracts"}
AEE260220C00110000: Spread stop-loss close failed (trying individual legs): {"code":42210000,"message":"qty must be \u003e 0"}
AEE260220C00110000: stop-loss close failed: {"code":40010001,"message":"qty must be \u003e 0"}
DUK260220C00120000: Spread stop-loss close failed (trying individual legs): {"code":42210000,"message":"qty must be \u003e 0"}
DUK260220C00120000: stop-loss close failed: {"code":40310000,"message":"account not eligible to trade uncovered option contracts"}
DUK260220C00125000: Spread stop-loss close failed (trying individual legs): {"code":42210000,"message":"qty must be \u003e 0"}
DUK260220C00125000: stop-loss close failed: {"code":40010001,"message":"qty must be \u003e 0"}
OKLO260130C00092000: Spread stop-loss close failed (trying individual legs): {"code":42210000,"message":"qty must be \u003e 0"}
OKLO260130C00092000: stop-loss close failed: {"code":40310000,"message":"account not eligible to trade uncovered option contracts"}
OKLO260130C00097000: Spread take-profit close failed (trying individual legs): {"code":42210000,"message":"qty must be \u003e 0"}
OKLO260130C00097000: take-profit close failed: {"code":40010001,"message":"qty must be \u003e 0"}
Mon Jan 26 08:48:52 CST 2026 - Running auto trader...
2026-01-26 08:48:54 | INFO | 🔌 Circuit Breaker Status: tripped=False, daily_pnl=0.00%, trades_today=0
2026-01-26 08:48:54 | INFO | 📂 Loaded 8 trades from /Users/jakobmccleary/Desktop/Stock Predictor/.monitoring/performance_data.json
2026-01-26 08:48:54 | INFO | 📊 Performance Monitor: 8 historical trades loaded
2026-01-26 08:48:54 | WARNING | Could not fetch account info for sizing: HTTPSConnectionPool(host='paper-api.alpaca.markets', port=443): Max retries exceeded with url: /v2/account (Caused by NewConnectionError('<urllib3.connection.HTTPSConnection object at 0x10dffb290>: Failed to establish a new connection: [Errno 8] nodename nor servname provided, or not known'))
2026-01-26 08:48:54 | INFO | 📋 Trade Log: 16 trades from /Users/jakobmccleary/Desktop/Stock Predictor/trade_log.json
2026-01-26 08:48:54 | INFO | 📊 Stats: 6 closed | Win Rate: 50.0% | Total P&L: $705.17
Traceback (most recent call last):
  File "/opt/homebrew/Caskroom/miniforge/base/lib/python3.12/site-packages/urllib3/connection.py", line 174, in _new_conn
    conn = connection.create_connection(
           ^^^^^^^^^^^^^^^^^^^^^^^^^^^^^
  File "/opt/homebrew/Caskroom/miniforge/base/lib/python3.12/site-packages/urllib3/util/connection.py", line 72, in create_connection
    for res in socket.getaddrinfo(host, port, family, socket.SOCK_STREAM):
               ^^^^^^^^^^^^^^^^^^^^^^^^^^^^^^^^^^^^^^^^^^^^^^^^^^^^^^^^^^
  File "/opt/homebrew/Caskroom/miniforge/base/lib/python3.12/socket.py", line 978, in getaddrinfo
    for res in _socket.getaddrinfo(host, port, family, type, proto, flags):
               ^^^^^^^^^^^^^^^^^^^^^^^^^^^^^^^^^^^^^^^^^^^^^^^^^^^^^^^^^^^
socket.gaierror: [Errno 8] nodename nor servname provided, or not known

During handling of the above exception, another exception occurred:

Traceback (most recent call last):
  File "/opt/homebrew/Caskroom/miniforge/base/lib/python3.12/site-packages/urllib3/connectionpool.py", line 716, in urlopen
    httplib_response = self._make_request(
                       ^^^^^^^^^^^^^^^^^^^
  File "/opt/homebrew/Caskroom/miniforge/base/lib/python3.12/site-packages/urllib3/connectionpool.py", line 404, in _make_request
    self._validate_conn(conn)
  File "/opt/homebrew/Caskroom/miniforge/base/lib/python3.12/site-packages/urllib3/connectionpool.py", line 1061, in _validate_conn
    conn.connect()
  File "/opt/homebrew/Caskroom/miniforge/base/lib/python3.12/site-packages/urllib3/connection.py", line 363, in connect
    self.sock = conn = self._new_conn()
                       ^^^^^^^^^^^^^^^^
  File "/opt/homebrew/Caskroom/miniforge/base/lib/python3.12/site-packages/urllib3/connection.py", line 186, in _new_conn
    raise NewConnectionError(
urllib3.exceptions.NewConnectionError: <urllib3.connection.HTTPSConnection object at 0x10e1bcd10>: Failed to establish a new connection: [Errno 8] nodename nor servname provided, or not known

During handling of the above exception, another exception occurred:

Traceback (most recent call last):
  File "/opt/homebrew/Caskroom/miniforge/base/lib/python3.12/site-packages/requests/adapters.py", line 644, in send
    resp = conn.urlopen(
           ^^^^^^^^^^^^^
  File "/opt/homebrew/Caskroom/miniforge/base/lib/python3.12/site-packages/urllib3/connectionpool.py", line 802, in urlopen
    retries = retries.increment(
              ^^^^^^^^^^^^^^^^^^
  File "/opt/homebrew/Caskroom/miniforge/base/lib/python3.12/site-packages/urllib3/util/retry.py", line 594, in increment
    raise MaxRetryError(_pool, url, error or ResponseError(cause))
urllib3.exceptions.MaxRetryError: HTTPSConnectionPool(host='paper-api.alpaca.markets', port=443): Max retries exceeded with url: /v2/positions (Caused by NewConnectionError('<urllib3.connection.HTTPSConnection object at 0x10e1bcd10>: Failed to establish a new connection: [Errno 8] nodename nor servname provided, or not known'))

During handling of the above exception, another exception occurred:

Traceback (most recent call last):
  File "/Users/jakobmccleary/Desktop/Stock Predictor/auto_paper_trade.py", line 2284, in <module>
    main()
  File "/Users/jakobmccleary/Desktop/Stock Predictor/auto_paper_trade.py", line 1555, in main
    positions = trade_client.get_all_positions()
                ^^^^^^^^^^^^^^^^^^^^^^^^^^^^^^^^
  File "/opt/homebrew/Caskroom/miniforge/base/lib/python3.12/site-packages/alpaca/trading/client.py", line 244, in get_all_positions
    response = self.get("/positions")
               ^^^^^^^^^^^^^^^^^^^^^^
  File "/opt/homebrew/Caskroom/miniforge/base/lib/python3.12/site-packages/alpaca/common/rest.py", line 225, in get
    return self._request("GET", path, data, **kwargs)
           ^^^^^^^^^^^^^^^^^^^^^^^^^^^^^^^^^^^^^^^^^^
  File "/opt/homebrew/Caskroom/miniforge/base/lib/python3.12/site-packages/alpaca/common/rest.py", line 131, in _request
    return self._one_request(method, url, opts, retry)
           ^^^^^^^^^^^^^^^^^^^^^^^^^^^^^^^^^^^^^^^^^^^
  File "/opt/homebrew/Caskroom/miniforge/base/lib/python3.12/site-packages/alpaca/common/rest.py", line 195, in _one_request
    response = self._session.request(method, url, **opts)
               ^^^^^^^^^^^^^^^^^^^^^^^^^^^^^^^^^^^^^^^^^^
  File "/opt/homebrew/Caskroom/miniforge/base/lib/python3.12/site-packages/requests/sessions.py", line 589, in request
    resp = self.send(prep, **send_kwargs)
           ^^^^^^^^^^^^^^^^^^^^^^^^^^^^^^
  File "/opt/homebrew/Caskroom/miniforge/base/lib/python3.12/site-packages/requests/sessions.py", line 703, in send
    r = adapter.send(request, **kwargs)
        ^^^^^^^^^^^^^^^^^^^^^^^^^^^^^^^
  File "/opt/homebrew/Caskroom/miniforge/base/lib/python3.12/site-packages/requests/adapters.py", line 677, in send
    raise ConnectionError(e, request=request)
requests.exceptions.ConnectionError: HTTPSConnectionPool(host='paper-api.alpaca.markets', port=443): Max retries exceeded with url: /v2/positions (Caused by NewConnectionError('<urllib3.connection.HTTPSConnection object at 0x10e1bcd10>: Failed to establish a new connection: [Errno 8] nodename nor servname provided, or not known'))
Mon Jan 26 08:54:03 CST 2026 - Running auto trader...
2026-01-26 08:54:04 | INFO | 🔌 Circuit Breaker Status: tripped=False, daily_pnl=0.00%, trades_today=0
2026-01-26 08:54:04 | INFO | 📂 Loaded 8 trades from /Users/jakobmccleary/Desktop/Stock Predictor/.monitoring/performance_data.json
2026-01-26 08:54:04 | INFO | 📊 Performance Monitor: 8 historical trades loaded
2026-01-26 08:54:04 | INFO | 💰 Account: equity=$45,936.02, buying_power=$72,735.04, starting_capital=$50,000.00
2026-01-26 08:54:04 | INFO | 📋 Trade Log: 16 trades from /Users/jakobmccleary/Desktop/Stock Predictor/trade_log.json
2026-01-26 08:54:04 | INFO | 📊 Stats: 6 closed | Win Rate: 50.0% | Total P&L: $705.17
2026-01-26 08:54:05 | WARNING | 🚫 Max open positions reached (10/10). No new trades.
AEE260220C00105000: Spread stop-loss close failed (trying individual legs): {"code":42210000,"message":"qty must be \u003e 0"}
AEE260220C00105000: stop-loss close failed: {"code":40310000,"message":"account not eligible to trade uncovered option contracts"}
AEE260220C00110000: Spread stop-loss close failed (trying individual legs): {"code":42210000,"message":"qty must be \u003e 0"}
AEE260220C00110000: stop-loss close failed: {"code":40010001,"message":"qty must be \u003e 0"}
DUK260220C00125000: Spread stop-loss close failed (trying individual legs): {"code":42210000,"message":"qty must be \u003e 0"}
DUK260220C00125000: stop-loss close failed: {"code":40010001,"message":"qty must be \u003e 0"}
OKLO260130C00092000: Spread stop-loss close failed (trying individual legs): {"code":42210000,"message":"qty must be \u003e 0"}
OKLO260130C00092000: stop-loss close failed: {"code":40310000,"message":"account not eligible to trade uncovered option contracts"}
OKLO260130C00097000: Spread take-profit close failed (trying individual legs): {"code":42210000,"message":"qty must be \u003e 0"}
OKLO260130C00097000: take-profit close failed: {"code":40010001,"message":"qty must be \u003e 0"}
Mon Jan 26 10:12:19 CST 2026 - Running auto trader...
2026-01-26 10:12:20 | INFO | 🔌 Circuit Breaker Status: tripped=False, daily_pnl=0.00%, trades_today=0
2026-01-26 10:12:20 | INFO | 📂 Loaded 8 trades from /Users/jakobmccleary/Desktop/Stock Predictor/.monitoring/performance_data.json
2026-01-26 10:12:20 | INFO | 📊 Performance Monitor: 8 historical trades loaded
2026-01-26 10:12:20 | INFO | 💰 Account: equity=$45,652.02, buying_power=$72,575.04, starting_capital=$50,000.00
2026-01-26 10:12:20 | INFO | 📋 Trade Log: 16 trades from /Users/jakobmccleary/Desktop/Stock Predictor/trade_log.json
2026-01-26 10:12:20 | INFO | 📊 Stats: 6 closed | Win Rate: 50.0% | Total P&L: $705.17
2026-01-26 10:12:21 | WARNING | 🚫 Max open positions reached (10/10). No new trades.
AEE260220C00105000: Spread stop-loss close failed (trying individual legs): {"code":42210000,"message":"qty must be \u003e 0"}
AEE260220C00105000: stop-loss close failed: {"code":40310000,"message":"account not eligible to trade uncovered option contracts"}
AEE260220C00110000: Spread stop-loss close failed (trying individual legs): {"code":42210000,"message":"qty must be \u003e 0"}
AEE260220C00110000: stop-loss close failed: {"code":40010001,"message":"qty must be \u003e 0"}
DUK260220C00120000: Spread stop-loss close failed (trying individual legs): {"code":42210000,"message":"qty must be \u003e 0"}
DUK260220C00120000: stop-loss close failed: {"code":40310000,"message":"account not eligible to trade uncovered option contracts"}
DUK260220C00125000: Spread stop-loss close failed (trying individual legs): {"code":42210000,"message":"qty must be \u003e 0"}
DUK260220C00125000: stop-loss close failed: {"code":40010001,"message":"qty must be \u003e 0"}
OKLO260130C00092000: Spread stop-loss close failed (trying individual legs): {"code":42210000,"message":"qty must be \u003e 0"}
OKLO260130C00092000: stop-loss close failed: {"code":40310000,"message":"account not eligible to trade uncovered option contracts"}
OKLO260130C00097000: Spread take-profit close failed (trying individual legs): {"code":42210000,"message":"qty must be \u003e 0"}
OKLO260130C00097000: take-profit close failed: {"code":40010001,"message":"qty must be \u003e 0"}
Mon Jan 26 12:22:36 CST 2026 - Running auto trader...
2026-01-26 12:22:37 | INFO | 🔌 Circuit Breaker Status: tripped=False, daily_pnl=0.00%, trades_today=0
2026-01-26 12:22:37 | INFO | 📂 Loaded 8 trades from /Users/jakobmccleary/Desktop/Stock Predictor/.monitoring/performance_data.json
2026-01-26 12:22:37 | INFO | 📊 Performance Monitor: 8 historical trades loaded
2026-01-26 12:22:37 | INFO | 💰 Account: equity=$45,620.02, buying_power=$72,518.04, starting_capital=$50,000.00
2026-01-26 12:22:37 | INFO | 📋 Trade Log: 16 trades from /Users/jakobmccleary/Desktop/Stock Predictor/trade_log.json
2026-01-26 12:22:37 | INFO | 📊 Stats: 6 closed | Win Rate: 50.0% | Total P&L: $705.17
2026-01-26 12:22:38 | WARNING | 🚫 Max open positions reached (10/10). No new trades.
AEE260220C00105000: Spread stop-loss close failed (trying individual legs): {"code":42210000,"message":"qty must be \u003e 0"}
AEE260220C00105000: stop-loss close failed: {"code":40310000,"message":"account not eligible to trade uncovered option contracts"}
AEE260220C00110000: Spread stop-loss close failed (trying individual legs): {"code":42210000,"message":"qty must be \u003e 0"}
AEE260220C00110000: stop-loss close failed: {"code":40010001,"message":"qty must be \u003e 0"}
DUK260220C00120000: Spread stop-loss close failed (trying individual legs): {"code":42210000,"message":"qty must be \u003e 0"}
DUK260220C00120000: stop-loss close failed: {"code":40310000,"message":"account not eligible to trade uncovered option contracts"}
OKLO260130C00092000: Spread stop-loss close failed (trying individual legs): {"code":42210000,"message":"qty must be \u003e 0"}
OKLO260130C00092000: stop-loss close failed: {"code":40310000,"message":"account not eligible to trade uncovered option contracts"}
OKLO260130C00097000: Spread take-profit close failed (trying individual legs): {"code":42210000,"message":"qty must be \u003e 0"}
OKLO260130C00097000: take-profit close failed: {"code":40010001,"message":"qty must be \u003e 0"}
Mon Jan 26 13:57:06 CST 2026 - Running auto trader...
2026-01-26 13:57:08 | INFO | 🔌 Circuit Breaker Status: tripped=False, daily_pnl=0.00%, trades_today=0
2026-01-26 13:57:08 | INFO | 📂 Loaded 8 trades from /Users/jakobmccleary/Desktop/Stock Predictor/.monitoring/performance_data.json
2026-01-26 13:57:08 | INFO | 📊 Performance Monitor: 8 historical trades loaded
2026-01-26 13:57:09 | INFO | 💰 Account: equity=$45,726.02, buying_power=$72,531.04, starting_capital=$50,000.00
2026-01-26 13:57:09 | INFO | 📋 Trade Log: 16 trades from /Users/jakobmccleary/Desktop/Stock Predictor/trade_log.json
2026-01-26 13:57:09 | INFO | 📊 Stats: 6 closed | Win Rate: 50.0% | Total P&L: $705.17
2026-01-26 13:57:10 | WARNING | 🚫 Max open positions reached (10/10). No new trades.
AEE260220C00105000: Spread stop-loss close failed (trying individual legs): {"code":42210000,"message":"qty must be \u003e 0"}
AEE260220C00105000: stop-loss close failed: {"code":40310000,"message":"account not eligible to trade uncovered option contracts"}
AEE260220C00110000: Spread stop-loss close failed (trying individual legs): {"code":42210000,"message":"qty must be \u003e 0"}
AEE260220C00110000: stop-loss close failed: {"code":40010001,"message":"qty must be \u003e 0"}
OKLO260130C00092000: Spread stop-loss close failed (trying individual legs): {"code":42210000,"message":"qty must be \u003e 0"}
OKLO260130C00092000: stop-loss close failed: {"code":40310000,"message":"account not eligible to trade uncovered option contracts"}
OKLO260130C00097000: Spread take-profit close failed (trying individual legs): {"code":42210000,"message":"qty must be \u003e 0"}
OKLO260130C00097000: take-profit close failed: {"code":40010001,"message":"qty must be \u003e 0"}
Mon Jan 26 14:02:10 CST 2026 - Running auto trader...
2026-01-26 14:02:11 | INFO | 🔌 Circuit Breaker Status: tripped=False, daily_pnl=0.00%, trades_today=0
2026-01-26 14:02:11 | INFO | 📂 Loaded 8 trades from /Users/jakobmccleary/Desktop/Stock Predictor/.monitoring/performance_data.json
2026-01-26 14:02:11 | INFO | 📊 Performance Monitor: 8 historical trades loaded
2026-01-26 14:02:11 | INFO | 💰 Account: equity=$45,617.02, buying_power=$72,517.04, starting_capital=$50,000.00
2026-01-26 14:02:11 | INFO | 📋 Trade Log: 16 trades from /Users/jakobmccleary/Desktop/Stock Predictor/trade_log.json
2026-01-26 14:02:11 | INFO | 📊 Stats: 6 closed | Win Rate: 50.0% | Total P&L: $705.17
2026-01-26 14:02:12 | WARNING | 🚫 Max open positions reached (10/10). No new trades.
AEE260220C00105000: Spread stop-loss close failed (trying individual legs): {"code":42210000,"message":"qty must be \u003e 0"}
AEE260220C00105000: stop-loss close failed: {"code":40310000,"message":"account not eligible to trade uncovered option contracts"}
AEE260220C00110000: Spread stop-loss close failed (trying individual legs): {"code":42210000,"message":"qty must be \u003e 0"}
AEE260220C00110000: stop-loss close failed: {"code":40010001,"message":"qty must be \u003e 0"}
DUK260220C00120000: Spread stop-loss close failed (trying individual legs): {"code":42210000,"message":"qty must be \u003e 0"}
DUK260220C00120000: stop-loss close failed: {"code":40310000,"message":"account not eligible to trade uncovered option contracts"}
OKLO260130C00092000: Spread stop-loss close failed (trying individual legs): {"code":42210000,"message":"qty must be \u003e 0"}
OKLO260130C00092000: stop-loss close failed: {"code":40310000,"message":"account not eligible to trade uncovered option contracts"}
OKLO260130C00097000: Spread take-profit close failed (trying individual legs): {"code":42210000,"message":"qty must be \u003e 0"}
OKLO260130C00097000: take-profit close failed: {"code":40010001,"message":"qty must be \u003e 0"}
Mon Jan 26 14:07:12 CST 2026 - Running auto trader...
2026-01-26 14:07:13 | INFO | 🔌 Circuit Breaker Status: tripped=False, daily_pnl=0.00%, trades_today=0
2026-01-26 14:07:13 | INFO | 📂 Loaded 8 trades from /Users/jakobmccleary/Desktop/Stock Predictor/.monitoring/performance_data.json
2026-01-26 14:07:13 | INFO | 📊 Performance Monitor: 8 historical trades loaded
2026-01-26 14:07:14 | INFO | 💰 Account: equity=$45,622.02, buying_power=$72,536.04, starting_capital=$50,000.00
2026-01-26 14:07:14 | INFO | 📋 Trade Log: 16 trades from /Users/jakobmccleary/Desktop/Stock Predictor/trade_log.json
2026-01-26 14:07:14 | INFO | 📊 Stats: 6 closed | Win Rate: 50.0% | Total P&L: $705.17
2026-01-26 14:07:14 | WARNING | 🚫 Max open positions reached (10/10). No new trades.
AEE260220C00105000: Spread stop-loss close failed (trying individual legs): {"code":42210000,"message":"qty must be \u003e 0"}
AEE260220C00105000: stop-loss close failed: {"code":40310000,"message":"account not eligible to trade uncovered option contracts"}
AEE260220C00110000: Spread stop-loss close failed (trying individual legs): {"code":42210000,"message":"qty must be \u003e 0"}
AEE260220C00110000: stop-loss close failed: {"code":40010001,"message":"qty must be \u003e 0"}
DUK260220C00120000: Spread stop-loss close failed (trying individual legs): {"code":42210000,"message":"qty must be \u003e 0"}
DUK260220C00120000: stop-loss close failed: {"code":40310000,"message":"account not eligible to trade uncovered option contracts"}
OKLO260130C00092000: Spread stop-loss close failed (trying individual legs): {"code":42210000,"message":"qty must be \u003e 0"}
OKLO260130C00092000: stop-loss close failed: {"code":40310000,"message":"account not eligible to trade uncovered option contracts"}
OKLO260130C00097000: Spread take-profit close failed (trying individual legs): {"code":42210000,"message":"qty must be \u003e 0"}
OKLO260130C00097000: take-profit close failed: {"code":40010001,"message":"qty must be \u003e 0"}
Mon Jan 26 14:12:15 CST 2026 - Running auto trader...
2026-01-26 14:12:16 | INFO | 🔌 Circuit Breaker Status: tripped=False, daily_pnl=0.00%, trades_today=0
2026-01-26 14:12:16 | INFO | 📂 Loaded 8 trades from /Users/jakobmccleary/Desktop/Stock Predictor/.monitoring/performance_data.json
2026-01-26 14:12:16 | INFO | 📊 Performance Monitor: 8 historical trades loaded
2026-01-26 14:12:16 | INFO | 💰 Account: equity=$45,699.02, buying_power=$72,559.04, starting_capital=$50,000.00
2026-01-26 14:12:16 | INFO | 📋 Trade Log: 16 trades from /Users/jakobmccleary/Desktop/Stock Predictor/trade_log.json
2026-01-26 14:12:16 | INFO | 📊 Stats: 6 closed | Win Rate: 50.0% | Total P&L: $705.17
2026-01-26 14:12:17 | WARNING | 🚫 Max open positions reached (10/10). No new trades.
AEE260220C00105000: Spread stop-loss close failed (trying individual legs): {"code":42210000,"message":"qty must be \u003e 0"}
AEE260220C00105000: stop-loss close failed: {"code":40310000,"message":"account not eligible to trade uncovered option contracts"}
AEE260220C00110000: Spread stop-loss close failed (trying individual legs): {"code":42210000,"message":"qty must be \u003e 0"}
AEE260220C00110000: stop-loss close failed: {"code":40010001,"message":"qty must be \u003e 0"}
DUK260220C00120000: Spread stop-loss close failed (trying individual legs): {"code":42210000,"message":"qty must be \u003e 0"}
DUK260220C00120000: stop-loss close failed: {"code":40310000,"message":"account not eligible to trade uncovered option contracts"}
OKLO260130C00092000: Spread stop-loss close failed (trying individual legs): {"code":42210000,"message":"qty must be \u003e 0"}
OKLO260130C00092000: stop-loss close failed: {"code":40310000,"message":"account not eligible to trade uncovered option contracts"}
OKLO260130C00097000: Spread take-profit close failed (trying individual legs): {"code":42210000,"message":"qty must be \u003e 0"}
OKLO260130C00097000: take-profit close failed: {"code":40010001,"message":"qty must be \u003e 0"}
Mon Jan 26 14:17:17 CST 2026 - Running auto trader...
2026-01-26 14:17:19 | INFO | 🔌 Circuit Breaker Status: tripped=False, daily_pnl=0.00%, trades_today=0
2026-01-26 14:17:19 | INFO | 📂 Loaded 8 trades from /Users/jakobmccleary/Desktop/Stock Predictor/.monitoring/performance_data.json
2026-01-26 14:17:19 | INFO | 📊 Performance Monitor: 8 historical trades loaded
2026-01-26 14:17:19 | INFO | 💰 Account: equity=$45,679.52, buying_power=$72,570.54, starting_capital=$50,000.00
2026-01-26 14:17:19 | INFO | 📋 Trade Log: 16 trades from /Users/jakobmccleary/Desktop/Stock Predictor/trade_log.json
2026-01-26 14:17:19 | INFO | 📊 Stats: 6 closed | Win Rate: 50.0% | Total P&L: $705.17
2026-01-26 14:17:19 | WARNING | 🚫 Max open positions reached (10/10). No new trades.
AEE260220C00105000: Spread stop-loss close failed (trying individual legs): {"code":42210000,"message":"qty must be \u003e 0"}
AEE260220C00105000: stop-loss close failed: {"code":40310000,"message":"account not eligible to trade uncovered option contracts"}
AEE260220C00110000: Spread stop-loss close failed (trying individual legs): {"code":42210000,"message":"qty must be \u003e 0"}
AEE260220C00110000: stop-loss close failed: {"code":40010001,"message":"qty must be \u003e 0"}
DUK260220C00120000: Spread stop-loss close failed (trying individual legs): {"code":42210000,"message":"qty must be \u003e 0"}
DUK260220C00120000: stop-loss close failed: {"code":40310000,"message":"account not eligible to trade uncovered option contracts"}
OKLO260130C00092000: Spread stop-loss close failed (trying individual legs): {"code":42210000,"message":"qty must be \u003e 0"}
OKLO260130C00092000: stop-loss close failed: {"code":40310000,"message":"account not eligible to trade uncovered option contracts"}
OKLO260130C00097000: Spread take-profit close failed (trying individual legs): {"code":42210000,"message":"qty must be \u003e 0"}
OKLO260130C00097000: take-profit close failed: {"code":40010001,"message":"qty must be \u003e 0"}
Mon Jan 26 14:22:20 CST 2026 - Running auto trader...
2026-01-26 14:22:21 | INFO | 🔌 Circuit Breaker Status: tripped=False, daily_pnl=0.00%, trades_today=0
2026-01-26 14:22:21 | INFO | 📂 Loaded 8 trades from /Users/jakobmccleary/Desktop/Stock Predictor/.monitoring/performance_data.json
2026-01-26 14:22:21 | INFO | 📊 Performance Monitor: 8 historical trades loaded
2026-01-26 14:22:21 | INFO | 💰 Account: equity=$45,736.52, buying_power=$72,550.54, starting_capital=$50,000.00
2026-01-26 14:22:21 | INFO | 📋 Trade Log: 16 trades from /Users/jakobmccleary/Desktop/Stock Predictor/trade_log.json
2026-01-26 14:22:21 | INFO | 📊 Stats: 6 closed | Win Rate: 50.0% | Total P&L: $705.17
2026-01-26 14:22:22 | WARNING | 🚫 Max open positions reached (10/10). No new trades.
AEE260220C00105000: Spread stop-loss close failed (trying individual legs): {"code":42210000,"message":"qty must be \u003e 0"}
AEE260220C00105000: stop-loss close failed: {"code":40310000,"message":"account not eligible to trade uncovered option contracts"}
AEE260220C00110000: Spread stop-loss close failed (trying individual legs): {"code":42210000,"message":"qty must be \u003e 0"}
AEE260220C00110000: stop-loss close failed: {"code":40010001,"message":"qty must be \u003e 0"}
OKLO260130C00092000: Spread stop-loss close failed (trying individual legs): {"code":42210000,"message":"qty must be \u003e 0"}
OKLO260130C00092000: stop-loss close failed: {"code":40310000,"message":"account not eligible to trade uncovered option contracts"}
OKLO260130C00097000: Spread take-profit close failed (trying individual legs): {"code":42210000,"message":"qty must be \u003e 0"}
OKLO260130C00097000: take-profit close failed: {"code":40010001,"message":"qty must be \u003e 0"}
Mon Jan 26 14:27:23 CST 2026 - Running auto trader...
2026-01-26 14:27:24 | INFO | 🔌 Circuit Breaker Status: tripped=False, daily_pnl=0.00%, trades_today=0
2026-01-26 14:27:24 | INFO | 📂 Loaded 8 trades from /Users/jakobmccleary/Desktop/Stock Predictor/.monitoring/performance_data.json
2026-01-26 14:27:24 | INFO | 📊 Performance Monitor: 8 historical trades loaded
2026-01-26 14:27:24 | INFO | 💰 Account: equity=$45,675.52, buying_power=$72,539.54, starting_capital=$50,000.00
2026-01-26 14:27:24 | INFO | 📋 Trade Log: 16 trades from /Users/jakobmccleary/Desktop/Stock Predictor/trade_log.json
2026-01-26 14:27:24 | INFO | 📊 Stats: 6 closed | Win Rate: 50.0% | Total P&L: $705.17
2026-01-26 14:27:25 | WARNING | 🚫 Max open positions reached (10/10). No new trades.
AEE260220C00105000: Spread stop-loss close failed (trying individual legs): {"code":42210000,"message":"qty must be \u003e 0"}
AEE260220C00105000: stop-loss close failed: {"code":40310000,"message":"account not eligible to trade uncovered option contracts"}
AEE260220C00110000: Spread stop-loss close failed (trying individual legs): {"code":42210000,"message":"qty must be \u003e 0"}
AEE260220C00110000: stop-loss close failed: {"code":40010001,"message":"qty must be \u003e 0"}
DUK260220C00120000: Spread stop-loss close failed (trying individual legs): {"code":42210000,"message":"qty must be \u003e 0"}
DUK260220C00120000: stop-loss close failed: {"code":40310000,"message":"account not eligible to trade uncovered option contracts"}
OKLO260130C00092000: Spread stop-loss close failed (trying individual legs): {"code":42210000,"message":"qty must be \u003e 0"}
OKLO260130C00092000: stop-loss close failed: {"code":40310000,"message":"account not eligible to trade uncovered option contracts"}
OKLO260130C00097000: Spread take-profit close failed (trying individual legs): {"code":42210000,"message":"qty must be \u003e 0"}
OKLO260130C00097000: take-profit close failed: {"code":40010001,"message":"qty must be \u003e 0"}
Mon Jan 26 14:32:25 CST 2026 - Running auto trader...
2026-01-26 14:32:27 | INFO | 🔌 Circuit Breaker Status: tripped=False, daily_pnl=0.00%, trades_today=0
2026-01-26 14:32:27 | INFO | 📂 Loaded 8 trades from /Users/jakobmccleary/Desktop/Stock Predictor/.monitoring/performance_data.json
2026-01-26 14:32:27 | INFO | 📊 Performance Monitor: 8 historical trades loaded
2026-01-26 14:32:27 | INFO | 💰 Account: equity=$45,687.02, buying_power=$72,536.04, starting_capital=$50,000.00
2026-01-26 14:32:27 | INFO | 📋 Trade Log: 16 trades from /Users/jakobmccleary/Desktop/Stock Predictor/trade_log.json
2026-01-26 14:32:27 | INFO | 📊 Stats: 6 closed | Win Rate: 50.0% | Total P&L: $705.17
2026-01-26 14:32:27 | WARNING | 🚫 Max open positions reached (10/10). No new trades.
AEE260220C00105000: Spread stop-loss close failed (trying individual legs): {"code":42210000,"message":"qty must be \u003e 0"}
AEE260220C00105000: stop-loss close failed: {"code":40310000,"message":"account not eligible to trade uncovered option contracts"}
AEE260220C00110000: Spread stop-loss close failed (trying individual legs): {"code":42210000,"message":"qty must be \u003e 0"}
AEE260220C00110000: stop-loss close failed: {"code":40010001,"message":"qty must be \u003e 0"}
DUK260220C00120000: Spread stop-loss close failed (trying individual legs): {"code":42210000,"message":"qty must be \u003e 0"}
DUK260220C00120000: stop-loss close failed: {"code":40310000,"message":"account not eligible to trade uncovered option contracts"}
OKLO260130C00092000: Spread stop-loss close failed (trying individual legs): {"code":42210000,"message":"qty must be \u003e 0"}
OKLO260130C00092000: stop-loss close failed: {"code":40310000,"message":"account not eligible to trade uncovered option contracts"}
OKLO260130C00097000: Spread take-profit close failed (trying individual legs): {"code":42210000,"message":"qty must be \u003e 0"}
OKLO260130C00097000: take-profit close failed: {"code":40010001,"message":"qty must be \u003e 0"}
Mon Jan 26 14:37:28 CST 2026 - Running auto trader...
2026-01-26 14:37:29 | INFO | 🔌 Circuit Breaker Status: tripped=False, daily_pnl=0.00%, trades_today=0
2026-01-26 14:37:29 | INFO | 📂 Loaded 8 trades from /Users/jakobmccleary/Desktop/Stock Predictor/.monitoring/performance_data.json
2026-01-26 14:37:29 | INFO | 📊 Performance Monitor: 8 historical trades loaded
2026-01-26 14:37:29 | INFO | 💰 Account: equity=$45,696.02, buying_power=$72,525.04, starting_capital=$50,000.00
2026-01-26 14:37:29 | INFO | 📋 Trade Log: 16 trades from /Users/jakobmccleary/Desktop/Stock Predictor/trade_log.json
2026-01-26 14:37:29 | INFO | 📊 Stats: 6 closed | Win Rate: 50.0% | Total P&L: $705.17
2026-01-26 14:37:30 | WARNING | 🚫 Max open positions reached (10/10). No new trades.
AEE260220C00105000: Spread stop-loss close failed (trying individual legs): {"code":42210000,"message":"qty must be \u003e 0"}
AEE260220C00105000: stop-loss close failed: {"code":40310000,"message":"account not eligible to trade uncovered option contracts"}
AEE260220C00110000: Spread stop-loss close failed (trying individual legs): {"code":42210000,"message":"qty must be \u003e 0"}
AEE260220C00110000: stop-loss close failed: {"code":40010001,"message":"qty must be \u003e 0"}
OKLO260130C00092000: Spread stop-loss close failed (trying individual legs): {"code":42210000,"message":"qty must be \u003e 0"}
OKLO260130C00092000: stop-loss close failed: {"code":40310000,"message":"account not eligible to trade uncovered option contracts"}
OKLO260130C00097000: Spread take-profit close failed (trying individual legs): {"code":42210000,"message":"qty must be \u003e 0"}
OKLO260130C00097000: take-profit close failed: {"code":40010001,"message":"qty must be \u003e 0"}
Mon Jan 26 14:42:30 CST 2026 - Running auto trader...
2026-01-26 14:42:32 | INFO | 🔌 Circuit Breaker Status: tripped=False, daily_pnl=0.00%, trades_today=0
2026-01-26 14:42:32 | INFO | 📂 Loaded 8 trades from /Users/jakobmccleary/Desktop/Stock Predictor/.monitoring/performance_data.json
2026-01-26 14:42:32 | INFO | 📊 Performance Monitor: 8 historical trades loaded
2026-01-26 14:42:32 | INFO | 💰 Account: equity=$45,666.02, buying_power=$72,522.04, starting_capital=$50,000.00
2026-01-26 14:42:32 | INFO | 📋 Trade Log: 16 trades from /Users/jakobmccleary/Desktop/Stock Predictor/trade_log.json
2026-01-26 14:42:32 | INFO | 📊 Stats: 6 closed | Win Rate: 50.0% | Total P&L: $705.17
2026-01-26 14:42:32 | WARNING | 🚫 Max open positions reached (10/10). No new trades.
AEE260220C00105000: Spread stop-loss close failed (trying individual legs): {"code":42210000,"message":"qty must be \u003e 0"}
AEE260220C00105000: stop-loss close failed: {"code":40310000,"message":"account not eligible to trade uncovered option contracts"}
AEE260220C00110000: Spread stop-loss close failed (trying individual legs): {"code":42210000,"message":"qty must be \u003e 0"}
AEE260220C00110000: stop-loss close failed: {"code":40010001,"message":"qty must be \u003e 0"}
OKLO260130C00092000: Spread stop-loss close failed (trying individual legs): {"code":42210000,"message":"qty must be \u003e 0"}
OKLO260130C00092000: stop-loss close failed: {"code":40310000,"message":"account not eligible to trade uncovered option contracts"}
OKLO260130C00097000: Spread take-profit close failed (trying individual legs): {"code":42210000,"message":"qty must be \u003e 0"}
OKLO260130C00097000: take-profit close failed: {"code":40010001,"message":"qty must be \u003e 0"}
Mon Jan 26 14:47:33 CST 2026 - Running auto trader...
2026-01-26 14:47:34 | INFO | 🔌 Circuit Breaker Status: tripped=False, daily_pnl=0.00%, trades_today=0
2026-01-26 14:47:34 | INFO | 📂 Loaded 8 trades from /Users/jakobmccleary/Desktop/Stock Predictor/.monitoring/performance_data.json
2026-01-26 14:47:34 | INFO | 📊 Performance Monitor: 8 historical trades loaded
2026-01-26 14:47:34 | INFO | 💰 Account: equity=$45,704.02, buying_power=$72,529.04, starting_capital=$50,000.00
2026-01-26 14:47:34 | INFO | 📋 Trade Log: 16 trades from /Users/jakobmccleary/Desktop/Stock Predictor/trade_log.json
2026-01-26 14:47:34 | INFO | 📊 Stats: 6 closed | Win Rate: 50.0% | Total P&L: $705.17
2026-01-26 14:47:35 | WARNING | 🚫 Max open positions reached (10/10). No new trades.
AEE260220C00105000: Spread stop-loss close failed (trying individual legs): {"code":42210000,"message":"qty must be \u003e 0"}
AEE260220C00105000: stop-loss close failed: {"code":40310000,"message":"account not eligible to trade uncovered option contracts"}
AEE260220C00110000: Spread stop-loss close failed (trying individual legs): {"code":42210000,"message":"qty must be \u003e 0"}
AEE260220C00110000: stop-loss close failed: {"code":40010001,"message":"qty must be \u003e 0"}
DUK260220C00120000: Spread stop-loss close failed (trying individual legs): {"code":42210000,"message":"qty must be \u003e 0"}
DUK260220C00120000: stop-loss close failed: {"code":40310000,"message":"account not eligible to trade uncovered option contracts"}
OKLO260130C00092000: Spread stop-loss close failed (trying individual legs): {"code":42210000,"message":"qty must be \u003e 0"}
OKLO260130C00092000: stop-loss close failed: {"code":40310000,"message":"account not eligible to trade uncovered option contracts"}
OKLO260130C00097000: Spread take-profit close failed (trying individual legs): {"code":42210000,"message":"qty must be \u003e 0"}
OKLO260130C00097000: take-profit close failed: {"code":40010001,"message":"qty must be \u003e 0"}
Mon Jan 26 14:52:35 CST 2026 - Running auto trader...
2026-01-26 14:52:36 | INFO | 🔌 Circuit Breaker Status: tripped=False, daily_pnl=0.00%, trades_today=0
2026-01-26 14:52:36 | INFO | 📂 Loaded 8 trades from /Users/jakobmccleary/Desktop/Stock Predictor/.monitoring/performance_data.json
2026-01-26 14:52:36 | INFO | 📊 Performance Monitor: 8 historical trades loaded
2026-01-26 14:52:37 | INFO | 💰 Account: equity=$45,240.02, buying_power=$72,537.04, starting_capital=$50,000.00
2026-01-26 14:52:37 | INFO | 📋 Trade Log: 16 trades from /Users/jakobmccleary/Desktop/Stock Predictor/trade_log.json
2026-01-26 14:52:37 | INFO | 📊 Stats: 6 closed | Win Rate: 50.0% | Total P&L: $705.17
2026-01-26 14:52:37 | WARNING | 🚫 Max open positions reached (10/10). No new trades.
AEE260220C00105000: Spread stop-loss close failed (trying individual legs): {"code":42210000,"message":"qty must be \u003e 0"}
AEE260220C00105000: stop-loss close failed: {"code":40310000,"message":"account not eligible to trade uncovered option contracts"}
AEE260220C00110000: Spread stop-loss close failed (trying individual legs): {"code":42210000,"message":"qty must be \u003e 0"}
AEE260220C00110000: stop-loss close failed: {"code":40010001,"message":"qty must be \u003e 0"}
DUK260220C00120000: Spread stop-loss close failed (trying individual legs): {"code":42210000,"message":"qty must be \u003e 0"}
DUK260220C00120000: stop-loss close failed: {"code":40310000,"message":"account not eligible to trade uncovered option contracts"}
OKLO260130C00092000: Spread stop-loss close failed (trying individual legs): {"code":42210000,"message":"qty must be \u003e 0"}
OKLO260130C00092000: stop-loss close failed: {"code":40310000,"message":"account not eligible to trade uncovered option contracts"}
OKLO260130C00097000: Spread take-profit close failed (trying individual legs): {"code":42210000,"message":"qty must be \u003e 0"}
OKLO260130C00097000: take-profit close failed: {"code":40010001,"message":"qty must be \u003e 0"}
Mon Jan 26 14:57:37 CST 2026 - Running auto trader...
2026-01-26 14:57:39 | INFO | 🔌 Circuit Breaker Status: tripped=False, daily_pnl=0.00%, trades_today=0
2026-01-26 14:57:39 | INFO | 📂 Loaded 8 trades from /Users/jakobmccleary/Desktop/Stock Predictor/.monitoring/performance_data.json
2026-01-26 14:57:39 | INFO | 📊 Performance Monitor: 8 historical trades loaded
2026-01-26 14:57:39 | INFO | 💰 Account: equity=$45,234.52, buying_power=$72,508.54, starting_capital=$50,000.00
2026-01-26 14:57:39 | INFO | 📋 Trade Log: 16 trades from /Users/jakobmccleary/Desktop/Stock Predictor/trade_log.json
2026-01-26 14:57:39 | INFO | 📊 Stats: 6 closed | Win Rate: 50.0% | Total P&L: $705.17
2026-01-26 14:57:40 | WARNING | 🚫 Max open positions reached (10/10). No new trades.
AEE260220C00105000: Spread stop-loss close failed (trying individual legs): {"code":42210000,"message":"qty must be \u003e 0"}
AEE260220C00105000: stop-loss close failed: {"code":40310000,"message":"account not eligible to trade uncovered option contracts"}
AEE260220C00110000: Spread stop-loss close failed (trying individual legs): {"code":42210000,"message":"qty must be \u003e 0"}
AEE260220C00110000: stop-loss close failed: {"code":40010001,"message":"qty must be \u003e 0"}
DUK260220C00120000: Spread stop-loss close failed (trying individual legs): {"code":42210000,"message":"qty must be \u003e 0"}
DUK260220C00120000: stop-loss close failed: {"code":40310000,"message":"account not eligible to trade uncovered option contracts"}
OKLO260130C00092000: Spread stop-loss close failed (trying individual legs): {"code":42210000,"message":"qty must be \u003e 0"}
OKLO260130C00092000: stop-loss close failed: {"code":40310000,"message":"account not eligible to trade uncovered option contracts"}
OKLO260130C00097000: Spread take-profit close failed (trying individual legs): {"code":42210000,"message":"qty must be \u003e 0"}
OKLO260130C00097000: take-profit close failed: {"code":40010001,"message":"qty must be \u003e 0"}
Mon Jan 26 15:02:40 CST 2026 - Market closed (hour=16)
Mon Jan 26 15:07:40 CST 2026 - Market closed (hour=16)
Mon Jan 26 15:12:40 CST 2026 - Market closed (hour=16)
Mon Jan 26 15:17:40 CST 2026 - Market closed (hour=16)
Mon Jan 26 15:22:40 CST 2026 - Market closed (hour=16)
Mon Jan 26 15:50:30 CST 2026 - Market closed (hour=16)
Mon Jan 26 15:55:30 CST 2026 - Market closed (hour=16)
Mon Jan 26 16:00:30 CST 2026 - Market closed (hour=17)
Mon Jan 26 16:46:06 CST 2026 - Market closed (hour=17)
Mon Jan 26 17:35:20 CST 2026 - Market closed (hour=18)
Mon Jan 26 17:40:20 CST 2026 - Market closed (hour=18)
Mon Jan 26 17:45:20 CST 2026 - Market closed (hour=18)
Mon Jan 26 17:50:20 CST 2026 - Market closed (hour=18)
Mon Jan 26 17:55:20 CST 2026 - Market closed (hour=18)
Mon Jan 26 18:00:20 CST 2026 - Market closed (hour=19)
Mon Jan 26 18:23:42 CST 2026 - Market closed (hour=19)
Mon Jan 26 19:14:56 CST 2026 - Market closed (hour=20)
Mon Jan 26 19:40:34 CST 2026 - Market closed (hour=20)
Mon Jan 26 19:45:35 CST 2026 - Market closed (hour=20)
Mon Jan 26 19:50:35 CST 2026 - Market closed (hour=20)
Mon Jan 26 19:55:35 CST 2026 - Market closed (hour=20)
Mon Jan 26 20:00:35 CST 2026 - Market closed (hour=21)
Mon Jan 26 20:05:35 CST 2026 - Market closed (hour=21)
Mon Jan 26 20:10:35 CST 2026 - Market closed (hour=21)
Mon Jan 26 20:15:35 CST 2026 - Market closed (hour=21)
Mon Jan 26 20:20:35 CST 2026 - Market closed (hour=21)
Mon Jan 26 20:25:35 CST 2026 - Market closed (hour=21)
Mon Jan 26 20:30:35 CST 2026 - Market closed (hour=21)
Mon Jan 26 20:35:35 CST 2026 - Market closed (hour=21)
Mon Jan 26 20:40:35 CST 2026 - Market closed (hour=21)
Mon Jan 26 20:45:36 CST 2026 - Market closed (hour=21)
Mon Jan 26 20:50:36 CST 2026 - Market closed (hour=21)
Mon Jan 26 20:55:36 CST 2026 - Market closed (hour=21)
Mon Jan 26 21:00:36 CST 2026 - Market closed (hour=22)
Mon Jan 26 21:05:36 CST 2026 - Market closed (hour=22)
Mon Jan 26 21:10:36 CST 2026 - Market closed (hour=22)
Mon Jan 26 21:15:36 CST 2026 - Market closed (hour=22)
Mon Jan 26 21:20:36 CST 2026 - Market closed (hour=22)
Mon Jan 26 21:25:36 CST 2026 - Market closed (hour=22)
Mon Jan 26 21:30:36 CST 2026 - Market closed (hour=22)
Mon Jan 26 21:35:36 CST 2026 - Market closed (hour=22)
Mon Jan 26 21:40:36 CST 2026 - Market closed (hour=22)
Mon Jan 26 21:45:36 CST 2026 - Market closed (hour=22)
Mon Jan 26 21:50:36 CST 2026 - Market closed (hour=22)
Mon Jan 26 21:55:36 CST 2026 - Market closed (hour=22)
Mon Jan 26 22:00:36 CST 2026 - Market closed (hour=23)
Mon Jan 26 22:05:36 CST 2026 - Market closed (hour=23)
Mon Jan 26 22:10:36 CST 2026 - Market closed (hour=23)
Mon Jan 26 22:15:36 CST 2026 - Market closed (hour=23)
Mon Jan 26 22:20:36 CST 2026 - Market closed (hour=23)
Mon Jan 26 22:25:36 CST 2026 - Market closed (hour=23)
Mon Jan 26 22:30:36 CST 2026 - Market closed (hour=23)
Mon Jan 26 22:35:37 CST 2026 - Market closed (hour=23)
Mon Jan 26 22:40:37 CST 2026 - Market closed (hour=23)
Mon Jan 26 22:45:37 CST 2026 - Market closed (hour=23)
Mon Jan 26 22:50:37 CST 2026 - Market closed (hour=23)
Mon Jan 26 22:55:37 CST 2026 - Market closed (hour=23)
Mon Jan 26 23:00:37 CST 2026 - Market closed (hour=00)
Mon Jan 26 23:05:37 CST 2026 - Market closed (hour=00)
Mon Jan 26 23:10:37 CST 2026 - Market closed (hour=00)
Mon Jan 26 23:15:37 CST 2026 - Market closed (hour=00)
Tue Jan 27 05:10:13 CST 2026 - Market closed (hour=06)
Tue Jan 27 08:51:12 CST 2026 - Running auto trader...
Fatal Python error: init_sys_streams: can't initialize sys standard streams
Python runtime state: core initialized
OSError: [Errno 9] Bad file descriptor

Current thread 0x00000001fbd09f00 (most recent call first):
  <no Python frame>
Tue Jan 27 08:56:12 CST 2026 - Running auto trader...
Fatal Python error: init_sys_streams: can't initialize sys standard streams
Python runtime state: core initialized
OSError: [Errno 9] Bad file descriptor

Current thread 0x00000001fbd09f00 (most recent call first):
  <no Python frame>
Tue Jan 27 09:01:13 CST 2026 - Running auto trader...
Fatal Python error: init_sys_streams: can't initialize sys standard streams
Python runtime state: core initialized
OSError: [Errno 9] Bad file descriptor

Current thread 0x00000001fbd09f00 (most recent call first):
  <no Python frame>
Tue Jan 27 09:06:13 CST 2026 - Running auto trader...
Fatal Python error: init_sys_streams: can't initialize sys standard streams
Python runtime state: core initialized
OSError: [Errno 9] Bad file descriptor

Current thread 0x00000001fbd09f00 (most recent call first):
  <no Python frame>
Tue Jan 27 09:11:13 CST 2026 - Running auto trader...
Fatal Python error: init_sys_streams: can't initialize sys standard streams
Python runtime state: core initialized
OSError: [Errno 9] Bad file descriptor

Current thread 0x00000001fbd09f00 (most recent call first):
  <no Python frame>
Tue Jan 27 09:16:13 CST 2026 - Running auto trader...
Fatal Python error: init_sys_streams: can't initialize sys standard streams
Python runtime state: core initialized
OSError: [Errno 9] Bad file descriptor

Current thread 0x00000001fbd09f00 (most recent call first):
  <no Python frame>
Tue Jan 27 09:21:13 CST 2026 - Running auto trader...
Fatal Python error: init_sys_streams: can't initialize sys standard streams
Python runtime state: core initialized
OSError: [Errno 9] Bad file descriptor

Current thread 0x00000001fbd09f00 (most recent call first):
  <no Python frame>
Tue Jan 27 09:26:13 CST 2026 - Running auto trader...
Fatal Python error: init_sys_streams: can't initialize sys standard streams
Python runtime state: core initialized
OSError: [Errno 9] Bad file descriptor

Current thread 0x00000001fbd09f00 (most recent call first):
  <no Python frame>
Tue Jan 27 09:31:14 CST 2026 - Running auto trader...
Fatal Python error: init_sys_streams: can't initialize sys standard streams
Python runtime state: core initialized
OSError: [Errno 9] Bad file descriptor

Current thread 0x00000001fbd09f00 (most recent call first):
  <no Python frame>
Tue Jan 27 09:36:14 CST 2026 - Running auto trader...
Fatal Python error: init_sys_streams: can't initialize sys standard streams
Python runtime state: core initialized
OSError: [Errno 9] Bad file descriptor

Current thread 0x00000001fbd09f00 (most recent call first):
  <no Python frame>
Tue Jan 27 09:41:14 CST 2026 - Running auto trader...
Fatal Python error: init_sys_streams: can't initialize sys standard streams
Python runtime state: core initialized
OSError: [Errno 9] Bad file descriptor

Current thread 0x00000001fbd09f00 (most recent call first):
  <no Python frame>
Tue Jan 27 09:46:14 CST 2026 - Running auto trader...
Fatal Python error: init_sys_streams: can't initialize sys standard streams
Python runtime state: core initialized
OSError: [Errno 9] Bad file descriptor

Current thread 0x00000001fbd09f00 (most recent call first):
  <no Python frame>
Tue Jan 27 09:51:14 CST 2026 - Running auto trader...
Fatal Python error: init_sys_streams: can't initialize sys standard streams
Python runtime state: core initialized
OSError: [Errno 9] Bad file descriptor

Current thread 0x00000001fbd09f00 (most recent call first):
  <no Python frame>
Tue Jan 27 09:56:14 CST 2026 - Running auto trader...
Fatal Python error: init_sys_streams: can't initialize sys standard streams
Python runtime state: core initialized
OSError: [Errno 9] Bad file descriptor

Current thread 0x00000001fbd09f00 (most recent call first):
  <no Python frame>
Tue Jan 27 10:01:15 CST 2026 - Running auto trader...
Fatal Python error: init_sys_streams: can't initialize sys standard streams
Python runtime state: core initialized
OSError: [Errno 9] Bad file descriptor

Current thread 0x00000001fbd09f00 (most recent call first):
  <no Python frame>
Tue Jan 27 10:06:15 CST 2026 - Running auto trader...
Fatal Python error: init_sys_streams: can't initialize sys standard streams
Python runtime state: core initialized
OSError: [Errno 9] Bad file descriptor

Current thread 0x00000001fbd09f00 (most recent call first):
  <no Python frame>
Tue Jan 27 10:11:15 CST 2026 - Running auto trader...
Fatal Python error: init_sys_streams: can't initialize sys standard streams
Python runtime state: core initialized
OSError: [Errno 9] Bad file descriptor

Current thread 0x00000001fbd09f00 (most recent call first):
  <no Python frame>
Tue Jan 27 10:16:15 CST 2026 - Running auto trader...
Fatal Python error: init_sys_streams: can't initialize sys standard streams
Python runtime state: core initialized
OSError: [Errno 9] Bad file descriptor

Current thread 0x00000001fbd09f00 (most recent call first):
  <no Python frame>
Tue Jan 27 10:21:15 CST 2026 - Running auto trader...
Fatal Python error: init_sys_streams: can't initialize sys standard streams
Python runtime state: core initialized
OSError: [Errno 9] Bad file descriptor

Current thread 0x00000001fbd09f00 (most recent call first):
  <no Python frame>
Tue Jan 27 10:26:15 CST 2026 - Running auto trader...
Fatal Python error: init_sys_streams: can't initialize sys standard streams
Python runtime state: core initialized
OSError: [Errno 9] Bad file descriptor

Current thread 0x00000001fbd09f00 (most recent call first):
  <no Python frame>
Tue Jan 27 10:31:15 CST 2026 - Running auto trader...
Fatal Python error: init_sys_streams: can't initialize sys standard streams
Python runtime state: core initialized
OSError: [Errno 9] Bad file descriptor

Current thread 0x00000001fbd09f00 (most recent call first):
  <no Python frame>
Tue Jan 27 10:36:16 CST 2026 - Running auto trader...
Fatal Python error: init_sys_streams: can't initialize sys standard streams
Python runtime state: core initialized
OSError: [Errno 9] Bad file descriptor

Current thread 0x00000001fbd09f00 (most recent call first):
  <no Python frame>
Tue Jan 27 10:41:16 CST 2026 - Running auto trader...
Fatal Python error: init_sys_streams: can't initialize sys standard streams
Python runtime state: core initialized
OSError: [Errno 9] Bad file descriptor

Current thread 0x00000001fbd09f00 (most recent call first):
  <no Python frame>
Tue Jan 27 10:46:16 CST 2026 - Running auto trader...
Fatal Python error: init_sys_streams: can't initialize sys standard streams
Python runtime state: core initialized
OSError: [Errno 9] Bad file descriptor

Current thread 0x00000001fbd09f00 (most recent call first):
  <no Python frame>
Tue Jan 27 10:51:16 CST 2026 - Running auto trader...
Fatal Python error: init_sys_streams: can't initialize sys standard streams
Python runtime state: core initialized
OSError: [Errno 9] Bad file descriptor

Current thread 0x00000001fbd09f00 (most recent call first):
  <no Python frame>
Tue Jan 27 11:05:20 CST 2026 - Running auto trader...
Fatal Python error: init_sys_streams: can't initialize sys standard streams
Python runtime state: core initialized
OSError: [Errno 9] Bad file descriptor

Current thread 0x00000001fbd09f00 (most recent call first):
  <no Python frame>
Tue Jan 27 11:13:24 CST 2026 - Running auto trader...
Fatal Python error: init_sys_streams: can't initialize sys standard streams
Python runtime state: core initialized
OSError: [Errno 9] Bad file descriptor

Current thread 0x00000001fbd09f00 (most recent call first):
  <no Python frame>
Tue Jan 27 11:18:55 CST 2026 - Running auto trader...
Fatal Python error: init_sys_streams: can't initialize sys standard streams
Python runtime state: core initialized
OSError: [Errno 9] Bad file descriptor

Current thread 0x00000001fbd09f00 (most recent call first):
  <no Python frame>
Tue Jan 27 12:52:12 CST 2026 - Running auto trader...
Fatal Python error: init_sys_streams: can't initialize sys standard streams
Python runtime state: core initialized
OSError: [Errno 9] Bad file descriptor

Current thread 0x00000001fbd09f00 (most recent call first):
  <no Python frame>
Tue Jan 27 12:57:12 CST 2026 - Running auto trader...
Fatal Python error: init_sys_streams: can't initialize sys standard streams
Python runtime state: core initialized
OSError: [Errno 9] Bad file descriptor

Current thread 0x00000001fbd09f00 (most recent call first):
  <no Python frame>
Tue Jan 27 13:02:12 CST 2026 - Running auto trader...
Fatal Python error: init_sys_streams: can't initialize sys standard streams
Python runtime state: core initialized
OSError: [Errno 9] Bad file descriptor

Current thread 0x00000001fbd09f00 (most recent call first):
  <no Python frame>
Tue Jan 27 13:07:12 CST 2026 - Running auto trader...
Fatal Python error: init_sys_streams: can't initialize sys standard streams
Python runtime state: core initialized
OSError: [Errno 9] Bad file descriptor

Current thread 0x00000001fbd09f00 (most recent call first):
  <no Python frame>
Tue Jan 27 13:12:12 CST 2026 - Running auto trader...
Fatal Python error: init_sys_streams: can't initialize sys standard streams
Python runtime state: core initialized
OSError: [Errno 9] Bad file descriptor

Current thread 0x00000001fbd09f00 (most recent call first):
  <no Python frame>
Tue Jan 27 13:17:12 CST 2026 - Running auto trader...
Fatal Python error: init_sys_streams: can't initialize sys standard streams
Python runtime state: core initialized
OSError: [Errno 9] Bad file descriptor

Current thread 0x00000001fbd09f00 (most recent call first):
  <no Python frame>
Tue Jan 27 13:22:12 CST 2026 - Running auto trader...
Fatal Python error: init_sys_streams: can't initialize sys standard streams
Python runtime state: core initialized
OSError: [Errno 9] Bad file descriptor

Current thread 0x00000001fbd09f00 (most recent call first):
  <no Python frame>
Tue Jan 27 13:27:12 CST 2026 - Running auto trader...
Fatal Python error: init_sys_streams: can't initialize sys standard streams
Python runtime state: core initialized
OSError: [Errno 9] Bad file descriptor

Current thread 0x00000001fbd09f00 (most recent call first):
  <no Python frame>
Tue Jan 27 13:32:12 CST 2026 - Running auto trader...
Fatal Python error: init_sys_streams: can't initialize sys standard streams
Python runtime state: core initialized
OSError: [Errno 9] Bad file descriptor

Current thread 0x00000001fbd09f00 (most recent call first):
  <no Python frame>
Tue Jan 27 13:37:12 CST 2026 - Running auto trader...
Fatal Python error: init_sys_streams: can't initialize sys standard streams
Python runtime state: core initialized
OSError: [Errno 9] Bad file descriptor

Current thread 0x00000001fbd09f00 (most recent call first):
  <no Python frame>
Tue Jan 27 13:42:12 CST 2026 - Running auto trader...
Fatal Python error: init_sys_streams: can't initialize sys standard streams
Python runtime state: core initialized
OSError: [Errno 9] Bad file descriptor

Current thread 0x00000001fbd09f00 (most recent call first):
  <no Python frame>
Tue Jan 27 13:47:12 CST 2026 - Running auto trader...
Fatal Python error: init_sys_streams: can't initialize sys standard streams
Python runtime state: core initialized
OSError: [Errno 9] Bad file descriptor

Current thread 0x00000001fbd09f00 (most recent call first):
  <no Python frame>
Tue Jan 27 13:52:12 CST 2026 - Running auto trader...
Fatal Python error: init_sys_streams: can't initialize sys standard streams
Python runtime state: core initialized
OSError: [Errno 9] Bad file descriptor

Current thread 0x00000001fbd09f00 (most recent call first):
  <no Python frame>
Tue Jan 27 13:57:13 CST 2026 - Running auto trader...
Fatal Python error: init_sys_streams: can't initialize sys standard streams
Python runtime state: core initialized
OSError: [Errno 9] Bad file descriptor

Current thread 0x00000001fbd09f00 (most recent call first):
  <no Python frame>
Tue Jan 27 14:02:13 CST 2026 - Running auto trader...
Fatal Python error: init_sys_streams: can't initialize sys standard streams
Python runtime state: core initialized
OSError: [Errno 9] Bad file descriptor

Current thread 0x00000001fbd09f00 (most recent call first):
  <no Python frame>
Tue Jan 27 14:07:57 CST 2026 - Running auto trader...
Fatal Python error: init_sys_streams: can't initialize sys standard streams
Python runtime state: core initialized
OSError: [Errno 9] Bad file descriptor

Current thread 0x00000001fbd09f00 (most recent call first):
  <no Python frame>
Tue Jan 27 14:41:38 CST 2026 - Running auto trader...
Fatal Python error: init_sys_streams: can't initialize sys standard streams
Python runtime state: core initialized
OSError: [Errno 9] Bad file descriptor

Current thread 0x00000001fbd09f00 (most recent call first):
  <no Python frame>
Tue Jan 27 15:01:25 CST 2026 - Market closed (hour=16)
Tue Jan 27 15:40:27 CST 2026 - Market closed (hour=16)
Tue Jan 27 16:53:33 CST 2026 - Market closed (hour=17)
Tue Jan 27 17:39:34 CST 2026 - Market closed (hour=18)
Tue Jan 27 18:08:41 CST 2026 - Market closed (hour=19)
Tue Jan 27 20:28:25 CST 2026 - Market closed (hour=21)
Tue Jan 27 20:33:25 CST 2026 - Market closed (hour=21)
Tue Jan 27 20:38:25 CST 2026 - Market closed (hour=21)
Tue Jan 27 20:43:25 CST 2026 - Market closed (hour=21)
Tue Jan 27 20:48:26 CST 2026 - Market closed (hour=21)
Tue Jan 27 20:53:26 CST 2026 - Market closed (hour=21)
Tue Jan 27 20:58:26 CST 2026 - Market closed (hour=21)
Tue Jan 27 21:03:26 CST 2026 - Market closed (hour=22)
Tue Jan 27 21:08:26 CST 2026 - Market closed (hour=22)
Tue Jan 27 21:13:26 CST 2026 - Market closed (hour=22)
Tue Jan 27 21:18:26 CST 2026 - Market closed (hour=22)
Tue Jan 27 21:23:26 CST 2026 - Market closed (hour=22)
Tue Jan 27 21:28:26 CST 2026 - Market closed (hour=22)
Tue Jan 27 21:33:26 CST 2026 - Market closed (hour=22)
Tue Jan 27 21:39:51 CST 2026 - Market closed (hour=22)
Tue Jan 27 21:45:22 CST 2026 - Market closed (hour=22)
